[logsAndroid_Samsung INFO ] 2023-12-20 12:13:16.554 BaseTest:271 - log path: logs\Android_Samsung
[logsAndroid_Samsung INFO ] 2023-12-20 12:13:16.563 BaseTest:277 - load config.properties
[logsAndroid_Samsung INFO ] 2023-12-20 12:13:29.020 BaseTest:315 - driver initialized: AndroidDriver:  on ANDROID (eb6ef1d8-090e-4ed6-b975-4b55920da995)
[logsAndroid_Samsung INFO ] 2023-12-20 12:13:29.829 StartVisit3And4StepsTest:39 - 
****** starting test:IDA4_2646_verifyUserAbleToEnterDataInTextBox******

[logsAndroid_Samsung INFO ] 2023-12-20 12:14:21.424 StartVisit3And4StepsTest:69 - Handling app permissions and completing app setup
[logsAndroid_Samsung INFO ] 2023-12-20 12:16:38.093 StartVisit3And4StepsTest:79 - Registering a patient with provided details
[logsAndroid_Samsung INFO ] 2023-12-20 12:16:51.160 StartVisit3And4StepsTest:90 - Entering patient vitals details
[logsAndroid_Samsung INFO ] 2023-12-20 12:16:51.834 StartVisit3And4StepsTest:93 - Clicking on the 'Next' button after entering the first set of vitals
[logsAndroid_Samsung INFO ] 2023-12-20 12:16:53.023 StartVisit3And4StepsTest:97 - Clicking on the 'Confirm' button to confirm the entered vitals
[logsAndroid_Samsung INFO ] 2023-12-20 12:17:02.566 StartVisit3And4StepsTest:101 - Scrolling to the HyperTension section on the page
[logsAndroid_Samsung INFO ] 2023-12-20 12:17:07.418 StartVisit3And4StepsTest:105 - Selecting and confirming the visit reason as Hypertension
[logsAndroid_Samsung INFO ] 2023-12-20 12:17:36.410 StartVisit3And4StepsTest:109 - Handling the Hypertension-related visit questions
[logsAndroid_Samsung INFO ] 2023-12-20 12:17:39.477 StartVisit3And4StepsTest:112 - Verifying that the 'Associated Symptoms' title is displayed on the page
[logsAndroid_Samsung INFO ] 2023-12-20 12:17:40.084 StartVisit3And4StepsTest:116 - Selecting 'No' for the first associated symptom
[logsAndroid_Samsung INFO ] 2023-12-20 12:17:42.996 StartVisit3And4StepsTest:120 - Clicking on the main 'Submit' button for associated symptoms
[logsAndroid_Samsung INFO ] 2023-12-20 12:17:44.151 StartVisit3And4StepsTest:125 - Clicking on the 'Confirm' button on the visit reason summary screen
[logsAndroid_Samsung INFO ] 2023-12-20 12:17:45.405 StartVisit3And4StepsTest:129 - Clicking on the 'Okay' button to proceed
[logsAndroid_Samsung INFO ] 2023-12-20 12:17:46.528 BaseTest:353 - One of Six Questions is displayed
[logsAndroid_Samsung INFO ] 2023-12-20 12:17:46.761 BaseTest:373 - Clicked on Yes option for One of Six Questions
[logsAndroid_Samsung INFO ] 2023-12-20 12:17:49.017 BaseTest:353 - Two of Six Questions is displayed
[logsAndroid_Samsung INFO ] 2023-12-20 12:17:49.338 BaseTest:373 - Clicked on Normal option for Two of Six Questions
[logsAndroid_Samsung INFO ] 2023-12-20 12:17:51.381 BaseTest:353 - Three of Six Questions is displayed
[logsAndroid_Samsung INFO ] 2023-12-20 12:17:51.694 BaseTest:373 - Clicked on Normal option for Three of Six Questions
[logsAndroid_Samsung INFO ] 2023-12-20 12:17:53.965 BaseTest:353 - Four of Six Questions is displayed
[logsAndroid_Samsung INFO ] 2023-12-20 12:17:54.361 BaseTest:373 - Clicked on Nails are Normal option for Four of Six Questions
[logsAndroid_Samsung INFO ] 2023-12-20 12:17:56.659 BaseTest:353 - Five of Six Questions is displayed
[logsAndroid_Samsung INFO ] 2023-12-20 12:17:56.976 BaseTest:373 - Clicked on Nails are Normal option for Five of Six Questions
[logsAndroid_Samsung INFO ] 2023-12-20 12:17:59.288 BaseTest:353 - Six of Six Questions is displayed
[logsAndroid_Samsung INFO ] 2023-12-20 12:17:59.580 BaseTest:373 - Clicked on No Oedema option for Six of Six Questions
[logsAndroid_Samsung INFO ] 2023-12-20 12:18:02.640 BaseTest:353 - Physical Examination Summary Header is displayed
[logsAndroid_Samsung INFO ] 2023-12-20 12:18:03.088 BaseTest:373 - Clicked on Confirm Button
[logsAndroid_Samsung INFO ] 2023-12-20 12:18:05.708 BaseTest:353 - Medical history question 1 is displayed
[logsAndroid_Samsung INFO ] 2023-12-20 12:18:05.906 BaseTest:353 - Pregnancy status question is displayed
[logsAndroid_Samsung INFO ] 2023-12-20 12:18:06.152 BaseTest:373 - Clicked on 'No' for pregnancy status
[logsAndroid_Samsung INFO ] 2023-12-20 12:18:07.940 BaseTest:353 - Medical history question 2 is displayed
[logsAndroid_Samsung INFO ] 2023-12-20 12:18:08.188 BaseTest:353 - Allergy question is displayed
[logsAndroid_Samsung INFO ] 2023-12-20 12:18:08.424 BaseTest:373 - Clicked on 'No Known Allergies'
[logsAndroid_Samsung ERROR] 2023-12-20 12:23:10.851 TestListener:33 - org.openqa.selenium.TimeoutException: Expected condition failed: waiting for visibility of Located by By.chained({By.xpath: //android.widget.TextView[@text='3 of 6 questions']}) (tried for 300 second(s) with 500 milliseconds interval)
	at org.openqa.selenium.support.ui.WebDriverWait.timeoutException(WebDriverWait.java:84)
	at org.openqa.selenium.support.ui.FluentWait.until(FluentWait.java:230)
	at com.intelehealth.base.BaseTest.waitForVisibility(BaseTest.java:335)
	at com.intelehealth.base.BaseTest.isDisplayed(BaseTest.java:352)
	at com.intelehealth.pages.StartVisit3And4StepsPage.answerMedicalHistoryQuestions(StartVisit3And4StepsPage.java:754)
	at com.intelehealth.tests.StartVisit3And4StepsTest.IDA4_2646_verifyUserAbleToEnterDataInTextBox(StartVisit3And4StepsTest.java:299)
	at java.base/jdk.internal.reflect.NativeMethodAccessorImpl.invoke0(Native Method)
	at java.base/jdk.internal.reflect.NativeMethodAccessorImpl.invoke(NativeMethodAccessorImpl.java:77)
	at java.base/jdk.internal.reflect.DelegatingMethodAccessorImpl.invoke(DelegatingMethodAccessorImpl.java:43)
	at java.base/java.lang.reflect.Method.invoke(Method.java:568)
	at org.testng.internal.invokers.MethodInvocationHelper.invokeMethod(MethodInvocationHelper.java:139)
	at org.testng.internal.invokers.TestInvoker.invokeMethod(TestInvoker.java:664)
	at org.testng.internal.invokers.TestInvoker.invokeTestMethod(TestInvoker.java:227)
	at org.testng.internal.invokers.MethodRunner.runInSequence(MethodRunner.java:50)
	at org.testng.internal.invokers.TestInvoker$MethodInvocationAgent.invoke(TestInvoker.java:957)
	at org.testng.internal.invokers.TestInvoker.invokeTestMethods(TestInvoker.java:200)
	at org.testng.internal.invokers.TestMethodWorker.invokeTestMethods(TestMethodWorker.java:148)
	at org.testng.internal.invokers.TestMethodWorker.run(TestMethodWorker.java:128)
	at java.base/java.util.ArrayList.forEach(ArrayList.java:1511)
	at org.testng.TestRunner.privateRun(TestRunner.java:848)
	at org.testng.TestRunner.run(TestRunner.java:621)
	at org.testng.SuiteRunner.runTest(SuiteRunner.java:443)
	at org.testng.SuiteRunner$SuiteWorker.run(SuiteRunner.java:481)
	at org.testng.internal.thread.ThreadUtil.lambda$execute$0(ThreadUtil.java:58)
	at java.base/java.util.concurrent.FutureTask.run(FutureTask.java:264)
	at java.base/java.util.concurrent.ThreadPoolExecutor.runWorker(ThreadPoolExecutor.java:1136)
	at java.base/java.util.concurrent.ThreadPoolExecutor$Worker.run(ThreadPoolExecutor.java:635)
	at java.base/java.lang.Thread.run(Thread.java:833)
Caused by: org.openqa.selenium.NoSuchElementException: Can't locate an element by this strategy: By.chained({By.xpath: //android.widget.TextView[@text='3 of 6 questions']})
	at io.appium.java_client.pagefactory.AppiumElementLocator.findElement(AppiumElementLocator.java:166)
	at io.appium.java_client.pagefactory.interceptors.InterceptorOfASingleElement.call(InterceptorOfASingleElement.java:64)
	at io.appium.java_client.proxy.Interceptor.intercept(Interceptor.java:78)
	at org.openqa.selenium.remote.RemoteWebElement$ByteBuddy$kHslym2I.isDisplayed(Unknown Source)
	at org.openqa.selenium.support.ui.ExpectedConditions.elementIfVisible(ExpectedConditions.java:304)
	at org.openqa.selenium.support.ui.ExpectedConditions.access$000(ExpectedConditions.java:37)
	at org.openqa.selenium.support.ui.ExpectedConditions$10.apply(ExpectedConditions.java:290)
	at org.openqa.selenium.support.ui.ExpectedConditions$10.apply(ExpectedConditions.java:287)
	at org.openqa.selenium.support.ui.FluentWait.until(FluentWait.java:205)
	... 26 more
Caused by: org.openqa.selenium.TimeoutException: Expected condition failed: waiting for io.appium.java_client.pagefactory.AppiumElementLocator$WaitingFunction@4d253bf2 (tried for 1 second(s) with 500 milliseconds interval)
	at org.openqa.selenium.support.ui.FluentWait.timeoutException(FluentWait.java:262)
	at org.openqa.selenium.support.ui.FluentWait.until(FluentWait.java:230)
	at io.appium.java_client.pagefactory.AppiumElementLocator.waitFor(AppiumElementLocator.java:135)
	at io.appium.java_client.pagefactory.AppiumElementLocator.findElement(AppiumElementLocator.java:160)
	... 34 more
Caused by: org.openqa.selenium.NoSuchElementException: Cannot locate an element using By.chained({By.xpath: //android.widget.TextView[@text='3 of 6 questions']})
For documentation on this error, please visit: https://www.selenium.dev/documentation/webdriver/troubleshooting/errors#no-such-element-exception
Build info: version: '4.13.0', revision: 'ba948ece5b*'
System info: os.name: 'Windows 10', os.arch: 'amd64', os.version: '10.0', java.version: '17.0.8.1'
Driver info: driver.version: RemoteWebDriver
	at io.appium.java_client.pagefactory.bys.builder.ByChained.findElement(ByChained.java:77)
	at org.openqa.selenium.remote.ElementLocation$ElementFinder$1.findElement(ElementLocation.java:139)
	at org.openqa.selenium.remote.ElementLocation.findElement(ElementLocation.java:59)
	at org.openqa.selenium.remote.RemoteWebDriver.findElement(RemoteWebDriver.java:359)
	at org.openqa.selenium.remote.RemoteWebDriver.findElement(RemoteWebDriver.java:353)
	at io.appium.java_client.pagefactory.bys.ContentMappedBy.findElement(ContentMappedBy.java:53)
	at org.openqa.selenium.remote.ElementLocation$ElementFinder$1.findElement(ElementLocation.java:139)
	at org.openqa.selenium.remote.ElementLocation.findElement(ElementLocation.java:59)
	at org.openqa.selenium.remote.RemoteWebDriver.findElement(RemoteWebDriver.java:359)
	at org.openqa.selenium.remote.RemoteWebDriver.findElement(RemoteWebDriver.java:353)
	at io.appium.java_client.pagefactory.AppiumElementLocator.lambda$findElement$1(AppiumElementLocator.java:160)
	at io.appium.java_client.pagefactory.AppiumElementLocator$WaitingFunction.apply(AppiumElementLocator.java:217)
	at io.appium.java_client.pagefactory.AppiumElementLocator$WaitingFunction.apply(AppiumElementLocator.java:210)
	at org.openqa.selenium.support.ui.FluentWait.until(FluentWait.java:205)
	... 36 more

[logsAndroid_Samsung INFO ] 2023-12-20 12:23:19.036 BaseTest:161 - video path: videos\Android_Samsung\2023-12-20-12-13-16\StartVisit3And4StepsTest\IDA4_2646_verifyUserAbleToEnterDataInTextBox.mp4
[logsAndroid_Samsung INFO ] 2023-12-20 12:23:20.195 StartVisit3And4StepsTest:39 - 
****** starting test:IDA4_2648_verifyConfirmButtonFunctionality******

[logsAndroid_Samsung INFO ] 2023-12-20 12:24:15.971 StartVisit3And4StepsTest:69 - Handling app permissions and completing app setup
[logsAndroid_Samsung INFO ] 2023-12-20 12:27:03.714 StartVisit3And4StepsTest:79 - Registering a patient with provided details
[logsAndroid_Samsung INFO ] 2023-12-20 12:27:19.459 StartVisit3And4StepsTest:90 - Entering patient vitals details
[logsAndroid_Samsung INFO ] 2023-12-20 12:27:20.190 StartVisit3And4StepsTest:93 - Clicking on the 'Next' button after entering the first set of vitals
[logsAndroid_Samsung INFO ] 2023-12-20 12:27:21.591 StartVisit3And4StepsTest:97 - Clicking on the 'Confirm' button to confirm the entered vitals
[logsAndroid_Samsung INFO ] 2023-12-20 12:27:32.455 StartVisit3And4StepsTest:101 - Scrolling to the HyperTension section on the page
[logsAndroid_Samsung INFO ] 2023-12-20 12:27:37.015 StartVisit3And4StepsTest:105 - Selecting and confirming the visit reason as Hypertension
[logsAndroid_Samsung INFO ] 2023-12-20 12:28:10.745 StartVisit3And4StepsTest:109 - Handling the Hypertension-related visit questions
[logsAndroid_Samsung INFO ] 2023-12-20 12:28:11.291 StartVisit3And4StepsTest:112 - Verifying that the 'Associated Symptoms' title is displayed on the page
[logsAndroid_Samsung INFO ] 2023-12-20 12:28:11.858 StartVisit3And4StepsTest:116 - Selecting 'No' for the first associated symptom
[logsAndroid_Samsung INFO ] 2023-12-20 12:28:15.008 StartVisit3And4StepsTest:120 - Clicking on the main 'Submit' button for associated symptoms
[logsAndroid_Samsung INFO ] 2023-12-20 12:28:16.168 StartVisit3And4StepsTest:125 - Clicking on the 'Confirm' button on the visit reason summary screen
[logsAndroid_Samsung INFO ] 2023-12-20 12:28:17.477 StartVisit3And4StepsTest:129 - Clicking on the 'Okay' button to proceed
[logsAndroid_Samsung INFO ] 2023-12-20 12:28:18.170 BaseTest:353 - One of Six Questions is displayed
[logsAndroid_Samsung INFO ] 2023-12-20 12:28:18.452 BaseTest:373 - Clicked on Yes option for One of Six Questions
[logsAndroid_Samsung INFO ] 2023-12-20 12:28:20.826 BaseTest:353 - Two of Six Questions is displayed
[logsAndroid_Samsung INFO ] 2023-12-20 12:28:21.133 BaseTest:373 - Clicked on Normal option for Two of Six Questions
[logsAndroid_Samsung INFO ] 2023-12-20 12:28:23.376 BaseTest:353 - Three of Six Questions is displayed
[logsAndroid_Samsung INFO ] 2023-12-20 12:28:23.803 BaseTest:373 - Clicked on Normal option for Three of Six Questions
[logsAndroid_Samsung INFO ] 2023-12-20 12:28:26.720 BaseTest:353 - Four of Six Questions is displayed
[logsAndroid_Samsung INFO ] 2023-12-20 12:28:27.136 BaseTest:373 - Clicked on Nails are Normal option for Four of Six Questions
[logsAndroid_Samsung INFO ] 2023-12-20 12:28:29.647 BaseTest:353 - Five of Six Questions is displayed
[logsAndroid_Samsung INFO ] 2023-12-20 12:28:29.967 BaseTest:373 - Clicked on Nails are Normal option for Five of Six Questions
[logsAndroid_Samsung INFO ] 2023-12-20 12:28:32.595 BaseTest:353 - Six of Six Questions is displayed
[logsAndroid_Samsung INFO ] 2023-12-20 12:28:32.895 BaseTest:373 - Clicked on No Oedema option for Six of Six Questions
[logsAndroid_Samsung INFO ] 2023-12-20 12:28:36.205 BaseTest:353 - Physical Examination Summary Header is displayed
[logsAndroid_Samsung INFO ] 2023-12-20 12:28:37.637 BaseTest:373 - Clicked on Confirm Button
[logsAndroid_Samsung INFO ] 2023-12-20 12:28:39.531 BaseTest:353 - Medical history question 1 is displayed
[logsAndroid_Samsung INFO ] 2023-12-20 12:28:39.915 BaseTest:353 - Pregnancy status question is displayed
[logsAndroid_Samsung INFO ] 2023-12-20 12:28:40.273 BaseTest:373 - Clicked on 'No' for pregnancy status
[logsAndroid_Samsung INFO ] 2023-12-20 12:28:42.265 BaseTest:353 - Medical history question 2 is displayed
[logsAndroid_Samsung INFO ] 2023-12-20 12:28:42.538 BaseTest:353 - Allergy question is displayed
[logsAndroid_Samsung INFO ] 2023-12-20 12:28:42.809 BaseTest:373 - Clicked on 'No Known Allergies'
[logsAndroid_Samsung INFO ] 2023-12-20 12:28:45.013 BaseTest:353 - Medical history question 3 is displayed
[logsAndroid_Samsung INFO ] 2023-12-20 12:28:45.631 BaseTest:353 - Alcohol consumption question is displayed
[logsAndroid_Samsung INFO ] 2023-12-20 12:28:46.107 BaseTest:373 - Clicked on 'No' for alcohol consumption
[logsAndroid_Samsung INFO ] 2023-12-20 12:28:48.711 BaseTest:353 - Medical history question 4 is displayed
[logsAndroid_Samsung INFO ] 2023-12-20 12:28:49.034 BaseTest:353 - Smoking question is displayed
[logsAndroid_Samsung INFO ] 2023-12-20 12:28:49.376 BaseTest:373 - Clicked on 'Never Smoker'
[logsAndroid_Samsung INFO ] 2023-12-20 12:28:51.860 BaseTest:353 - Medical history question 5 is displayed
[logsAndroid_Samsung INFO ] 2023-12-20 12:28:52.134 BaseTest:353 - Medicine question is displayed
[logsAndroid_Samsung INFO ] 2023-12-20 12:28:52.422 BaseTest:373 - Clicked on 'No' for medicine history
[logsAndroid_Samsung INFO ] 2023-12-20 12:28:55.223 BaseTest:353 - Medical history question 6 is displayed
[logsAndroid_Samsung INFO ] 2023-12-20 12:28:55.619 BaseTest:353 - History question is displayed
[logsAndroid_Samsung INFO ] 2023-12-20 12:28:55.859 BaseTest:373 - Clicked on 'None' for history
[logsAndroid_Samsung INFO ] 2023-12-20 12:28:58.459 BaseTest:373 - Clicked on Submit for history
[logsAndroid_Samsung INFO ] 2023-12-20 12:29:00.982 BaseTest:373 - Clicked on 'Other' option
[logsAndroid_Samsung INFO ] 2023-12-20 12:29:04.438 BaseTest:373 - Clicked on Submit button
[logsAndroid_Samsung INFO ] 2023-12-20 12:29:07.193 BaseTest:353 - Medical History Summary Screen Header is displayed
[logsAndroid_Samsung INFO ] 2023-12-20 12:29:12.598 BaseTest:161 - video path: videos\Android_Samsung\2023-12-20-12-13-16\StartVisit3And4StepsTest\IDA4_2648_verifyConfirmButtonFunctionality.mp4
[logsAndroid_Samsung INFO ] 2023-12-20 12:29:13.454 StartVisit3And4StepsTest:39 - 
****** starting test:IDA4_2652_verifyPatientHistoryScreenChangeButton******

[logsAndroid_Samsung INFO ] 2023-12-20 12:29:58.624 StartVisit3And4StepsTest:69 - Handling app permissions and completing app setup
[logsAndroid_Samsung INFO ] 2023-12-20 12:32:17.375 StartVisit3And4StepsTest:79 - Registering a patient with provided details
[logsAndroid_Samsung INFO ] 2023-12-20 12:32:33.092 StartVisit3And4StepsTest:90 - Entering patient vitals details
[logsAndroid_Samsung INFO ] 2023-12-20 12:32:34.154 StartVisit3And4StepsTest:93 - Clicking on the 'Next' button after entering the first set of vitals
[logsAndroid_Samsung INFO ] 2023-12-20 12:32:35.501 StartVisit3And4StepsTest:97 - Clicking on the 'Confirm' button to confirm the entered vitals
[logsAndroid_Samsung INFO ] 2023-12-20 12:32:45.138 StartVisit3And4StepsTest:101 - Scrolling to the HyperTension section on the page
[logsAndroid_Samsung INFO ] 2023-12-20 12:32:49.545 StartVisit3And4StepsTest:105 - Selecting and confirming the visit reason as Hypertension
[logsAndroid_Samsung INFO ] 2023-12-20 12:33:29.469 StartVisit3And4StepsTest:109 - Handling the Hypertension-related visit questions
[logsAndroid_Samsung INFO ] 2023-12-20 12:33:30.235 StartVisit3And4StepsTest:112 - Verifying that the 'Associated Symptoms' title is displayed on the page
[logsAndroid_Samsung INFO ] 2023-12-20 12:33:30.893 StartVisit3And4StepsTest:116 - Selecting 'No' for the first associated symptom
[logsAndroid_Samsung INFO ] 2023-12-20 12:33:33.404 StartVisit3And4StepsTest:120 - Clicking on the main 'Submit' button for associated symptoms
[logsAndroid_Samsung INFO ] 2023-12-20 12:33:35.518 StartVisit3And4StepsTest:125 - Clicking on the 'Confirm' button on the visit reason summary screen
[logsAndroid_Samsung INFO ] 2023-12-20 12:33:36.961 StartVisit3And4StepsTest:129 - Clicking on the 'Okay' button to proceed
[logsAndroid_Samsung INFO ] 2023-12-20 12:33:37.679 BaseTest:353 - One of Six Questions is displayed
[logsAndroid_Samsung INFO ] 2023-12-20 12:33:37.969 BaseTest:373 - Clicked on Yes option for One of Six Questions
[logsAndroid_Samsung INFO ] 2023-12-20 12:33:40.444 BaseTest:353 - Two of Six Questions is displayed
[logsAndroid_Samsung INFO ] 2023-12-20 12:33:40.705 BaseTest:373 - Clicked on Normal option for Two of Six Questions
[logsAndroid_Samsung INFO ] 2023-12-20 12:33:42.895 BaseTest:353 - Three of Six Questions is displayed
[logsAndroid_Samsung INFO ] 2023-12-20 12:33:43.463 BaseTest:373 - Clicked on Normal option for Three of Six Questions
[logsAndroid_Samsung INFO ] 2023-12-20 12:33:46.097 BaseTest:353 - Four of Six Questions is displayed
[logsAndroid_Samsung INFO ] 2023-12-20 12:33:46.620 BaseTest:373 - Clicked on Nails are Normal option for Four of Six Questions
[logsAndroid_Samsung INFO ] 2023-12-20 12:33:49.348 BaseTest:353 - Five of Six Questions is displayed
[logsAndroid_Samsung INFO ] 2023-12-20 12:33:49.637 BaseTest:373 - Clicked on Nails are Normal option for Five of Six Questions
[logsAndroid_Samsung INFO ] 2023-12-20 12:33:52.306 BaseTest:353 - Six of Six Questions is displayed
[logsAndroid_Samsung INFO ] 2023-12-20 12:33:52.766 BaseTest:373 - Clicked on No Oedema option for Six of Six Questions
[logsAndroid_Samsung INFO ] 2023-12-20 12:33:55.688 BaseTest:353 - Physical Examination Summary Header is displayed
[logsAndroid_Samsung INFO ] 2023-12-20 12:33:57.338 BaseTest:373 - Clicked on Confirm Button
[logsAndroid_Samsung INFO ] 2023-12-20 12:33:59.767 BaseTest:353 - Medical history question 1 is displayed
[logsAndroid_Samsung INFO ] 2023-12-20 12:34:00.184 BaseTest:353 - Pregnancy status question is displayed
[logsAndroid_Samsung INFO ] 2023-12-20 12:34:01.203 BaseTest:373 - Clicked on 'No' for pregnancy status
[logsAndroid_Samsung INFO ] 2023-12-20 12:34:03.287 BaseTest:353 - Medical history question 2 is displayed
[logsAndroid_Samsung INFO ] 2023-12-20 12:34:03.734 BaseTest:353 - Allergy question is displayed
[logsAndroid_Samsung INFO ] 2023-12-20 12:34:04.199 BaseTest:373 - Clicked on 'No Known Allergies'
[logsAndroid_Samsung INFO ] 2023-12-20 12:34:06.701 BaseTest:353 - Medical history question 3 is displayed
[logsAndroid_Samsung INFO ] 2023-12-20 12:34:07.119 BaseTest:353 - Alcohol consumption question is displayed
[logsAndroid_Samsung INFO ] 2023-12-20 12:34:07.436 BaseTest:373 - Clicked on 'No' for alcohol consumption
[logsAndroid_Samsung INFO ] 2023-12-20 12:34:10.048 BaseTest:353 - Medical history question 4 is displayed
[logsAndroid_Samsung INFO ] 2023-12-20 12:34:10.646 BaseTest:353 - Smoking question is displayed
[logsAndroid_Samsung INFO ] 2023-12-20 12:34:11.174 BaseTest:373 - Clicked on 'Never Smoker'
[logsAndroid_Samsung INFO ] 2023-12-20 12:34:13.816 BaseTest:353 - Medical history question 5 is displayed
[logsAndroid_Samsung INFO ] 2023-12-20 12:34:14.198 BaseTest:353 - Medicine question is displayed
[logsAndroid_Samsung INFO ] 2023-12-20 12:34:14.603 BaseTest:373 - Clicked on 'No' for medicine history
[logsAndroid_Samsung INFO ] 2023-12-20 12:34:17.215 BaseTest:353 - Medical history question 6 is displayed
[logsAndroid_Samsung INFO ] 2023-12-20 12:34:17.534 BaseTest:353 - History question is displayed
[logsAndroid_Samsung INFO ] 2023-12-20 12:34:17.921 BaseTest:373 - Clicked on 'None' for history
[logsAndroid_Samsung INFO ] 2023-12-20 12:34:20.567 BaseTest:373 - Clicked on Submit for history
[logsAndroid_Samsung INFO ] 2023-12-20 12:34:23.111 BaseTest:373 - Clicked on 'Other' option
[logsAndroid_Samsung INFO ] 2023-12-20 12:34:26.802 BaseTest:373 - Clicked on Submit button
[logsAndroid_Samsung INFO ] 2023-12-20 12:34:29.243 BaseTest:353 - Medical History Summary Screen Header is displayed
[logsAndroid_Samsung INFO ] 2023-12-20 12:34:29.637 BaseTest:373 - Clicked on Patient History Change Button
[logsAndroid_Samsung INFO ] 2023-12-20 12:34:31.821 BaseTest:353 - Medical History Header is displayed
[logsAndroid_Samsung INFO ] 2023-12-20 12:34:37.610 BaseTest:161 - video path: videos\Android_Samsung\2023-12-20-12-13-16\StartVisit3And4StepsTest\IDA4_2652_verifyPatientHistoryScreenChangeButton.mp4
[logsAndroid_Samsung INFO ] 2023-12-20 12:34:38.349 StartVisit3And4StepsTest:39 - 
****** starting test:IDA4_2653_verifyFamilyHistoryScreenChangeButton******

[logsAndroid_Samsung INFO ] 2023-12-20 12:35:22.802 StartVisit3And4StepsTest:69 - Handling app permissions and completing app setup
[logsAndroid_Samsung INFO ] 2023-12-20 12:37:43.330 StartVisit3And4StepsTest:79 - Registering a patient with provided details
[logsAndroid_Samsung INFO ] 2023-12-20 12:37:59.098 StartVisit3And4StepsTest:90 - Entering patient vitals details
[logsAndroid_Samsung INFO ] 2023-12-20 12:38:00.123 StartVisit3And4StepsTest:93 - Clicking on the 'Next' button after entering the first set of vitals
[logsAndroid_Samsung INFO ] 2023-12-20 12:38:02.067 StartVisit3And4StepsTest:97 - Clicking on the 'Confirm' button to confirm the entered vitals
[logsAndroid_Samsung INFO ] 2023-12-20 12:38:13.459 StartVisit3And4StepsTest:101 - Scrolling to the HyperTension section on the page
[logsAndroid_Samsung INFO ] 2023-12-20 12:38:17.314 StartVisit3And4StepsTest:105 - Selecting and confirming the visit reason as Hypertension
[logsAndroid_Samsung INFO ] 2023-12-20 12:38:55.142 StartVisit3And4StepsTest:109 - Handling the Hypertension-related visit questions
[logsAndroid_Samsung INFO ] 2023-12-20 12:38:55.890 StartVisit3And4StepsTest:112 - Verifying that the 'Associated Symptoms' title is displayed on the page
[logsAndroid_Samsung INFO ] 2023-12-20 12:38:56.598 StartVisit3And4StepsTest:116 - Selecting 'No' for the first associated symptom
[logsAndroid_Samsung INFO ] 2023-12-20 12:38:59.807 StartVisit3And4StepsTest:120 - Clicking on the main 'Submit' button for associated symptoms
[logsAndroid_Samsung INFO ] 2023-12-20 12:39:02.108 StartVisit3And4StepsTest:125 - Clicking on the 'Confirm' button on the visit reason summary screen
[logsAndroid_Samsung INFO ] 2023-12-20 12:39:03.252 StartVisit3And4StepsTest:129 - Clicking on the 'Okay' button to proceed
[logsAndroid_Samsung INFO ] 2023-12-20 12:39:03.611 BaseTest:353 - One of Six Questions is displayed
[logsAndroid_Samsung INFO ] 2023-12-20 12:39:04.091 BaseTest:373 - Clicked on Yes option for One of Six Questions
[logsAndroid_Samsung INFO ] 2023-12-20 12:39:06.586 BaseTest:353 - Two of Six Questions is displayed
[logsAndroid_Samsung INFO ] 2023-12-20 12:39:07.075 BaseTest:373 - Clicked on Normal option for Two of Six Questions
[logsAndroid_Samsung INFO ] 2023-12-20 12:39:09.210 BaseTest:353 - Three of Six Questions is displayed
[logsAndroid_Samsung INFO ] 2023-12-20 12:39:09.471 BaseTest:373 - Clicked on Normal option for Three of Six Questions
[logsAndroid_Samsung ERROR] 2023-12-20 12:44:09.984 TestListener:33 - org.openqa.selenium.TimeoutException: Expected condition failed: waiting for visibility of Located by By.chained({By.xpath: //android.widget.TextView[@text='4 of 6 questions']}) (tried for 300 second(s) with 500 milliseconds interval)
	at org.openqa.selenium.support.ui.WebDriverWait.timeoutException(WebDriverWait.java:84)
	at org.openqa.selenium.support.ui.FluentWait.until(FluentWait.java:230)
	at com.intelehealth.base.BaseTest.waitForVisibility(BaseTest.java:335)
	at com.intelehealth.base.BaseTest.isDisplayed(BaseTest.java:352)
	at com.intelehealth.pages.StartVisit3And4StepsPage.answerPhysicalExaminationQuestions(StartVisit3And4StepsPage.java:709)
	at com.intelehealth.tests.StartVisit3And4StepsTest.IDA4_2653_verifyFamilyHistoryScreenChangeButton(StartVisit3And4StepsTest.java:322)
	at java.base/jdk.internal.reflect.NativeMethodAccessorImpl.invoke0(Native Method)
	at java.base/jdk.internal.reflect.NativeMethodAccessorImpl.invoke(NativeMethodAccessorImpl.java:77)
	at java.base/jdk.internal.reflect.DelegatingMethodAccessorImpl.invoke(DelegatingMethodAccessorImpl.java:43)
	at java.base/java.lang.reflect.Method.invoke(Method.java:568)
	at org.testng.internal.invokers.MethodInvocationHelper.invokeMethod(MethodInvocationHelper.java:139)
	at org.testng.internal.invokers.TestInvoker.invokeMethod(TestInvoker.java:664)
	at org.testng.internal.invokers.TestInvoker.invokeTestMethod(TestInvoker.java:227)
	at org.testng.internal.invokers.MethodRunner.runInSequence(MethodRunner.java:50)
	at org.testng.internal.invokers.TestInvoker$MethodInvocationAgent.invoke(TestInvoker.java:957)
	at org.testng.internal.invokers.TestInvoker.invokeTestMethods(TestInvoker.java:200)
	at org.testng.internal.invokers.TestMethodWorker.invokeTestMethods(TestMethodWorker.java:148)
	at org.testng.internal.invokers.TestMethodWorker.run(TestMethodWorker.java:128)
	at java.base/java.util.ArrayList.forEach(ArrayList.java:1511)
	at org.testng.TestRunner.privateRun(TestRunner.java:848)
	at org.testng.TestRunner.run(TestRunner.java:621)
	at org.testng.SuiteRunner.runTest(SuiteRunner.java:443)
	at org.testng.SuiteRunner$SuiteWorker.run(SuiteRunner.java:481)
	at org.testng.internal.thread.ThreadUtil.lambda$execute$0(ThreadUtil.java:58)
	at java.base/java.util.concurrent.FutureTask.run(FutureTask.java:264)
	at java.base/java.util.concurrent.ThreadPoolExecutor.runWorker(ThreadPoolExecutor.java:1136)
	at java.base/java.util.concurrent.ThreadPoolExecutor$Worker.run(ThreadPoolExecutor.java:635)
	at java.base/java.lang.Thread.run(Thread.java:833)
Caused by: org.openqa.selenium.NoSuchElementException: Can't locate an element by this strategy: By.chained({By.xpath: //android.widget.TextView[@text='4 of 6 questions']})
	at io.appium.java_client.pagefactory.AppiumElementLocator.findElement(AppiumElementLocator.java:166)
	at io.appium.java_client.pagefactory.interceptors.InterceptorOfASingleElement.call(InterceptorOfASingleElement.java:64)
	at io.appium.java_client.proxy.Interceptor.intercept(Interceptor.java:78)
	at org.openqa.selenium.remote.RemoteWebElement$ByteBuddy$wxFgE6lJ.isDisplayed(Unknown Source)
	at org.openqa.selenium.support.ui.ExpectedConditions.elementIfVisible(ExpectedConditions.java:304)
	at org.openqa.selenium.support.ui.ExpectedConditions.access$000(ExpectedConditions.java:37)
	at org.openqa.selenium.support.ui.ExpectedConditions$10.apply(ExpectedConditions.java:290)
	at org.openqa.selenium.support.ui.ExpectedConditions$10.apply(ExpectedConditions.java:287)
	at org.openqa.selenium.support.ui.FluentWait.until(FluentWait.java:205)
	... 26 more
Caused by: org.openqa.selenium.TimeoutException: Expected condition failed: waiting for io.appium.java_client.pagefactory.AppiumElementLocator$WaitingFunction@4f981420 (tried for 1 second(s) with 500 milliseconds interval)
	at org.openqa.selenium.support.ui.FluentWait.timeoutException(FluentWait.java:262)
	at org.openqa.selenium.support.ui.FluentWait.until(FluentWait.java:230)
	at io.appium.java_client.pagefactory.AppiumElementLocator.waitFor(AppiumElementLocator.java:135)
	at io.appium.java_client.pagefactory.AppiumElementLocator.findElement(AppiumElementLocator.java:160)
	... 34 more
Caused by: org.openqa.selenium.NoSuchElementException: Cannot locate an element using By.chained({By.xpath: //android.widget.TextView[@text='4 of 6 questions']})
For documentation on this error, please visit: https://www.selenium.dev/documentation/webdriver/troubleshooting/errors#no-such-element-exception
Build info: version: '4.13.0', revision: 'ba948ece5b*'
System info: os.name: 'Windows 10', os.arch: 'amd64', os.version: '10.0', java.version: '17.0.8.1'
Driver info: driver.version: RemoteWebDriver
	at io.appium.java_client.pagefactory.bys.builder.ByChained.findElement(ByChained.java:77)
	at org.openqa.selenium.remote.ElementLocation$ElementFinder$1.findElement(ElementLocation.java:139)
	at org.openqa.selenium.remote.ElementLocation.findElement(ElementLocation.java:59)
	at org.openqa.selenium.remote.RemoteWebDriver.findElement(RemoteWebDriver.java:359)
	at org.openqa.selenium.remote.RemoteWebDriver.findElement(RemoteWebDriver.java:353)
	at io.appium.java_client.pagefactory.bys.ContentMappedBy.findElement(ContentMappedBy.java:53)
	at org.openqa.selenium.remote.ElementLocation$ElementFinder$1.findElement(ElementLocation.java:139)
	at org.openqa.selenium.remote.ElementLocation.findElement(ElementLocation.java:59)
	at org.openqa.selenium.remote.RemoteWebDriver.findElement(RemoteWebDriver.java:359)
	at org.openqa.selenium.remote.RemoteWebDriver.findElement(RemoteWebDriver.java:353)
	at io.appium.java_client.pagefactory.AppiumElementLocator.lambda$findElement$1(AppiumElementLocator.java:160)
	at io.appium.java_client.pagefactory.AppiumElementLocator$WaitingFunction.apply(AppiumElementLocator.java:217)
	at io.appium.java_client.pagefactory.AppiumElementLocator$WaitingFunction.apply(AppiumElementLocator.java:210)
	at org.openqa.selenium.support.ui.FluentWait.until(FluentWait.java:205)
	... 36 more

[logsAndroid_Samsung INFO ] 2023-12-20 12:44:16.613 BaseTest:161 - video path: videos\Android_Samsung\2023-12-20-12-13-16\StartVisit3And4StepsTest\IDA4_2653_verifyFamilyHistoryScreenChangeButton.mp4
[logsAndroid_Samsung INFO ] 2023-12-20 12:44:17.549 StartVisit3And4StepsTest:39 - 
****** starting test:IDA4_2655_verifyFamilyHistoryScreenChangeButton******

[logsAndroid_Samsung INFO ] 2023-12-20 12:45:01.636 StartVisit3And4StepsTest:69 - Handling app permissions and completing app setup
[logsAndroid_Samsung INFO ] 2023-12-20 12:47:17.187 StartVisit3And4StepsTest:79 - Registering a patient with provided details
[logsAndroid_Samsung INFO ] 2023-12-20 12:47:34.992 StartVisit3And4StepsTest:90 - Entering patient vitals details
[logsAndroid_Samsung INFO ] 2023-12-20 12:47:36.016 StartVisit3And4StepsTest:93 - Clicking on the 'Next' button after entering the first set of vitals
[logsAndroid_Samsung INFO ] 2023-12-20 12:47:37.661 StartVisit3And4StepsTest:97 - Clicking on the 'Confirm' button to confirm the entered vitals
[logsAndroid_Samsung INFO ] 2023-12-20 12:47:47.171 StartVisit3And4StepsTest:101 - Scrolling to the HyperTension section on the page
[logsAndroid_Samsung INFO ] 2023-12-20 12:47:52.583 StartVisit3And4StepsTest:105 - Selecting and confirming the visit reason as Hypertension
[logsAndroid_Samsung INFO ] 2023-12-20 12:48:31.288 StartVisit3And4StepsTest:109 - Handling the Hypertension-related visit questions
[logsAndroid_Samsung INFO ] 2023-12-20 12:48:31.778 StartVisit3And4StepsTest:112 - Verifying that the 'Associated Symptoms' title is displayed on the page
[logsAndroid_Samsung INFO ] 2023-12-20 12:48:32.312 StartVisit3And4StepsTest:116 - Selecting 'No' for the first associated symptom
[logsAndroid_Samsung INFO ] 2023-12-20 12:48:35.430 StartVisit3And4StepsTest:120 - Clicking on the main 'Submit' button for associated symptoms
[logsAndroid_Samsung INFO ] 2023-12-20 12:48:36.560 StartVisit3And4StepsTest:125 - Clicking on the 'Confirm' button on the visit reason summary screen
[logsAndroid_Samsung INFO ] 2023-12-20 12:48:37.927 StartVisit3And4StepsTest:129 - Clicking on the 'Okay' button to proceed
[logsAndroid_Samsung INFO ] 2023-12-20 12:48:38.588 BaseTest:353 - One of Six Questions is displayed
[logsAndroid_Samsung INFO ] 2023-12-20 12:48:39.044 BaseTest:373 - Clicked on Yes option for One of Six Questions
[logsAndroid_Samsung INFO ] 2023-12-20 12:48:41.492 BaseTest:353 - Two of Six Questions is displayed
[logsAndroid_Samsung INFO ] 2023-12-20 12:48:41.908 BaseTest:373 - Clicked on Normal option for Two of Six Questions
[logsAndroid_Samsung INFO ] 2023-12-20 12:48:44.197 BaseTest:353 - Three of Six Questions is displayed
[logsAndroid_Samsung INFO ] 2023-12-20 12:48:44.890 BaseTest:373 - Clicked on Normal option for Three of Six Questions
[logsAndroid_Samsung INFO ] 2023-12-20 12:48:47.335 BaseTest:353 - Four of Six Questions is displayed
[logsAndroid_Samsung INFO ] 2023-12-20 12:48:47.623 BaseTest:373 - Clicked on Nails are Normal option for Four of Six Questions
[logsAndroid_Samsung INFO ] 2023-12-20 12:48:50.181 BaseTest:353 - Five of Six Questions is displayed
[logsAndroid_Samsung INFO ] 2023-12-20 12:48:50.709 BaseTest:373 - Clicked on Nails are Normal option for Five of Six Questions
[logsAndroid_Samsung INFO ] 2023-12-20 12:48:53.466 BaseTest:353 - Six of Six Questions is displayed
[logsAndroid_Samsung INFO ] 2023-12-20 12:48:53.808 BaseTest:373 - Clicked on No Oedema option for Six of Six Questions
[logsAndroid_Samsung INFO ] 2023-12-20 12:48:57.201 BaseTest:353 - Physical Examination Summary Header is displayed
[logsAndroid_Samsung INFO ] 2023-12-20 12:48:58.839 BaseTest:373 - Clicked on Confirm Button
[logsAndroid_Samsung INFO ] 2023-12-20 12:49:01.198 BaseTest:353 - Medical history question 1 is displayed
[logsAndroid_Samsung INFO ] 2023-12-20 12:49:01.659 BaseTest:353 - Pregnancy status question is displayed
[logsAndroid_Samsung INFO ] 2023-12-20 12:49:01.936 BaseTest:373 - Clicked on 'No' for pregnancy status
[logsAndroid_Samsung INFO ] 2023-12-20 12:49:04.080 BaseTest:353 - Medical history question 2 is displayed
[logsAndroid_Samsung INFO ] 2023-12-20 12:49:04.504 BaseTest:353 - Allergy question is displayed
[logsAndroid_Samsung INFO ] 2023-12-20 12:49:04.750 BaseTest:373 - Clicked on 'No Known Allergies'
[logsAndroid_Samsung INFO ] 2023-12-20 12:49:07.092 BaseTest:353 - Medical history question 3 is displayed
[logsAndroid_Samsung INFO ] 2023-12-20 12:49:07.476 BaseTest:353 - Alcohol consumption question is displayed
[logsAndroid_Samsung INFO ] 2023-12-20 12:49:07.797 BaseTest:373 - Clicked on 'No' for alcohol consumption
[logsAndroid_Samsung INFO ] 2023-12-20 12:49:10.099 BaseTest:353 - Medical history question 4 is displayed
[logsAndroid_Samsung INFO ] 2023-12-20 12:49:10.777 BaseTest:353 - Smoking question is displayed
[logsAndroid_Samsung INFO ] 2023-12-20 12:49:11.252 BaseTest:373 - Clicked on 'Never Smoker'
[logsAndroid_Samsung INFO ] 2023-12-20 12:49:13.937 BaseTest:353 - Medical history question 5 is displayed
[logsAndroid_Samsung INFO ] 2023-12-20 12:49:14.207 BaseTest:353 - Medicine question is displayed
[logsAndroid_Samsung INFO ] 2023-12-20 12:49:14.429 BaseTest:373 - Clicked on 'No' for medicine history
[logsAndroid_Samsung INFO ] 2023-12-20 12:49:16.958 BaseTest:353 - Medical history question 6 is displayed
[logsAndroid_Samsung INFO ] 2023-12-20 12:49:17.408 BaseTest:353 - History question is displayed
[logsAndroid_Samsung INFO ] 2023-12-20 12:49:17.936 BaseTest:373 - Clicked on 'None' for history
[logsAndroid_Samsung INFO ] 2023-12-20 12:49:20.548 BaseTest:373 - Clicked on Submit for history
[logsAndroid_Samsung INFO ] 2023-12-20 12:49:22.794 BaseTest:373 - Clicked on 'Other' option
[logsAndroid_Samsung INFO ] 2023-12-20 12:49:26.117 BaseTest:373 - Clicked on Submit button
[logsAndroid_Samsung INFO ] 2023-12-20 12:49:28.573 BaseTest:353 - Medical History Summary Screen Header is displayed
[logsAndroid_Samsung ERROR] 2023-12-20 12:54:29.208 TestListener:33 - org.openqa.selenium.TimeoutException: Expected condition failed: waiting for visibility of Located by By.chained({AppiumBy.accessibilityId: Family History Fragment Cancel Button}) (tried for 300 second(s) with 500 milliseconds interval)
	at org.openqa.selenium.support.ui.WebDriverWait.timeoutException(WebDriverWait.java:84)
	at org.openqa.selenium.support.ui.FluentWait.until(FluentWait.java:230)
	at com.intelehealth.base.BaseTest.waitForVisibility(BaseTest.java:335)
	at com.intelehealth.base.BaseTest.click(BaseTest.java:372)
	at com.intelehealth.pages.StartVisit3And4StepsPage.verifyMedicalHistorySummaryScreenBackButton(StartVisit3And4StepsPage.java:880)
	at com.intelehealth.tests.StartVisit3And4StepsTest.IDA4_2655_verifyFamilyHistoryScreenChangeButton(StartVisit3And4StepsTest.java:335)
	at java.base/jdk.internal.reflect.NativeMethodAccessorImpl.invoke0(Native Method)
	at java.base/jdk.internal.reflect.NativeMethodAccessorImpl.invoke(NativeMethodAccessorImpl.java:77)
	at java.base/jdk.internal.reflect.DelegatingMethodAccessorImpl.invoke(DelegatingMethodAccessorImpl.java:43)
	at java.base/java.lang.reflect.Method.invoke(Method.java:568)
	at org.testng.internal.invokers.MethodInvocationHelper.invokeMethod(MethodInvocationHelper.java:139)
	at org.testng.internal.invokers.TestInvoker.invokeMethod(TestInvoker.java:664)
	at org.testng.internal.invokers.TestInvoker.invokeTestMethod(TestInvoker.java:227)
	at org.testng.internal.invokers.MethodRunner.runInSequence(MethodRunner.java:50)
	at org.testng.internal.invokers.TestInvoker$MethodInvocationAgent.invoke(TestInvoker.java:957)
	at org.testng.internal.invokers.TestInvoker.invokeTestMethods(TestInvoker.java:200)
	at org.testng.internal.invokers.TestMethodWorker.invokeTestMethods(TestMethodWorker.java:148)
	at org.testng.internal.invokers.TestMethodWorker.run(TestMethodWorker.java:128)
	at java.base/java.util.ArrayList.forEach(ArrayList.java:1511)
	at org.testng.TestRunner.privateRun(TestRunner.java:848)
	at org.testng.TestRunner.run(TestRunner.java:621)
	at org.testng.SuiteRunner.runTest(SuiteRunner.java:443)
	at org.testng.SuiteRunner$SuiteWorker.run(SuiteRunner.java:481)
	at org.testng.internal.thread.ThreadUtil.lambda$execute$0(ThreadUtil.java:58)
	at java.base/java.util.concurrent.FutureTask.run(FutureTask.java:264)
	at java.base/java.util.concurrent.ThreadPoolExecutor.runWorker(ThreadPoolExecutor.java:1136)
	at java.base/java.util.concurrent.ThreadPoolExecutor$Worker.run(ThreadPoolExecutor.java:635)
	at java.base/java.lang.Thread.run(Thread.java:833)
Caused by: org.openqa.selenium.NoSuchElementException: Can't locate an element by this strategy: By.chained({AppiumBy.accessibilityId: Family History Fragment Cancel Button})
	at io.appium.java_client.pagefactory.AppiumElementLocator.findElement(AppiumElementLocator.java:166)
	at io.appium.java_client.pagefactory.interceptors.InterceptorOfASingleElement.call(InterceptorOfASingleElement.java:64)
	at io.appium.java_client.proxy.Interceptor.intercept(Interceptor.java:78)
	at org.openqa.selenium.remote.RemoteWebElement$ByteBuddy$nH27amU5.isDisplayed(Unknown Source)
	at org.openqa.selenium.support.ui.ExpectedConditions.elementIfVisible(ExpectedConditions.java:304)
	at org.openqa.selenium.support.ui.ExpectedConditions.access$000(ExpectedConditions.java:37)
	at org.openqa.selenium.support.ui.ExpectedConditions$10.apply(ExpectedConditions.java:290)
	at org.openqa.selenium.support.ui.ExpectedConditions$10.apply(ExpectedConditions.java:287)
	at org.openqa.selenium.support.ui.FluentWait.until(FluentWait.java:205)
	... 26 more
Caused by: org.openqa.selenium.TimeoutException: Expected condition failed: waiting for io.appium.java_client.pagefactory.AppiumElementLocator$WaitingFunction@50890a5e (tried for 1 second(s) with 500 milliseconds interval)
	at org.openqa.selenium.support.ui.FluentWait.timeoutException(FluentWait.java:262)
	at org.openqa.selenium.support.ui.FluentWait.until(FluentWait.java:230)
	at io.appium.java_client.pagefactory.AppiumElementLocator.waitFor(AppiumElementLocator.java:135)
	at io.appium.java_client.pagefactory.AppiumElementLocator.findElement(AppiumElementLocator.java:160)
	... 34 more
Caused by: org.openqa.selenium.NoSuchElementException: Cannot locate an element using By.chained({AppiumBy.accessibilityId: Family History Fragment Cancel Button})
For documentation on this error, please visit: https://www.selenium.dev/documentation/webdriver/troubleshooting/errors#no-such-element-exception
Build info: version: '4.13.0', revision: 'ba948ece5b*'
System info: os.name: 'Windows 10', os.arch: 'amd64', os.version: '10.0', java.version: '17.0.8.1'
Driver info: driver.version: RemoteWebDriver
	at io.appium.java_client.pagefactory.bys.builder.ByChained.findElement(ByChained.java:77)
	at org.openqa.selenium.remote.ElementLocation$ElementFinder$1.findElement(ElementLocation.java:139)
	at org.openqa.selenium.remote.ElementLocation.findElement(ElementLocation.java:59)
	at org.openqa.selenium.remote.RemoteWebDriver.findElement(RemoteWebDriver.java:359)
	at org.openqa.selenium.remote.RemoteWebDriver.findElement(RemoteWebDriver.java:353)
	at io.appium.java_client.pagefactory.bys.ContentMappedBy.findElement(ContentMappedBy.java:53)
	at org.openqa.selenium.remote.ElementLocation$ElementFinder$1.findElement(ElementLocation.java:139)
	at org.openqa.selenium.remote.ElementLocation.findElement(ElementLocation.java:59)
	at org.openqa.selenium.remote.RemoteWebDriver.findElement(RemoteWebDriver.java:359)
	at org.openqa.selenium.remote.RemoteWebDriver.findElement(RemoteWebDriver.java:353)
	at io.appium.java_client.pagefactory.AppiumElementLocator.lambda$findElement$1(AppiumElementLocator.java:160)
	at io.appium.java_client.pagefactory.AppiumElementLocator$WaitingFunction.apply(AppiumElementLocator.java:217)
	at io.appium.java_client.pagefactory.AppiumElementLocator$WaitingFunction.apply(AppiumElementLocator.java:210)
	at org.openqa.selenium.support.ui.FluentWait.until(FluentWait.java:205)
	... 36 more

[logsAndroid_Samsung INFO ] 2023-12-20 12:54:35.912 BaseTest:161 - video path: videos\Android_Samsung\2023-12-20-12-13-16\StartVisit3And4StepsTest\IDA4_2655_verifyFamilyHistoryScreenChangeButton.mp4
[logsAndroid_Samsung INFO ] 2023-12-20 12:54:36.906 StartVisit3And4StepsTest:39 - 
****** starting test:IDA4_2656_verifyFamilyHistoryScreenChangeButton******

[logsAndroid_Samsung INFO ] 2023-12-20 12:59:15.348 BaseTest:271 - log path: logs\Android_Samsung
[logsAndroid_Samsung INFO ] 2023-12-20 12:59:15.369 BaseTest:277 - load config.properties
[logsAndroid_Samsung FATAL] 2023-12-20 12:59:20.569 BaseTest:317 - driver initialization failure. ABORT!!!
org.openqa.selenium.SessionNotCreatedException: Could not start a new session. Response code 500. Message: An unknown server-side error occurred while processing the command. Original error: UiAutomator2 Server cannot start because the local port #10000 is busy. Make sure the port you provide via 'systemPort' capability is not occupied. This situation might often be a result of an inaccurate sessions management, e.g. old automation sessions on the same device must always be closed before starting new ones. 
Host info: host: 'DESKTOP-LAAIDQD', ip: '192.168.43.151'
Build info: version: '4.13.0', revision: 'ba948ece5b*'
System info: os.name: 'Windows 10', os.arch: 'amd64', os.version: '10.0', java.version: '17.0.8.1'
Driver info: io.appium.java_client.android.AndroidDriver
Command: [null, newSession {capabilities=[{appium:automationName=UiAutomator2, appium:avd=Samsung, appium:avdLaunchTimeout=120000, appium:deviceName=Samsung, platformName=ANDROID, appium:systemPort=10000, appium:udid=emulator-5554}], desiredCapabilities=Capabilities {automationName: UiAutomator2, avd: Samsung, avdLaunchTimeout: 120000, deviceName: Samsung, platformName: ANDROID, systemPort: 10000, udid: emulator-5554}}]
Capabilities {automationName: UiAutomator2, avd: Samsung, avdLaunchTimeout: 120000, deviceName: Samsung, platformName: ANDROID, systemPort: 10000, udid: emulator-5554}
[logsAndroid_Samsung INFO ] 2023-12-20 12:59:37.345 BaseTest:271 - log path: logs\Android_Samsung
[logsAndroid_Samsung INFO ] 2023-12-20 12:59:37.359 BaseTest:277 - load config.properties
[logsAndroid_Samsung INFO ] 2023-12-20 12:59:48.964 BaseTest:315 - driver initialized: AndroidDriver:  on ANDROID (a9c619ef-dce8-4469-8530-6d6f5cb3df14)
[logsAndroid_Samsung INFO ] 2023-12-20 12:59:49.976 StartVisit3And4StepsTest:39 - 
****** starting test:IDA4_2646_verifyUserAbleToEnterDataInTextBox******

[logsAndroid_Samsung INFO ] 2023-12-20 13:01:09.103 StartVisit3And4StepsTest:69 - Handling app permissions and completing app setup
[logsAndroid_Samsung INFO ] 2023-12-20 13:03:57.227 StartVisit3And4StepsTest:79 - Registering a patient with provided details
[logsAndroid_Samsung INFO ] 2023-12-20 13:04:14.797 StartVisit3And4StepsTest:90 - Entering patient vitals details
[logsAndroid_Samsung INFO ] 2023-12-20 13:04:16.711 StartVisit3And4StepsTest:93 - Clicking on the 'Next' button after entering the first set of vitals
[logsAndroid_Samsung INFO ] 2023-12-20 13:04:21.951 StartVisit3And4StepsTest:97 - Clicking on the 'Confirm' button to confirm the entered vitals
[logsAndroid_Samsung INFO ] 2023-12-20 13:04:46.573 StartVisit3And4StepsTest:101 - Scrolling to the HyperTension section on the page
[logsAndroid_Samsung INFO ] 2023-12-20 13:05:00.062 StartVisit3And4StepsTest:105 - Selecting and confirming the visit reason as Hypertension
[logsAndroid_Samsung INFO ] 2023-12-20 13:05:42.203 StartVisit3And4StepsTest:109 - Handling the Hypertension-related visit questions
[logsAndroid_Samsung INFO ] 2023-12-20 13:05:42.688 StartVisit3And4StepsTest:112 - Verifying that the 'Associated Symptoms' title is displayed on the page
[logsAndroid_Samsung INFO ] 2023-12-20 13:05:43.423 StartVisit3And4StepsTest:116 - Selecting 'No' for the first associated symptom
[logsAndroid_Samsung INFO ] 2023-12-20 13:05:47.325 StartVisit3And4StepsTest:120 - Clicking on the main 'Submit' button for associated symptoms
[logsAndroid_Samsung INFO ] 2023-12-20 13:05:47.653 StartVisit3And4StepsTest:125 - Clicking on the 'Confirm' button on the visit reason summary screen
[logsAndroid_Samsung INFO ] 2023-12-20 13:05:49.025 StartVisit3And4StepsTest:129 - Clicking on the 'Okay' button to proceed
[logsAndroid_Samsung INFO ] 2023-12-20 13:05:49.998 BaseTest:353 - One of Six Questions is displayed
[logsAndroid_Samsung INFO ] 2023-12-20 13:05:50.225 BaseTest:373 - Clicked on Yes option for One of Six Questions
[logsAndroid_Samsung INFO ] 2023-12-20 13:05:52.652 BaseTest:353 - Two of Six Questions is displayed
[logsAndroid_Samsung INFO ] 2023-12-20 13:05:53.042 BaseTest:373 - Clicked on Normal option for Two of Six Questions
[logsAndroid_Samsung INFO ] 2023-12-20 13:05:55.384 BaseTest:353 - Three of Six Questions is displayed
[logsAndroid_Samsung INFO ] 2023-12-20 13:05:55.850 BaseTest:373 - Clicked on Normal option for Three of Six Questions
[logsAndroid_Samsung INFO ] 2023-12-20 13:05:58.203 BaseTest:353 - Four of Six Questions is displayed
[logsAndroid_Samsung INFO ] 2023-12-20 13:05:58.517 BaseTest:373 - Clicked on Nails are Normal option for Four of Six Questions
[logsAndroid_Samsung INFO ] 2023-12-20 13:06:01.199 BaseTest:353 - Five of Six Questions is displayed
[logsAndroid_Samsung INFO ] 2023-12-20 13:06:01.602 BaseTest:373 - Clicked on Nails are Normal option for Five of Six Questions
[logsAndroid_Samsung INFO ] 2023-12-20 13:06:04.262 BaseTest:353 - Six of Six Questions is displayed
[logsAndroid_Samsung INFO ] 2023-12-20 13:06:04.569 BaseTest:373 - Clicked on No Oedema option for Six of Six Questions
[logsAndroid_Samsung INFO ] 2023-12-20 13:06:08.289 BaseTest:353 - Physical Examination Summary Header is displayed
[logsAndroid_Samsung INFO ] 2023-12-20 13:06:09.720 BaseTest:373 - Clicked on Confirm Button
[logsAndroid_Samsung INFO ] 2023-12-20 13:06:11.908 BaseTest:353 - Medical history question 1 is displayed
[logsAndroid_Samsung INFO ] 2023-12-20 13:06:12.177 BaseTest:353 - Pregnancy status question is displayed
[logsAndroid_Samsung INFO ] 2023-12-20 13:06:12.393 BaseTest:373 - Clicked on 'No' for pregnancy status
[logsAndroid_Samsung INFO ] 2023-12-20 13:06:14.320 BaseTest:353 - Medical history question 2 is displayed
[logsAndroid_Samsung INFO ] 2023-12-20 13:06:14.687 BaseTest:353 - Allergy question is displayed
[logsAndroid_Samsung INFO ] 2023-12-20 13:06:14.980 BaseTest:373 - Clicked on 'No Known Allergies'
[logsAndroid_Samsung INFO ] 2023-12-20 13:06:17.349 BaseTest:353 - Medical history question 3 is displayed
[logsAndroid_Samsung INFO ] 2023-12-20 13:06:17.868 BaseTest:353 - Alcohol consumption question is displayed
[logsAndroid_Samsung INFO ] 2023-12-20 13:06:18.315 BaseTest:373 - Clicked on 'No' for alcohol consumption
[logsAndroid_Samsung INFO ] 2023-12-20 13:06:20.767 BaseTest:353 - Medical history question 4 is displayed
[logsAndroid_Samsung INFO ] 2023-12-20 13:06:21.269 BaseTest:353 - Smoking question is displayed
[logsAndroid_Samsung INFO ] 2023-12-20 13:06:21.556 BaseTest:373 - Clicked on 'Never Smoker'
[logsAndroid_Samsung INFO ] 2023-12-20 13:06:24.138 BaseTest:353 - Medical history question 5 is displayed
[logsAndroid_Samsung INFO ] 2023-12-20 13:06:24.548 BaseTest:353 - Medicine question is displayed
[logsAndroid_Samsung INFO ] 2023-12-20 13:06:24.872 BaseTest:373 - Clicked on 'No' for medicine history
[logsAndroid_Samsung INFO ] 2023-12-20 13:06:27.530 BaseTest:353 - Medical history question 6 is displayed
[logsAndroid_Samsung INFO ] 2023-12-20 13:06:27.968 BaseTest:353 - History question is displayed
[logsAndroid_Samsung INFO ] 2023-12-20 13:06:28.365 BaseTest:373 - Clicked on 'None' for history
[logsAndroid_Samsung INFO ] 2023-12-20 13:06:30.967 BaseTest:373 - Clicked on Submit for history
[logsAndroid_Samsung INFO ] 2023-12-20 13:06:33.263 BaseTest:373 - Clicked on 'Other' option
[logsAndroid_Samsung INFO ] 2023-12-20 13:06:36.659 BaseTest:373 - Clicked on Submit button
[logsAndroid_Samsung INFO ] 2023-12-20 13:06:41.347 BaseTest:161 - video path: videos\Android_Samsung\2023-12-20-12-59-37\StartVisit3And4StepsTest\IDA4_2646_verifyUserAbleToEnterDataInTextBox.mp4
[logsAndroid_Samsung INFO ] 2023-12-20 13:06:42.257 StartVisit3And4StepsTest:39 - 
****** starting test:IDA4_2648_verifyConfirmButtonFunctionality******

[logsAndroid_Samsung INFO ] 2023-12-20 13:07:36.202 StartVisit3And4StepsTest:69 - Handling app permissions and completing app setup
[logsAndroid_Samsung INFO ] 2023-12-20 13:10:07.380 StartVisit3And4StepsTest:79 - Registering a patient with provided details
[logsAndroid_Samsung INFO ] 2023-12-20 13:10:23.625 StartVisit3And4StepsTest:90 - Entering patient vitals details
[logsAndroid_Samsung INFO ] 2023-12-20 13:10:24.772 StartVisit3And4StepsTest:93 - Clicking on the 'Next' button after entering the first set of vitals
[logsAndroid_Samsung INFO ] 2023-12-20 13:10:26.019 StartVisit3And4StepsTest:97 - Clicking on the 'Confirm' button to confirm the entered vitals
[logsAndroid_Samsung INFO ] 2023-12-20 13:10:38.543 StartVisit3And4StepsTest:101 - Scrolling to the HyperTension section on the page
[logsAndroid_Samsung INFO ] 2023-12-20 13:10:42.239 StartVisit3And4StepsTest:105 - Selecting and confirming the visit reason as Hypertension
[logsAndroid_Samsung INFO ] 2023-12-20 13:11:21.730 StartVisit3And4StepsTest:109 - Handling the Hypertension-related visit questions
[logsAndroid_Samsung INFO ] 2023-12-20 13:11:22.390 StartVisit3And4StepsTest:112 - Verifying that the 'Associated Symptoms' title is displayed on the page
[logsAndroid_Samsung INFO ] 2023-12-20 13:11:22.925 StartVisit3And4StepsTest:116 - Selecting 'No' for the first associated symptom
[logsAndroid_Samsung INFO ] 2023-12-20 13:11:25.137 StartVisit3And4StepsTest:120 - Clicking on the main 'Submit' button for associated symptoms
[logsAndroid_Samsung INFO ] 2023-12-20 13:11:28.322 StartVisit3And4StepsTest:125 - Clicking on the 'Confirm' button on the visit reason summary screen
[logsAndroid_Samsung INFO ] 2023-12-20 13:11:29.293 StartVisit3And4StepsTest:129 - Clicking on the 'Okay' button to proceed
[logsAndroid_Samsung INFO ] 2023-12-20 13:11:30.176 BaseTest:353 - One of Six Questions is displayed
[logsAndroid_Samsung INFO ] 2023-12-20 13:11:30.672 BaseTest:373 - Clicked on Yes option for One of Six Questions
[logsAndroid_Samsung INFO ] 2023-12-20 13:11:33.091 BaseTest:353 - Two of Six Questions is displayed
[logsAndroid_Samsung INFO ] 2023-12-20 13:11:33.723 BaseTest:373 - Clicked on Normal option for Two of Six Questions
[logsAndroid_Samsung INFO ] 2023-12-20 13:11:36.318 BaseTest:353 - Three of Six Questions is displayed
[logsAndroid_Samsung INFO ] 2023-12-20 13:11:36.703 BaseTest:373 - Clicked on Normal option for Three of Six Questions
[logsAndroid_Samsung INFO ] 2023-12-20 13:11:39.364 BaseTest:353 - Four of Six Questions is displayed
[logsAndroid_Samsung INFO ] 2023-12-20 13:11:39.746 BaseTest:373 - Clicked on Nails are Normal option for Four of Six Questions
[logsAndroid_Samsung INFO ] 2023-12-20 13:11:42.223 BaseTest:353 - Five of Six Questions is displayed
[logsAndroid_Samsung INFO ] 2023-12-20 13:11:42.557 BaseTest:373 - Clicked on Nails are Normal option for Five of Six Questions
[logsAndroid_Samsung INFO ] 2023-12-20 13:11:45.048 BaseTest:353 - Six of Six Questions is displayed
[logsAndroid_Samsung INFO ] 2023-12-20 13:11:45.505 BaseTest:373 - Clicked on No Oedema option for Six of Six Questions
[logsAndroid_Samsung INFO ] 2023-12-20 13:11:50.943 BaseTest:353 - Physical Examination Summary Header is displayed
[logsAndroid_Samsung INFO ] 2023-12-20 13:11:52.052 BaseTest:373 - Clicked on Confirm Button
[logsAndroid_Samsung INFO ] 2023-12-20 13:11:54.307 BaseTest:353 - Medical history question 1 is displayed
[logsAndroid_Samsung INFO ] 2023-12-20 13:11:54.578 BaseTest:353 - Pregnancy status question is displayed
[logsAndroid_Samsung INFO ] 2023-12-20 13:11:54.843 BaseTest:373 - Clicked on 'No' for pregnancy status
[logsAndroid_Samsung INFO ] 2023-12-20 13:11:56.945 BaseTest:353 - Medical history question 2 is displayed
[logsAndroid_Samsung INFO ] 2023-12-20 13:11:57.243 BaseTest:353 - Allergy question is displayed
[logsAndroid_Samsung INFO ] 2023-12-20 13:11:57.580 BaseTest:373 - Clicked on 'No Known Allergies'
[logsAndroid_Samsung INFO ] 2023-12-20 13:12:00.063 BaseTest:353 - Medical history question 3 is displayed
[logsAndroid_Samsung INFO ] 2023-12-20 13:12:01.482 BaseTest:353 - Alcohol consumption question is displayed
[logsAndroid_Samsung INFO ] 2023-12-20 13:12:02.267 BaseTest:373 - Clicked on 'No' for alcohol consumption
[logsAndroid_Samsung INFO ] 2023-12-20 13:12:05.478 BaseTest:353 - Medical history question 4 is displayed
[logsAndroid_Samsung INFO ] 2023-12-20 13:12:06.048 BaseTest:353 - Smoking question is displayed
[logsAndroid_Samsung INFO ] 2023-12-20 13:12:06.480 BaseTest:373 - Clicked on 'Never Smoker'
[logsAndroid_Samsung INFO ] 2023-12-20 13:12:09.222 BaseTest:353 - Medical history question 5 is displayed
[logsAndroid_Samsung INFO ] 2023-12-20 13:12:09.837 BaseTest:353 - Medicine question is displayed
[logsAndroid_Samsung INFO ] 2023-12-20 13:12:10.232 BaseTest:373 - Clicked on 'No' for medicine history
[logsAndroid_Samsung INFO ] 2023-12-20 13:12:13.201 BaseTest:353 - Medical history question 6 is displayed
[logsAndroid_Samsung INFO ] 2023-12-20 13:12:13.753 BaseTest:353 - History question is displayed
[logsAndroid_Samsung INFO ] 2023-12-20 13:12:14.290 BaseTest:373 - Clicked on 'None' for history
[logsAndroid_Samsung INFO ] 2023-12-20 13:12:16.750 BaseTest:373 - Clicked on Submit for history
[logsAndroid_Samsung INFO ] 2023-12-20 13:12:19.332 BaseTest:373 - Clicked on 'Other' option
[logsAndroid_Samsung INFO ] 2023-12-20 13:12:22.650 BaseTest:373 - Clicked on Submit button
[logsAndroid_Samsung INFO ] 2023-12-20 13:12:26.032 BaseTest:353 - Medical History Summary Screen Header is displayed
[logsAndroid_Samsung INFO ] 2023-12-20 13:12:33.963 BaseTest:161 - video path: videos\Android_Samsung\2023-12-20-12-59-37\StartVisit3And4StepsTest\IDA4_2648_verifyConfirmButtonFunctionality.mp4
[logsAndroid_Samsung INFO ] 2023-12-20 13:12:35.186 StartVisit3And4StepsTest:39 - 
****** starting test:IDA4_2652_verifyPatientHistoryScreenChangeButton******

[logsAndroid_Samsung INFO ] 2023-12-20 13:13:42.410 StartVisit3And4StepsTest:69 - Handling app permissions and completing app setup
[logsAndroid_Samsung INFO ] 2023-12-20 13:16:19.727 StartVisit3And4StepsTest:79 - Registering a patient with provided details
[logsAndroid_Samsung INFO ] 2023-12-20 13:16:37.796 StartVisit3And4StepsTest:90 - Entering patient vitals details
[logsAndroid_Samsung INFO ] 2023-12-20 13:16:38.840 StartVisit3And4StepsTest:93 - Clicking on the 'Next' button after entering the first set of vitals
[logsAndroid_Samsung INFO ] 2023-12-20 13:16:40.450 StartVisit3And4StepsTest:97 - Clicking on the 'Confirm' button to confirm the entered vitals
[logsAndroid_Samsung INFO ] 2023-12-20 13:16:52.268 StartVisit3And4StepsTest:101 - Scrolling to the HyperTension section on the page
[logsAndroid_Samsung INFO ] 2023-12-20 13:16:56.244 StartVisit3And4StepsTest:105 - Selecting and confirming the visit reason as Hypertension
[logsAndroid_Samsung INFO ] 2023-12-20 13:17:37.604 StartVisit3And4StepsTest:109 - Handling the Hypertension-related visit questions
[logsAndroid_Samsung INFO ] 2023-12-20 13:17:38.110 StartVisit3And4StepsTest:112 - Verifying that the 'Associated Symptoms' title is displayed on the page
[logsAndroid_Samsung INFO ] 2023-12-20 13:17:38.635 StartVisit3And4StepsTest:116 - Selecting 'No' for the first associated symptom
[logsAndroid_Samsung INFO ] 2023-12-20 13:17:41.886 StartVisit3And4StepsTest:120 - Clicking on the main 'Submit' button for associated symptoms
[logsAndroid_Samsung INFO ] 2023-12-20 13:17:43.207 StartVisit3And4StepsTest:125 - Clicking on the 'Confirm' button on the visit reason summary screen
[logsAndroid_Samsung INFO ] 2023-12-20 13:17:44.625 StartVisit3And4StepsTest:129 - Clicking on the 'Okay' button to proceed
[logsAndroid_Samsung INFO ] 2023-12-20 13:17:45.512 BaseTest:353 - One of Six Questions is displayed
[logsAndroid_Samsung INFO ] 2023-12-20 13:17:45.847 BaseTest:373 - Clicked on Yes option for One of Six Questions
[logsAndroid_Samsung INFO ] 2023-12-20 13:17:48.567 BaseTest:353 - Two of Six Questions is displayed
[logsAndroid_Samsung INFO ] 2023-12-20 13:17:48.903 BaseTest:373 - Clicked on Normal option for Two of Six Questions
[logsAndroid_Samsung INFO ] 2023-12-20 13:17:51.147 BaseTest:353 - Three of Six Questions is displayed
[logsAndroid_Samsung INFO ] 2023-12-20 13:17:51.617 BaseTest:373 - Clicked on Normal option for Three of Six Questions
[logsAndroid_Samsung INFO ] 2023-12-20 13:17:54.298 BaseTest:353 - Four of Six Questions is displayed
[logsAndroid_Samsung INFO ] 2023-12-20 13:17:54.661 BaseTest:373 - Clicked on Nails are Normal option for Four of Six Questions
[logsAndroid_Samsung INFO ] 2023-12-20 13:17:57.186 BaseTest:353 - Five of Six Questions is displayed
[logsAndroid_Samsung INFO ] 2023-12-20 13:17:57.535 BaseTest:373 - Clicked on Nails are Normal option for Five of Six Questions
[logsAndroid_Samsung INFO ] 2023-12-20 13:18:00.183 BaseTest:353 - Six of Six Questions is displayed
[logsAndroid_Samsung INFO ] 2023-12-20 13:18:01.195 BaseTest:373 - Clicked on No Oedema option for Six of Six Questions
[logsAndroid_Samsung INFO ] 2023-12-20 13:18:04.507 BaseTest:353 - Physical Examination Summary Header is displayed
[logsAndroid_Samsung INFO ] 2023-12-20 13:18:05.756 BaseTest:373 - Clicked on Confirm Button
[logsAndroid_Samsung INFO ] 2023-12-20 13:18:07.660 BaseTest:353 - Medical history question 1 is displayed
[logsAndroid_Samsung INFO ] 2023-12-20 13:18:08.061 BaseTest:353 - Pregnancy status question is displayed
[logsAndroid_Samsung INFO ] 2023-12-20 13:18:08.353 BaseTest:373 - Clicked on 'No' for pregnancy status
[logsAndroid_Samsung INFO ] 2023-12-20 13:18:10.505 BaseTest:353 - Medical history question 2 is displayed
[logsAndroid_Samsung INFO ] 2023-12-20 13:18:10.995 BaseTest:353 - Allergy question is displayed
[logsAndroid_Samsung INFO ] 2023-12-20 13:18:11.413 BaseTest:373 - Clicked on 'No Known Allergies'
[logsAndroid_Samsung INFO ] 2023-12-20 13:18:13.475 BaseTest:353 - Medical history question 3 is displayed
[logsAndroid_Samsung INFO ] 2023-12-20 13:18:13.728 BaseTest:353 - Alcohol consumption question is displayed
[logsAndroid_Samsung INFO ] 2023-12-20 13:18:14.126 BaseTest:373 - Clicked on 'No' for alcohol consumption
[logsAndroid_Samsung INFO ] 2023-12-20 13:18:16.733 BaseTest:353 - Medical history question 4 is displayed
[logsAndroid_Samsung INFO ] 2023-12-20 13:18:17.227 BaseTest:353 - Smoking question is displayed
[logsAndroid_Samsung INFO ] 2023-12-20 13:18:17.526 BaseTest:373 - Clicked on 'Never Smoker'
[logsAndroid_Samsung INFO ] 2023-12-20 13:18:19.955 BaseTest:353 - Medical history question 5 is displayed
[logsAndroid_Samsung INFO ] 2023-12-20 13:18:20.242 BaseTest:353 - Medicine question is displayed
[logsAndroid_Samsung INFO ] 2023-12-20 13:18:20.559 BaseTest:373 - Clicked on 'No' for medicine history
[logsAndroid_Samsung INFO ] 2023-12-20 13:18:23.231 BaseTest:353 - Medical history question 6 is displayed
[logsAndroid_Samsung INFO ] 2023-12-20 13:18:23.684 BaseTest:353 - History question is displayed
[logsAndroid_Samsung INFO ] 2023-12-20 13:18:23.998 BaseTest:373 - Clicked on 'None' for history
[logsAndroid_Samsung INFO ] 2023-12-20 13:18:26.553 BaseTest:373 - Clicked on Submit for history
[logsAndroid_Samsung ERROR] 2023-12-20 13:23:27.958 TestListener:33 - org.openqa.selenium.TimeoutException: Expected condition failed: waiting for visibility of Located by By.chained({By.xpath: //android.widget.TextView[@text='Other']}) (tried for 300 second(s) with 500 milliseconds interval)
	at org.openqa.selenium.support.ui.WebDriverWait.timeoutException(WebDriverWait.java:84)
	at org.openqa.selenium.support.ui.FluentWait.until(FluentWait.java:230)
	at com.intelehealth.base.BaseTest.waitForVisibility(BaseTest.java:335)
	at com.intelehealth.base.BaseTest.click(BaseTest.java:372)
	at com.intelehealth.pages.StartVisit3And4StepsPage.enterDataInTextBoxAndSubmit(StartVisit3And4StepsPage.java:829)
	at com.intelehealth.tests.StartVisit3And4StepsTest.IDA4_2652_verifyPatientHistoryScreenChangeButton(StartVisit3And4StepsTest.java:315)
	at java.base/jdk.internal.reflect.NativeMethodAccessorImpl.invoke0(Native Method)
	at java.base/jdk.internal.reflect.NativeMethodAccessorImpl.invoke(NativeMethodAccessorImpl.java:77)
	at java.base/jdk.internal.reflect.DelegatingMethodAccessorImpl.invoke(DelegatingMethodAccessorImpl.java:43)
	at java.base/java.lang.reflect.Method.invoke(Method.java:568)
	at org.testng.internal.invokers.MethodInvocationHelper.invokeMethod(MethodInvocationHelper.java:139)
	at org.testng.internal.invokers.TestInvoker.invokeMethod(TestInvoker.java:664)
	at org.testng.internal.invokers.TestInvoker.invokeTestMethod(TestInvoker.java:227)
	at org.testng.internal.invokers.MethodRunner.runInSequence(MethodRunner.java:50)
	at org.testng.internal.invokers.TestInvoker$MethodInvocationAgent.invoke(TestInvoker.java:957)
	at org.testng.internal.invokers.TestInvoker.invokeTestMethods(TestInvoker.java:200)
	at org.testng.internal.invokers.TestMethodWorker.invokeTestMethods(TestMethodWorker.java:148)
	at org.testng.internal.invokers.TestMethodWorker.run(TestMethodWorker.java:128)
	at java.base/java.util.ArrayList.forEach(ArrayList.java:1511)
	at org.testng.TestRunner.privateRun(TestRunner.java:848)
	at org.testng.TestRunner.run(TestRunner.java:621)
	at org.testng.SuiteRunner.runTest(SuiteRunner.java:443)
	at org.testng.SuiteRunner$SuiteWorker.run(SuiteRunner.java:481)
	at org.testng.internal.thread.ThreadUtil.lambda$execute$0(ThreadUtil.java:58)
	at java.base/java.util.concurrent.FutureTask.run(FutureTask.java:264)
	at java.base/java.util.concurrent.ThreadPoolExecutor.runWorker(ThreadPoolExecutor.java:1136)
	at java.base/java.util.concurrent.ThreadPoolExecutor$Worker.run(ThreadPoolExecutor.java:635)
	at java.base/java.lang.Thread.run(Thread.java:833)
Caused by: org.openqa.selenium.NoSuchElementException: Can't locate an element by this strategy: By.chained({By.xpath: //android.widget.TextView[@text='Other']})
	at io.appium.java_client.pagefactory.AppiumElementLocator.findElement(AppiumElementLocator.java:166)
	at io.appium.java_client.pagefactory.interceptors.InterceptorOfASingleElement.call(InterceptorOfASingleElement.java:64)
	at io.appium.java_client.proxy.Interceptor.intercept(Interceptor.java:78)
	at org.openqa.selenium.remote.RemoteWebElement$ByteBuddy$54zM1nnk.isDisplayed(Unknown Source)
	at org.openqa.selenium.support.ui.ExpectedConditions.elementIfVisible(ExpectedConditions.java:304)
	at org.openqa.selenium.support.ui.ExpectedConditions.access$000(ExpectedConditions.java:37)
	at org.openqa.selenium.support.ui.ExpectedConditions$10.apply(ExpectedConditions.java:290)
	at org.openqa.selenium.support.ui.ExpectedConditions$10.apply(ExpectedConditions.java:287)
	at org.openqa.selenium.support.ui.FluentWait.until(FluentWait.java:205)
	... 26 more
Caused by: org.openqa.selenium.TimeoutException: Expected condition failed: waiting for io.appium.java_client.pagefactory.AppiumElementLocator$WaitingFunction@2f511a37 (tried for 1 second(s) with 500 milliseconds interval)
	at org.openqa.selenium.support.ui.FluentWait.timeoutException(FluentWait.java:262)
	at org.openqa.selenium.support.ui.FluentWait.until(FluentWait.java:230)
	at io.appium.java_client.pagefactory.AppiumElementLocator.waitFor(AppiumElementLocator.java:135)
	at io.appium.java_client.pagefactory.AppiumElementLocator.findElement(AppiumElementLocator.java:160)
	... 34 more
Caused by: org.openqa.selenium.NoSuchElementException: Cannot locate an element using By.chained({By.xpath: //android.widget.TextView[@text='Other']})
For documentation on this error, please visit: https://www.selenium.dev/documentation/webdriver/troubleshooting/errors#no-such-element-exception
Build info: version: '4.13.0', revision: 'ba948ece5b*'
System info: os.name: 'Windows 10', os.arch: 'amd64', os.version: '10.0', java.version: '17.0.8.1'
Driver info: driver.version: RemoteWebDriver
	at io.appium.java_client.pagefactory.bys.builder.ByChained.findElement(ByChained.java:77)
	at org.openqa.selenium.remote.ElementLocation$ElementFinder$1.findElement(ElementLocation.java:139)
	at org.openqa.selenium.remote.ElementLocation.findElement(ElementLocation.java:59)
	at org.openqa.selenium.remote.RemoteWebDriver.findElement(RemoteWebDriver.java:359)
	at org.openqa.selenium.remote.RemoteWebDriver.findElement(RemoteWebDriver.java:353)
	at io.appium.java_client.pagefactory.bys.ContentMappedBy.findElement(ContentMappedBy.java:53)
	at org.openqa.selenium.remote.ElementLocation$ElementFinder$1.findElement(ElementLocation.java:139)
	at org.openqa.selenium.remote.ElementLocation.findElement(ElementLocation.java:59)
	at org.openqa.selenium.remote.RemoteWebDriver.findElement(RemoteWebDriver.java:359)
	at org.openqa.selenium.remote.RemoteWebDriver.findElement(RemoteWebDriver.java:353)
	at io.appium.java_client.pagefactory.AppiumElementLocator.lambda$findElement$1(AppiumElementLocator.java:160)
	at io.appium.java_client.pagefactory.AppiumElementLocator$WaitingFunction.apply(AppiumElementLocator.java:217)
	at io.appium.java_client.pagefactory.AppiumElementLocator$WaitingFunction.apply(AppiumElementLocator.java:210)
	at org.openqa.selenium.support.ui.FluentWait.until(FluentWait.java:205)
	... 36 more

[logsAndroid_Samsung INFO ] 2023-12-20 13:23:33.745 BaseTest:161 - video path: videos\Android_Samsung\2023-12-20-12-59-37\StartVisit3And4StepsTest\IDA4_2652_verifyPatientHistoryScreenChangeButton.mp4
[logsAndroid_Samsung INFO ] 2023-12-20 13:23:34.556 StartVisit3And4StepsTest:39 - 
****** starting test:IDA4_2653_verifyFamilyHistoryScreenChangeButton******

[logsAndroid_Samsung INFO ] 2023-12-20 13:24:26.420 StartVisit3And4StepsTest:69 - Handling app permissions and completing app setup
[logsAndroid_Samsung INFO ] 2023-12-20 13:26:39.809 BaseTest:271 - log path: logs\Android_Samsung
[logsAndroid_Samsung INFO ] 2023-12-20 13:26:39.822 BaseTest:277 - load config.properties
[logsAndroid_Samsung INFO ] 2023-12-20 13:26:51.953 BaseTest:315 - driver initialized: AndroidDriver:  on ANDROID (a0d119e1-750a-4b36-b3b1-23dfbf45d824)
[logsAndroid_Samsung INFO ] 2023-12-20 13:26:52.962 StartVisit3And4StepsTest:39 - 
****** starting test:IDA4_2652_verifyPatientHistoryScreenChangeButton******

[logsAndroid_Samsung INFO ] 2023-12-20 13:27:49.198 StartVisit3And4StepsTest:69 - Handling app permissions and completing app setup
[logsAndroid_Samsung INFO ] 2023-12-20 13:30:17.317 StartVisit3And4StepsTest:79 - Registering a patient with provided details
[logsAndroid_Samsung INFO ] 2023-12-20 13:30:34.057 StartVisit3And4StepsTest:90 - Entering patient vitals details
[logsAndroid_Samsung INFO ] 2023-12-20 13:30:34.992 StartVisit3And4StepsTest:93 - Clicking on the 'Next' button after entering the first set of vitals
[logsAndroid_Samsung INFO ] 2023-12-20 13:30:36.545 StartVisit3And4StepsTest:97 - Clicking on the 'Confirm' button to confirm the entered vitals
[logsAndroid_Samsung INFO ] 2023-12-20 13:30:48.255 StartVisit3And4StepsTest:101 - Scrolling to the HyperTension section on the page
[logsAndroid_Samsung INFO ] 2023-12-20 13:30:52.620 StartVisit3And4StepsTest:105 - Selecting and confirming the visit reason as Hypertension
[logsAndroid_Samsung INFO ] 2023-12-20 13:31:31.976 StartVisit3And4StepsTest:109 - Handling the Hypertension-related visit questions
[logsAndroid_Samsung INFO ] 2023-12-20 13:31:35.681 StartVisit3And4StepsTest:112 - Verifying that the 'Associated Symptoms' title is displayed on the page
[logsAndroid_Samsung INFO ] 2023-12-20 13:31:36.181 StartVisit3And4StepsTest:116 - Selecting 'No' for the first associated symptom
[logsAndroid_Samsung INFO ] 2023-12-20 13:31:39.989 StartVisit3And4StepsTest:120 - Clicking on the main 'Submit' button for associated symptoms
[logsAndroid_Samsung INFO ] 2023-12-20 13:31:40.373 StartVisit3And4StepsTest:125 - Clicking on the 'Confirm' button on the visit reason summary screen
[logsAndroid_Samsung INFO ] 2023-12-20 13:31:42.211 StartVisit3And4StepsTest:129 - Clicking on the 'Okay' button to proceed
[logsAndroid_Samsung INFO ] 2023-12-20 13:31:42.852 BaseTest:353 - One of Six Questions is displayed
[logsAndroid_Samsung INFO ] 2023-12-20 13:31:43.106 BaseTest:373 - Clicked on Yes option for One of Six Questions
[logsAndroid_Samsung INFO ] 2023-12-20 13:31:45.448 BaseTest:353 - Two of Six Questions is displayed
[logsAndroid_Samsung INFO ] 2023-12-20 13:31:45.755 BaseTest:373 - Clicked on Normal option for Two of Six Questions
[logsAndroid_Samsung INFO ] 2023-12-20 13:31:47.972 BaseTest:353 - Three of Six Questions is displayed
[logsAndroid_Samsung INFO ] 2023-12-20 13:31:48.251 BaseTest:373 - Clicked on Normal option for Three of Six Questions
[logsAndroid_Samsung INFO ] 2023-12-20 13:31:50.658 BaseTest:353 - Four of Six Questions is displayed
[logsAndroid_Samsung INFO ] 2023-12-20 13:31:51.114 BaseTest:373 - Clicked on Nails are Normal option for Four of Six Questions
[logsAndroid_Samsung INFO ] 2023-12-20 13:31:53.519 BaseTest:353 - Five of Six Questions is displayed
[logsAndroid_Samsung INFO ] 2023-12-20 13:31:53.792 BaseTest:373 - Clicked on Nails are Normal option for Five of Six Questions
[logsAndroid_Samsung INFO ] 2023-12-20 13:31:56.132 BaseTest:353 - Six of Six Questions is displayed
[logsAndroid_Samsung INFO ] 2023-12-20 13:31:56.418 BaseTest:373 - Clicked on No Oedema option for Six of Six Questions
[logsAndroid_Samsung INFO ] 2023-12-20 13:31:59.649 BaseTest:353 - Physical Examination Summary Header is displayed
[logsAndroid_Samsung INFO ] 2023-12-20 13:32:00.965 BaseTest:373 - Clicked on Confirm Button
[logsAndroid_Samsung INFO ] 2023-12-20 13:32:02.902 BaseTest:353 - Medical history question 1 is displayed
[logsAndroid_Samsung INFO ] 2023-12-20 13:32:03.168 BaseTest:353 - Pregnancy status question is displayed
[logsAndroid_Samsung INFO ] 2023-12-20 13:32:03.422 BaseTest:373 - Clicked on 'No' for pregnancy status
[logsAndroid_Samsung INFO ] 2023-12-20 13:32:05.336 BaseTest:353 - Medical history question 2 is displayed
[logsAndroid_Samsung INFO ] 2023-12-20 13:32:05.612 BaseTest:353 - Allergy question is displayed
[logsAndroid_Samsung INFO ] 2023-12-20 13:32:05.958 BaseTest:373 - Clicked on 'No Known Allergies'
[logsAndroid_Samsung INFO ] 2023-12-20 13:32:08.117 BaseTest:353 - Medical history question 3 is displayed
[logsAndroid_Samsung INFO ] 2023-12-20 13:32:08.448 BaseTest:353 - Alcohol consumption question is displayed
[logsAndroid_Samsung INFO ] 2023-12-20 13:32:08.877 BaseTest:373 - Clicked on 'No' for alcohol consumption
[logsAndroid_Samsung INFO ] 2023-12-20 13:32:11.335 BaseTest:353 - Medical history question 4 is displayed
[logsAndroid_Samsung INFO ] 2023-12-20 13:32:11.617 BaseTest:353 - Smoking question is displayed
[logsAndroid_Samsung INFO ] 2023-12-20 13:32:11.916 BaseTest:373 - Clicked on 'Never Smoker'
[logsAndroid_Samsung INFO ] 2023-12-20 13:32:14.279 BaseTest:353 - Medical history question 5 is displayed
[logsAndroid_Samsung INFO ] 2023-12-20 13:32:14.573 BaseTest:353 - Medicine question is displayed
[logsAndroid_Samsung INFO ] 2023-12-20 13:32:14.840 BaseTest:373 - Clicked on 'No' for medicine history
[logsAndroid_Samsung INFO ] 2023-12-20 13:32:17.291 BaseTest:353 - Medical history question 6 is displayed
[logsAndroid_Samsung INFO ] 2023-12-20 13:32:17.567 BaseTest:353 - History question is displayed
[logsAndroid_Samsung INFO ] 2023-12-20 13:32:17.930 BaseTest:373 - Clicked on 'None' for history
[logsAndroid_Samsung INFO ] 2023-12-20 13:32:20.386 BaseTest:373 - Clicked on Submit for history
[logsAndroid_Samsung INFO ] 2023-12-20 13:32:22.799 BaseTest:373 - Clicked on 'Other' option
[logsAndroid_Samsung INFO ] 2023-12-20 13:32:25.377 BaseTest:373 - Clicked on Submit button
[logsAndroid_Samsung INFO ] 2023-12-20 13:32:28.203 BaseTest:353 - Medical History Summary Screen Header is displayed
[logsAndroid_Samsung INFO ] 2023-12-20 13:32:28.523 BaseTest:373 - Clicked on Patient History Change Button
[logsAndroid_Samsung INFO ] 2023-12-20 13:32:30.736 BaseTest:353 - Medical History Header is displayed
[logsAndroid_Samsung INFO ] 2023-12-20 13:32:35.932 BaseTest:161 - video path: videos\Android_Samsung\2023-12-20-13-26-39\StartVisit3And4StepsTest\IDA4_2652_verifyPatientHistoryScreenChangeButton.mp4
[logsAndroid_Samsung INFO ] 2023-12-20 13:32:36.743 StartVisit3And4StepsTest:39 - 
****** starting test:IDA4_2653_verifyFamilyHistoryScreenChangeButton******

[logsAndroid_Samsung INFO ] 2023-12-20 13:33:27.460 StartVisit3And4StepsTest:69 - Handling app permissions and completing app setup
[logsAndroid_Samsung INFO ] 2023-12-20 13:35:53.429 StartVisit3And4StepsTest:79 - Registering a patient with provided details
[logsAndroid_Samsung INFO ] 2023-12-20 13:36:10.643 StartVisit3And4StepsTest:90 - Entering patient vitals details
[logsAndroid_Samsung INFO ] 2023-12-20 13:36:11.373 StartVisit3And4StepsTest:93 - Clicking on the 'Next' button after entering the first set of vitals
[logsAndroid_Samsung INFO ] 2023-12-20 13:36:13.722 StartVisit3And4StepsTest:97 - Clicking on the 'Confirm' button to confirm the entered vitals
[logsAndroid_Samsung INFO ] 2023-12-20 13:36:25.359 StartVisit3And4StepsTest:101 - Scrolling to the HyperTension section on the page
[logsAndroid_Samsung INFO ] 2023-12-20 13:36:30.382 StartVisit3And4StepsTest:105 - Selecting and confirming the visit reason as Hypertension
[logsAndroid_Samsung INFO ] 2023-12-20 13:37:08.236 StartVisit3And4StepsTest:109 - Handling the Hypertension-related visit questions
[logsAndroid_Samsung INFO ] 2023-12-20 13:37:08.822 StartVisit3And4StepsTest:112 - Verifying that the 'Associated Symptoms' title is displayed on the page
[logsAndroid_Samsung INFO ] 2023-12-20 13:37:09.283 StartVisit3And4StepsTest:116 - Selecting 'No' for the first associated symptom
[logsAndroid_Samsung INFO ] 2023-12-20 13:37:11.491 StartVisit3And4StepsTest:120 - Clicking on the main 'Submit' button for associated symptoms
[logsAndroid_Samsung INFO ] 2023-12-20 13:37:13.547 StartVisit3And4StepsTest:125 - Clicking on the 'Confirm' button on the visit reason summary screen
[logsAndroid_Samsung INFO ] 2023-12-20 13:37:15.384 StartVisit3And4StepsTest:129 - Clicking on the 'Okay' button to proceed
[logsAndroid_Samsung INFO ] 2023-12-20 13:37:15.573 BaseTest:353 - One of Six Questions is displayed
[logsAndroid_Samsung INFO ] 2023-12-20 13:37:15.854 BaseTest:373 - Clicked on Yes option for One of Six Questions
[logsAndroid_Samsung INFO ] 2023-12-20 13:37:18.592 BaseTest:353 - Two of Six Questions is displayed
[logsAndroid_Samsung INFO ] 2023-12-20 13:37:18.832 BaseTest:373 - Clicked on Normal option for Two of Six Questions
[logsAndroid_Samsung INFO ] 2023-12-20 13:37:21.168 BaseTest:353 - Three of Six Questions is displayed
[logsAndroid_Samsung INFO ] 2023-12-20 13:37:21.515 BaseTest:373 - Clicked on Normal option for Three of Six Questions
[logsAndroid_Samsung INFO ] 2023-12-20 13:37:24.013 BaseTest:353 - Four of Six Questions is displayed
[logsAndroid_Samsung INFO ] 2023-12-20 13:37:24.372 BaseTest:373 - Clicked on Nails are Normal option for Four of Six Questions
[logsAndroid_Samsung INFO ] 2023-12-20 13:37:27.191 BaseTest:353 - Five of Six Questions is displayed
[logsAndroid_Samsung INFO ] 2023-12-20 13:37:28.268 BaseTest:373 - Clicked on Nails are Normal option for Five of Six Questions
[logsAndroid_Samsung INFO ] 2023-12-20 13:37:30.857 BaseTest:353 - Six of Six Questions is displayed
[logsAndroid_Samsung INFO ] 2023-12-20 13:37:31.290 BaseTest:373 - Clicked on No Oedema option for Six of Six Questions
[logsAndroid_Samsung INFO ] 2023-12-20 13:37:35.369 BaseTest:353 - Physical Examination Summary Header is displayed
[logsAndroid_Samsung INFO ] 2023-12-20 13:37:36.641 BaseTest:373 - Clicked on Confirm Button
[logsAndroid_Samsung INFO ] 2023-12-20 13:37:38.763 BaseTest:353 - Medical history question 1 is displayed
[logsAndroid_Samsung INFO ] 2023-12-20 13:37:39.090 BaseTest:353 - Pregnancy status question is displayed
[logsAndroid_Samsung INFO ] 2023-12-20 13:37:39.538 BaseTest:373 - Clicked on 'No' for pregnancy status
[logsAndroid_Samsung INFO ] 2023-12-20 13:37:41.621 BaseTest:353 - Medical history question 2 is displayed
[logsAndroid_Samsung INFO ] 2023-12-20 13:37:41.961 BaseTest:353 - Allergy question is displayed
[logsAndroid_Samsung INFO ] 2023-12-20 13:37:42.461 BaseTest:373 - Clicked on 'No Known Allergies'
[logsAndroid_Samsung INFO ] 2023-12-20 13:37:44.702 BaseTest:353 - Medical history question 3 is displayed
[logsAndroid_Samsung INFO ] 2023-12-20 13:37:45.182 BaseTest:353 - Alcohol consumption question is displayed
[logsAndroid_Samsung INFO ] 2023-12-20 13:37:45.772 BaseTest:373 - Clicked on 'No' for alcohol consumption
[logsAndroid_Samsung INFO ] 2023-12-20 13:37:48.356 BaseTest:353 - Medical history question 4 is displayed
[logsAndroid_Samsung INFO ] 2023-12-20 13:37:48.643 BaseTest:353 - Smoking question is displayed
[logsAndroid_Samsung INFO ] 2023-12-20 13:37:48.917 BaseTest:373 - Clicked on 'Never Smoker'
[logsAndroid_Samsung INFO ] 2023-12-20 13:37:51.350 BaseTest:353 - Medical history question 5 is displayed
[logsAndroid_Samsung INFO ] 2023-12-20 13:37:51.708 BaseTest:353 - Medicine question is displayed
[logsAndroid_Samsung INFO ] 2023-12-20 13:37:52.078 BaseTest:373 - Clicked on 'No' for medicine history
[logsAndroid_Samsung INFO ] 2023-12-20 13:37:54.701 BaseTest:353 - Medical history question 6 is displayed
[logsAndroid_Samsung INFO ] 2023-12-20 13:37:55.099 BaseTest:353 - History question is displayed
[logsAndroid_Samsung INFO ] 2023-12-20 13:37:55.335 BaseTest:373 - Clicked on 'None' for history
[logsAndroid_Samsung INFO ] 2023-12-20 13:37:57.922 BaseTest:373 - Clicked on Submit for history
[logsAndroid_Samsung INFO ] 2023-12-20 13:38:01.187 BaseTest:373 - Clicked on 'Other' option
[logsAndroid_Samsung INFO ] 2023-12-20 13:38:04.178 BaseTest:373 - Clicked on Submit button
[logsAndroid_Samsung INFO ] 2023-12-20 13:38:07.111 BaseTest:353 - Medical History Summary Screen Header is displayed
[logsAndroid_Samsung INFO ] 2023-12-20 13:38:08.215 BaseTest:373 - Clicked on Family History Change Button
[logsAndroid_Samsung INFO ] 2023-12-20 13:38:10.327 BaseTest:353 - Medical History Header is displayed
[logsAndroid_Samsung INFO ] 2023-12-20 13:38:16.033 BaseTest:161 - video path: videos\Android_Samsung\2023-12-20-13-26-39\StartVisit3And4StepsTest\IDA4_2653_verifyFamilyHistoryScreenChangeButton.mp4
[logsAndroid_Samsung INFO ] 2023-12-20 13:38:17.014 StartVisit3And4StepsTest:39 - 
****** starting test:IDA4_2655_verifyBackButtonFunctionality******

[logsAndroid_Samsung INFO ] 2023-12-20 13:39:03.699 StartVisit3And4StepsTest:69 - Handling app permissions and completing app setup
[logsAndroid_Samsung INFO ] 2023-12-20 13:41:30.239 StartVisit3And4StepsTest:79 - Registering a patient with provided details
[logsAndroid_Samsung INFO ] 2023-12-20 13:41:41.724 StartVisit3And4StepsTest:90 - Entering patient vitals details
[logsAndroid_Samsung INFO ] 2023-12-20 13:41:42.384 StartVisit3And4StepsTest:93 - Clicking on the 'Next' button after entering the first set of vitals
[logsAndroid_Samsung INFO ] 2023-12-20 13:41:44.166 StartVisit3And4StepsTest:97 - Clicking on the 'Confirm' button to confirm the entered vitals
[logsAndroid_Samsung INFO ] 2023-12-20 13:41:54.033 StartVisit3And4StepsTest:101 - Scrolling to the HyperTension section on the page
[logsAndroid_Samsung INFO ] 2023-12-20 13:41:57.049 StartVisit3And4StepsTest:105 - Selecting and confirming the visit reason as Hypertension
[logsAndroid_Samsung INFO ] 2023-12-20 13:42:30.254 StartVisit3And4StepsTest:109 - Handling the Hypertension-related visit questions
[logsAndroid_Samsung INFO ] 2023-12-20 13:42:30.599 StartVisit3And4StepsTest:112 - Verifying that the 'Associated Symptoms' title is displayed on the page
[logsAndroid_Samsung INFO ] 2023-12-20 13:42:30.955 StartVisit3And4StepsTest:116 - Selecting 'No' for the first associated symptom
[logsAndroid_Samsung INFO ] 2023-12-20 13:42:34.507 StartVisit3And4StepsTest:120 - Clicking on the main 'Submit' button for associated symptoms
[logsAndroid_Samsung INFO ] 2023-12-20 13:42:34.773 StartVisit3And4StepsTest:125 - Clicking on the 'Confirm' button on the visit reason summary screen
[logsAndroid_Samsung INFO ] 2023-12-20 13:42:35.960 StartVisit3And4StepsTest:129 - Clicking on the 'Okay' button to proceed
[logsAndroid_Samsung INFO ] 2023-12-20 13:42:36.571 BaseTest:353 - One of Six Questions is displayed
[logsAndroid_Samsung INFO ] 2023-12-20 13:42:36.788 BaseTest:373 - Clicked on Yes option for One of Six Questions
[logsAndroid_Samsung INFO ] 2023-12-20 13:42:39.073 BaseTest:353 - Two of Six Questions is displayed
[logsAndroid_Samsung INFO ] 2023-12-20 13:42:39.324 BaseTest:373 - Clicked on Normal option for Two of Six Questions
[logsAndroid_Samsung INFO ] 2023-12-20 13:42:41.285 BaseTest:353 - Three of Six Questions is displayed
[logsAndroid_Samsung INFO ] 2023-12-20 13:42:41.519 BaseTest:373 - Clicked on Normal option for Three of Six Questions
[logsAndroid_Samsung INFO ] 2023-12-20 13:42:43.752 BaseTest:353 - Four of Six Questions is displayed
[logsAndroid_Samsung INFO ] 2023-12-20 13:42:44.012 BaseTest:373 - Clicked on Nails are Normal option for Four of Six Questions
[logsAndroid_Samsung INFO ] 2023-12-20 13:42:46.248 BaseTest:353 - Five of Six Questions is displayed
[logsAndroid_Samsung INFO ] 2023-12-20 13:42:46.476 BaseTest:373 - Clicked on Nails are Normal option for Five of Six Questions
[logsAndroid_Samsung INFO ] 2023-12-20 13:42:48.746 BaseTest:353 - Six of Six Questions is displayed
[logsAndroid_Samsung INFO ] 2023-12-20 13:42:49.025 BaseTest:373 - Clicked on No Oedema option for Six of Six Questions
[logsAndroid_Samsung INFO ] 2023-12-20 13:42:51.930 BaseTest:353 - Physical Examination Summary Header is displayed
[logsAndroid_Samsung INFO ] 2023-12-20 13:42:52.305 BaseTest:373 - Clicked on Confirm Button
[logsAndroid_Samsung INFO ] 2023-12-20 13:42:54.074 BaseTest:353 - Medical history question 1 is displayed
[logsAndroid_Samsung INFO ] 2023-12-20 13:42:54.256 BaseTest:353 - Pregnancy status question is displayed
[logsAndroid_Samsung INFO ] 2023-12-20 13:42:54.516 BaseTest:373 - Clicked on 'No' for pregnancy status
[logsAndroid_Samsung INFO ] 2023-12-20 13:42:56.231 BaseTest:353 - Medical history question 2 is displayed
[logsAndroid_Samsung INFO ] 2023-12-20 13:42:56.439 BaseTest:353 - Allergy question is displayed
[logsAndroid_Samsung INFO ] 2023-12-20 13:42:56.648 BaseTest:373 - Clicked on 'No Known Allergies'
[logsAndroid_Samsung INFO ] 2023-12-20 13:42:58.599 BaseTest:353 - Medical history question 3 is displayed
[logsAndroid_Samsung INFO ] 2023-12-20 13:42:58.792 BaseTest:353 - Alcohol consumption question is displayed
[logsAndroid_Samsung INFO ] 2023-12-20 13:42:59.023 BaseTest:373 - Clicked on 'No' for alcohol consumption
[logsAndroid_Samsung INFO ] 2023-12-20 13:43:01.314 BaseTest:353 - Medical history question 4 is displayed
[logsAndroid_Samsung INFO ] 2023-12-20 13:43:01.625 BaseTest:353 - Smoking question is displayed
[logsAndroid_Samsung INFO ] 2023-12-20 13:43:02.054 BaseTest:373 - Clicked on 'Never Smoker'
[logsAndroid_Samsung INFO ] 2023-12-20 13:43:04.419 BaseTest:353 - Medical history question 5 is displayed
[logsAndroid_Samsung INFO ] 2023-12-20 13:43:04.649 BaseTest:353 - Medicine question is displayed
[logsAndroid_Samsung INFO ] 2023-12-20 13:43:04.864 BaseTest:373 - Clicked on 'No' for medicine history
[logsAndroid_Samsung INFO ] 2023-12-20 13:43:07.147 BaseTest:353 - Medical history question 6 is displayed
[logsAndroid_Samsung INFO ] 2023-12-20 13:43:07.404 BaseTest:353 - History question is displayed
[logsAndroid_Samsung INFO ] 2023-12-20 13:43:07.649 BaseTest:373 - Clicked on 'None' for history
[logsAndroid_Samsung INFO ] 2023-12-20 13:43:09.976 BaseTest:373 - Clicked on Submit for history
[logsAndroid_Samsung INFO ] 2023-12-20 13:43:12.145 BaseTest:373 - Clicked on 'Other' option
[logsAndroid_Samsung INFO ] 2023-12-20 13:43:15.405 BaseTest:373 - Clicked on Submit button
[logsAndroid_Samsung INFO ] 2023-12-20 13:43:17.699 BaseTest:353 - Medical History Summary Screen Header is displayed
[logsAndroid_Samsung ERROR] 2023-12-20 13:48:20.253 TestListener:33 - org.openqa.selenium.TimeoutException: Expected condition failed: waiting for visibility of Located by By.chained({AppiumBy.accessibilityId: Family History Fragment Cancel Button}) (tried for 300 second(s) with 500 milliseconds interval)
	at org.openqa.selenium.support.ui.WebDriverWait.timeoutException(WebDriverWait.java:84)
	at org.openqa.selenium.support.ui.FluentWait.until(FluentWait.java:230)
	at com.intelehealth.base.BaseTest.waitForVisibility(BaseTest.java:335)
	at com.intelehealth.base.BaseTest.click(BaseTest.java:372)
	at com.intelehealth.pages.StartVisit3And4StepsPage.verifyMedicalHistorySummaryScreenBackButton(StartVisit3And4StepsPage.java:880)
	at com.intelehealth.tests.StartVisit3And4StepsTest.IDA4_2655_verifyBackButtonFunctionality(StartVisit3And4StepsTest.java:335)
	at java.base/jdk.internal.reflect.NativeMethodAccessorImpl.invoke0(Native Method)
	at java.base/jdk.internal.reflect.NativeMethodAccessorImpl.invoke(NativeMethodAccessorImpl.java:77)
	at java.base/jdk.internal.reflect.DelegatingMethodAccessorImpl.invoke(DelegatingMethodAccessorImpl.java:43)
	at java.base/java.lang.reflect.Method.invoke(Method.java:568)
	at org.testng.internal.invokers.MethodInvocationHelper.invokeMethod(MethodInvocationHelper.java:139)
	at org.testng.internal.invokers.TestInvoker.invokeMethod(TestInvoker.java:664)
	at org.testng.internal.invokers.TestInvoker.invokeTestMethod(TestInvoker.java:227)
	at org.testng.internal.invokers.MethodRunner.runInSequence(MethodRunner.java:50)
	at org.testng.internal.invokers.TestInvoker$MethodInvocationAgent.invoke(TestInvoker.java:957)
	at org.testng.internal.invokers.TestInvoker.invokeTestMethods(TestInvoker.java:200)
	at org.testng.internal.invokers.TestMethodWorker.invokeTestMethods(TestMethodWorker.java:148)
	at org.testng.internal.invokers.TestMethodWorker.run(TestMethodWorker.java:128)
	at java.base/java.util.ArrayList.forEach(ArrayList.java:1511)
	at org.testng.TestRunner.privateRun(TestRunner.java:848)
	at org.testng.TestRunner.run(TestRunner.java:621)
	at org.testng.SuiteRunner.runTest(SuiteRunner.java:443)
	at org.testng.SuiteRunner$SuiteWorker.run(SuiteRunner.java:481)
	at org.testng.internal.thread.ThreadUtil.lambda$execute$0(ThreadUtil.java:58)
	at java.base/java.util.concurrent.FutureTask.run(FutureTask.java:264)
	at java.base/java.util.concurrent.ThreadPoolExecutor.runWorker(ThreadPoolExecutor.java:1136)
	at java.base/java.util.concurrent.ThreadPoolExecutor$Worker.run(ThreadPoolExecutor.java:635)
	at java.base/java.lang.Thread.run(Thread.java:833)
Caused by: org.openqa.selenium.NoSuchElementException: Can't locate an element by this strategy: By.chained({AppiumBy.accessibilityId: Family History Fragment Cancel Button})
	at io.appium.java_client.pagefactory.AppiumElementLocator.findElement(AppiumElementLocator.java:166)
	at io.appium.java_client.pagefactory.interceptors.InterceptorOfASingleElement.call(InterceptorOfASingleElement.java:64)
	at io.appium.java_client.proxy.Interceptor.intercept(Interceptor.java:78)
	at org.openqa.selenium.remote.RemoteWebElement$ByteBuddy$uAtiS2mS.isDisplayed(Unknown Source)
	at org.openqa.selenium.support.ui.ExpectedConditions.elementIfVisible(ExpectedConditions.java:304)
	at org.openqa.selenium.support.ui.ExpectedConditions.access$000(ExpectedConditions.java:37)
	at org.openqa.selenium.support.ui.ExpectedConditions$10.apply(ExpectedConditions.java:290)
	at org.openqa.selenium.support.ui.ExpectedConditions$10.apply(ExpectedConditions.java:287)
	at org.openqa.selenium.support.ui.FluentWait.until(FluentWait.java:205)
	... 26 more
Caused by: org.openqa.selenium.TimeoutException: Expected condition failed: waiting for io.appium.java_client.pagefactory.AppiumElementLocator$WaitingFunction@1918cbbd (tried for 1 second(s) with 500 milliseconds interval)
	at org.openqa.selenium.support.ui.FluentWait.timeoutException(FluentWait.java:262)
	at org.openqa.selenium.support.ui.FluentWait.until(FluentWait.java:230)
	at io.appium.java_client.pagefactory.AppiumElementLocator.waitFor(AppiumElementLocator.java:135)
	at io.appium.java_client.pagefactory.AppiumElementLocator.findElement(AppiumElementLocator.java:160)
	... 34 more
Caused by: org.openqa.selenium.NoSuchElementException: Cannot locate an element using By.chained({AppiumBy.accessibilityId: Family History Fragment Cancel Button})
For documentation on this error, please visit: https://www.selenium.dev/documentation/webdriver/troubleshooting/errors#no-such-element-exception
Build info: version: '4.13.0', revision: 'ba948ece5b*'
System info: os.name: 'Windows 10', os.arch: 'amd64', os.version: '10.0', java.version: '17.0.8.1'
Driver info: driver.version: RemoteWebDriver
	at io.appium.java_client.pagefactory.bys.builder.ByChained.findElement(ByChained.java:77)
	at org.openqa.selenium.remote.ElementLocation$ElementFinder$1.findElement(ElementLocation.java:139)
	at org.openqa.selenium.remote.ElementLocation.findElement(ElementLocation.java:59)
	at org.openqa.selenium.remote.RemoteWebDriver.findElement(RemoteWebDriver.java:359)
	at org.openqa.selenium.remote.RemoteWebDriver.findElement(RemoteWebDriver.java:353)
	at io.appium.java_client.pagefactory.bys.ContentMappedBy.findElement(ContentMappedBy.java:53)
	at org.openqa.selenium.remote.ElementLocation$ElementFinder$1.findElement(ElementLocation.java:139)
	at org.openqa.selenium.remote.ElementLocation.findElement(ElementLocation.java:59)
	at org.openqa.selenium.remote.RemoteWebDriver.findElement(RemoteWebDriver.java:359)
	at org.openqa.selenium.remote.RemoteWebDriver.findElement(RemoteWebDriver.java:353)
	at io.appium.java_client.pagefactory.AppiumElementLocator.lambda$findElement$1(AppiumElementLocator.java:160)
	at io.appium.java_client.pagefactory.AppiumElementLocator$WaitingFunction.apply(AppiumElementLocator.java:217)
	at io.appium.java_client.pagefactory.AppiumElementLocator$WaitingFunction.apply(AppiumElementLocator.java:210)
	at org.openqa.selenium.support.ui.FluentWait.until(FluentWait.java:205)
	... 36 more

[logsAndroid_Samsung INFO ] 2023-12-20 13:48:24.579 BaseTest:161 - video path: videos\Android_Samsung\2023-12-20-13-26-39\StartVisit3And4StepsTest\IDA4_2655_verifyBackButtonFunctionality.mp4
[logsAndroid_Samsung INFO ] 2023-12-20 13:48:25.317 StartVisit3And4StepsTest:39 - 
****** starting test:IDA4_2656_verifyConfirmButtonFunctionality******

[logsAndroid_Samsung INFO ] 2023-12-20 13:49:09.390 StartVisit3And4StepsTest:69 - Handling app permissions and completing app setup
[logsAndroid_Samsung INFO ] 2023-12-20 13:51:33.498 StartVisit3And4StepsTest:79 - Registering a patient with provided details
[logsAndroid_Samsung INFO ] 2023-12-20 13:51:45.125 StartVisit3And4StepsTest:90 - Entering patient vitals details
[logsAndroid_Samsung INFO ] 2023-12-20 13:51:45.807 StartVisit3And4StepsTest:93 - Clicking on the 'Next' button after entering the first set of vitals
[logsAndroid_Samsung INFO ] 2023-12-20 13:51:47.032 StartVisit3And4StepsTest:97 - Clicking on the 'Confirm' button to confirm the entered vitals
[logsAndroid_Samsung INFO ] 2023-12-20 13:51:56.512 StartVisit3And4StepsTest:101 - Scrolling to the HyperTension section on the page
[logsAndroid_Samsung INFO ] 2023-12-20 13:52:00.225 StartVisit3And4StepsTest:105 - Selecting and confirming the visit reason as Hypertension
[logsAndroid_Samsung INFO ] 2023-12-20 13:52:28.224 StartVisit3And4StepsTest:109 - Handling the Hypertension-related visit questions
[logsAndroid_Samsung INFO ] 2023-12-20 13:52:31.376 StartVisit3And4StepsTest:112 - Verifying that the 'Associated Symptoms' title is displayed on the page
[logsAndroid_Samsung INFO ] 2023-12-20 13:52:31.707 StartVisit3And4StepsTest:116 - Selecting 'No' for the first associated symptom
[logsAndroid_Samsung INFO ] 2023-12-20 13:52:35.312 StartVisit3And4StepsTest:120 - Clicking on the main 'Submit' button for associated symptoms
[logsAndroid_Samsung INFO ] 2023-12-20 13:52:35.609 StartVisit3And4StepsTest:125 - Clicking on the 'Confirm' button on the visit reason summary screen
[logsAndroid_Samsung INFO ] 2023-12-20 13:52:37.482 StartVisit3And4StepsTest:129 - Clicking on the 'Okay' button to proceed
[logsAndroid_Samsung INFO ] 2023-12-20 13:52:37.590 BaseTest:353 - One of Six Questions is displayed
[logsAndroid_Samsung INFO ] 2023-12-20 13:52:37.787 BaseTest:373 - Clicked on Yes option for One of Six Questions
[logsAndroid_Samsung INFO ] 2023-12-20 13:52:40.068 BaseTest:353 - Two of Six Questions is displayed
[logsAndroid_Samsung INFO ] 2023-12-20 13:52:40.347 BaseTest:373 - Clicked on Normal option for Two of Six Questions
[logsAndroid_Samsung INFO ] 2023-12-20 13:52:42.358 BaseTest:353 - Three of Six Questions is displayed
[logsAndroid_Samsung INFO ] 2023-12-20 13:52:42.644 BaseTest:373 - Clicked on Normal option for Three of Six Questions
[logsAndroid_Samsung INFO ] 2023-12-20 13:52:44.925 BaseTest:353 - Four of Six Questions is displayed
[logsAndroid_Samsung INFO ] 2023-12-20 13:52:45.161 BaseTest:373 - Clicked on Nails are Normal option for Four of Six Questions
[logsAndroid_Samsung INFO ] 2023-12-20 13:52:47.421 BaseTest:353 - Five of Six Questions is displayed
[logsAndroid_Samsung INFO ] 2023-12-20 13:52:47.674 BaseTest:373 - Clicked on Nails are Normal option for Five of Six Questions
[logsAndroid_Samsung INFO ] 2023-12-20 13:52:49.948 BaseTest:353 - Six of Six Questions is displayed
[logsAndroid_Samsung INFO ] 2023-12-20 13:52:50.226 BaseTest:373 - Clicked on No Oedema option for Six of Six Questions
[logsAndroid_Samsung INFO ] 2023-12-20 13:52:53.210 BaseTest:353 - Physical Examination Summary Header is displayed
[logsAndroid_Samsung INFO ] 2023-12-20 13:52:53.549 BaseTest:373 - Clicked on Confirm Button
[logsAndroid_Samsung INFO ] 2023-12-20 13:52:55.296 BaseTest:353 - Medical history question 1 is displayed
[logsAndroid_Samsung INFO ] 2023-12-20 13:52:55.479 BaseTest:353 - Pregnancy status question is displayed
[logsAndroid_Samsung INFO ] 2023-12-20 13:52:55.642 BaseTest:373 - Clicked on 'No' for pregnancy status
[logsAndroid_Samsung INFO ] 2023-12-20 13:52:57.356 BaseTest:353 - Medical history question 2 is displayed
[logsAndroid_Samsung INFO ] 2023-12-20 13:52:57.638 BaseTest:353 - Allergy question is displayed
[logsAndroid_Samsung INFO ] 2023-12-20 13:52:57.841 BaseTest:373 - Clicked on 'No Known Allergies'
[logsAndroid_Samsung INFO ] 2023-12-20 13:52:59.805 BaseTest:353 - Medical history question 3 is displayed
[logsAndroid_Samsung INFO ] 2023-12-20 13:53:00.160 BaseTest:353 - Alcohol consumption question is displayed
[logsAndroid_Samsung INFO ] 2023-12-20 13:53:01.042 BaseTest:373 - Clicked on 'No' for alcohol consumption
[logsAndroid_Samsung INFO ] 2023-12-20 13:53:03.380 BaseTest:353 - Medical history question 4 is displayed
[logsAndroid_Samsung INFO ] 2023-12-20 13:53:03.669 BaseTest:353 - Smoking question is displayed
[logsAndroid_Samsung INFO ] 2023-12-20 13:53:03.905 BaseTest:373 - Clicked on 'Never Smoker'
[logsAndroid_Samsung INFO ] 2023-12-20 13:53:06.250 BaseTest:353 - Medical history question 5 is displayed
[logsAndroid_Samsung INFO ] 2023-12-20 13:53:06.501 BaseTest:353 - Medicine question is displayed
[logsAndroid_Samsung INFO ] 2023-12-20 13:53:06.720 BaseTest:373 - Clicked on 'No' for medicine history
[logsAndroid_Samsung INFO ] 2023-12-20 13:53:09.028 BaseTest:353 - Medical history question 6 is displayed
[logsAndroid_Samsung INFO ] 2023-12-20 13:53:09.326 BaseTest:353 - History question is displayed
[logsAndroid_Samsung INFO ] 2023-12-20 13:53:09.612 BaseTest:373 - Clicked on 'None' for history
[logsAndroid_Samsung INFO ] 2023-12-20 13:53:11.925 BaseTest:373 - Clicked on Submit for history
[logsAndroid_Samsung INFO ] 2023-12-20 13:53:14.192 BaseTest:373 - Clicked on 'Other' option
[logsAndroid_Samsung INFO ] 2023-12-20 13:53:17.603 BaseTest:373 - Clicked on Submit button
[logsAndroid_Samsung INFO ] 2023-12-20 13:53:19.954 BaseTest:353 - Medical History Summary Screen Header is displayed
[logsAndroid_Samsung INFO ] 2023-12-20 13:53:20.112 BaseTest:373 - Clicked on Summary Screen Confirm Button
[logsAndroid_Samsung INFO ] 2023-12-20 13:53:23.682 BaseTest:353 - Visit Summary Title is displayed
[logsAndroid_Samsung INFO ] 2023-12-20 13:53:28.259 BaseTest:161 - video path: videos\Android_Samsung\2023-12-20-13-26-39\StartVisit3And4StepsTest\IDA4_2656_verifyConfirmButtonFunctionality.mp4
[logsAndroid_Samsung INFO ] 2023-12-20 13:53:29.019 StartVisit3And4StepsTest:39 - 
****** starting test:IDA4_2628_verifyUserAbleToSelectOneOrMoreOption******

[logsAndroid_Samsung INFO ] 2023-12-20 13:54:18.655 StartVisit3And4StepsTest:69 - Handling app permissions and completing app setup
[logsAndroid_Samsung INFO ] 2023-12-20 13:56:33.373 StartVisit3And4StepsTest:79 - Registering a patient with provided details
[logsAndroid_Samsung INFO ] 2023-12-20 13:56:45.333 StartVisit3And4StepsTest:90 - Entering patient vitals details
[logsAndroid_Samsung INFO ] 2023-12-20 13:56:46.016 StartVisit3And4StepsTest:93 - Clicking on the 'Next' button after entering the first set of vitals
[logsAndroid_Samsung INFO ] 2023-12-20 13:56:47.159 StartVisit3And4StepsTest:97 - Clicking on the 'Confirm' button to confirm the entered vitals
[logsAndroid_Samsung INFO ] 2023-12-20 13:56:54.714 StartVisit3And4StepsTest:101 - Scrolling to the HyperTension section on the page
[logsAndroid_Samsung INFO ] 2023-12-20 13:56:57.640 StartVisit3And4StepsTest:105 - Selecting and confirming the visit reason as Hypertension
[logsAndroid_Samsung INFO ] 2023-12-20 13:57:30.567 StartVisit3And4StepsTest:109 - Handling the Hypertension-related visit questions
[logsAndroid_Samsung INFO ] 2023-12-20 13:57:30.876 StartVisit3And4StepsTest:112 - Verifying that the 'Associated Symptoms' title is displayed on the page
[logsAndroid_Samsung INFO ] 2023-12-20 13:57:31.325 StartVisit3And4StepsTest:116 - Selecting 'No' for the first associated symptom
[logsAndroid_Samsung INFO ] 2023-12-20 13:57:34.789 StartVisit3And4StepsTest:120 - Clicking on the main 'Submit' button for associated symptoms
[logsAndroid_Samsung INFO ] 2023-12-20 13:57:35.071 StartVisit3And4StepsTest:125 - Clicking on the 'Confirm' button on the visit reason summary screen
[logsAndroid_Samsung INFO ] 2023-12-20 13:57:36.303 StartVisit3And4StepsTest:129 - Clicking on the 'Okay' button to proceed
[logsAndroid_Samsung INFO ] 2023-12-20 13:57:36.907 BaseTest:353 - One of Six Questions is displayed
[logsAndroid_Samsung INFO ] 2023-12-20 13:57:37.183 BaseTest:373 - Clicked on Yes option for One of Six Questions
[logsAndroid_Samsung INFO ] 2023-12-20 13:57:39.452 BaseTest:353 - Two of Six Questions is displayed
[logsAndroid_Samsung INFO ] 2023-12-20 13:57:39.698 BaseTest:373 - Clicked on Normal option for Two of Six Questions
[logsAndroid_Samsung INFO ] 2023-12-20 13:57:41.717 BaseTest:353 - Three of Six Questions is displayed
[logsAndroid_Samsung INFO ] 2023-12-20 13:57:41.981 BaseTest:373 - Clicked on Normal option for Three of Six Questions
[logsAndroid_Samsung INFO ] 2023-12-20 13:57:44.249 BaseTest:353 - Four of Six Questions is displayed
[logsAndroid_Samsung INFO ] 2023-12-20 13:57:44.512 BaseTest:373 - Clicked on Nails are Normal option for Four of Six Questions
[logsAndroid_Samsung INFO ] 2023-12-20 13:57:46.855 BaseTest:353 - Five of Six Questions is displayed
[logsAndroid_Samsung INFO ] 2023-12-20 13:57:47.220 BaseTest:373 - Clicked on Nails are Normal option for Five of Six Questions
[logsAndroid_Samsung INFO ] 2023-12-20 13:57:49.550 BaseTest:353 - Six of Six Questions is displayed
[logsAndroid_Samsung INFO ] 2023-12-20 13:57:49.823 BaseTest:373 - Clicked on No Oedema option for Six of Six Questions
[logsAndroid_Samsung INFO ] 2023-12-20 13:57:52.538 BaseTest:353 - Physical Examination Summary Header is displayed
[logsAndroid_Samsung INFO ] 2023-12-20 13:57:52.883 BaseTest:373 - Clicked on Physical Examination Summary Confirm Button
[logsAndroid_Samsung INFO ] 2023-12-20 13:57:54.731 BaseTest:353 - First Medical Question is displayed
[logsAndroid_Samsung INFO ] 2023-12-20 13:57:54.934 BaseTest:353 - Pregnancy Status Question is displayed
[logsAndroid_Samsung INFO ] 2023-12-20 13:57:55.108 BaseTest:373 - Clicked on 'No' for Pregnancy Status
[logsAndroid_Samsung INFO ] 2023-12-20 13:57:56.966 BaseTest:353 - Second Medical Question is displayed
[logsAndroid_Samsung INFO ] 2023-12-20 13:58:02.588 BaseTest:161 - video path: videos\Android_Samsung\2023-12-20-13-26-39\StartVisit3And4StepsTest\IDA4_2628_verifyUserAbleToSelectOneOrMoreOption.mp4
[logsAndroid_Samsung INFO ] 2023-12-20 13:58:03.323 StartVisit3And4StepsTest:39 - 
****** starting test:IDA4_2630_verifySkipButtonFunctionality******

[logsAndroid_Samsung INFO ] 2023-12-20 13:58:52.403 StartVisit3And4StepsTest:69 - Handling app permissions and completing app setup
[logsAndroid_Samsung INFO ] 2023-12-20 14:01:14.358 StartVisit3And4StepsTest:79 - Registering a patient with provided details
[logsAndroid_Samsung INFO ] 2023-12-20 14:01:26.136 StartVisit3And4StepsTest:90 - Entering patient vitals details
[logsAndroid_Samsung INFO ] 2023-12-20 14:01:26.808 StartVisit3And4StepsTest:93 - Clicking on the 'Next' button after entering the first set of vitals
[logsAndroid_Samsung INFO ] 2023-12-20 14:01:27.956 StartVisit3And4StepsTest:97 - Clicking on the 'Confirm' button to confirm the entered vitals
[logsAndroid_Samsung INFO ] 2023-12-20 14:01:35.281 StartVisit3And4StepsTest:101 - Scrolling to the HyperTension section on the page
[logsAndroid_Samsung INFO ] 2023-12-20 14:01:38.354 StartVisit3And4StepsTest:105 - Selecting and confirming the visit reason as Hypertension
[logsAndroid_Samsung INFO ] 2023-12-20 14:02:11.137 StartVisit3And4StepsTest:109 - Handling the Hypertension-related visit questions
[logsAndroid_Samsung INFO ] 2023-12-20 14:02:11.464 StartVisit3And4StepsTest:112 - Verifying that the 'Associated Symptoms' title is displayed on the page
[logsAndroid_Samsung INFO ] 2023-12-20 14:02:11.817 StartVisit3And4StepsTest:116 - Selecting 'No' for the first associated symptom
[logsAndroid_Samsung INFO ] 2023-12-20 14:02:13.881 StartVisit3And4StepsTest:120 - Clicking on the main 'Submit' button for associated symptoms
[logsAndroid_Samsung INFO ] 2023-12-20 14:02:15.548 StartVisit3And4StepsTest:125 - Clicking on the 'Confirm' button on the visit reason summary screen
[logsAndroid_Samsung INFO ] 2023-12-20 14:02:16.751 StartVisit3And4StepsTest:129 - Clicking on the 'Okay' button to proceed
[logsAndroid_Samsung INFO ] 2023-12-20 14:02:17.408 BaseTest:353 - One of Six Questions is displayed
[logsAndroid_Samsung INFO ] 2023-12-20 14:02:17.632 BaseTest:373 - Clicked on Yes option for One of Six Questions
[logsAndroid_Samsung INFO ] 2023-12-20 14:02:19.954 BaseTest:353 - Two of Six Questions is displayed
[logsAndroid_Samsung INFO ] 2023-12-20 14:02:20.201 BaseTest:373 - Clicked on Normal option for Two of Six Questions
[logsAndroid_Samsung INFO ] 2023-12-20 14:02:22.208 BaseTest:353 - Three of Six Questions is displayed
[logsAndroid_Samsung INFO ] 2023-12-20 14:02:22.428 BaseTest:373 - Clicked on Normal option for Three of Six Questions
[logsAndroid_Samsung INFO ] 2023-12-20 14:02:24.681 BaseTest:353 - Four of Six Questions is displayed
[logsAndroid_Samsung INFO ] 2023-12-20 14:02:24.981 BaseTest:373 - Clicked on Nails are Normal option for Four of Six Questions
[logsAndroid_Samsung INFO ] 2023-12-20 14:02:27.273 BaseTest:353 - Five of Six Questions is displayed
[logsAndroid_Samsung INFO ] 2023-12-20 14:02:27.487 BaseTest:373 - Clicked on Nails are Normal option for Five of Six Questions
[logsAndroid_Samsung INFO ] 2023-12-20 14:02:29.779 BaseTest:353 - Six of Six Questions is displayed
[logsAndroid_Samsung INFO ] 2023-12-20 14:02:29.995 BaseTest:373 - Clicked on No Oedema option for Six of Six Questions
[logsAndroid_Samsung INFO ] 2023-12-20 14:02:32.887 BaseTest:353 - Physical Examination Summary Header is displayed
[logsAndroid_Samsung INFO ] 2023-12-20 14:02:33.270 BaseTest:373 - Clicked on Physical Examination Summary Confirm Button
[logsAndroid_Samsung INFO ] 2023-12-20 14:02:35.104 BaseTest:353 - First Medical Question is displayed
[logsAndroid_Samsung INFO ] 2023-12-20 14:02:35.364 BaseTest:353 - Pregnancy Status Question is displayed
[logsAndroid_Samsung INFO ] 2023-12-20 14:02:35.555 BaseTest:373 - Clicked on 'No' for Pregnancy Status
[logsAndroid_Samsung INFO ] 2023-12-20 14:02:37.296 BaseTest:353 - Second Medical Question is displayed
[logsAndroid_Samsung INFO ] 2023-12-20 14:02:37.502 BaseTest:353 - Allergy Question is displayed
[logsAndroid_Samsung INFO ] 2023-12-20 14:02:37.698 BaseTest:373 - Clicked on 'No Known Allergies'
[logsAndroid_Samsung INFO ] 2023-12-20 14:02:39.621 BaseTest:353 - Third Medical Question is displayed
[logsAndroid_Samsung INFO ] 2023-12-20 14:02:39.827 BaseTest:353 - Alcohol Question is displayed
[logsAndroid_Samsung INFO ] 2023-12-20 14:02:40.092 BaseTest:373 - Clicked on 'No' for Alcohol Question
[logsAndroid_Samsung INFO ] 2023-12-20 14:02:42.418 BaseTest:353 - Fourth Medical Question is displayed
[logsAndroid_Samsung INFO ] 2023-12-20 14:02:42.686 BaseTest:353 - Smoking Question is displayed
[logsAndroid_Samsung INFO ] 2023-12-20 14:02:42.918 BaseTest:373 - Clicked on 'Never Smoker'
[logsAndroid_Samsung INFO ] 2023-12-20 14:02:45.167 BaseTest:353 - Fifth Medical Question is displayed
[logsAndroid_Samsung INFO ] 2023-12-20 14:02:45.369 BaseTest:353 - Medicine Question is displayed
[logsAndroid_Samsung INFO ] 2023-12-20 14:02:45.571 BaseTest:373 - Clicked on Skip button for Medicine Question
[logsAndroid_Samsung INFO ] 2023-12-20 14:02:48.300 BaseTest:353 - Sixth Medical Question is displayed
[logsAndroid_Samsung INFO ] 2023-12-20 14:02:52.447 BaseTest:161 - video path: videos\Android_Samsung\2023-12-20-13-26-39\StartVisit3And4StepsTest\IDA4_2630_verifySkipButtonFunctionality.mp4
[logsAndroid_Samsung INFO ] 2023-12-20 14:02:53.182 StartVisit3And4StepsTest:39 - 
****** starting test:IDA4_2632_verifySubmitButtonFunctionality******

[logsAndroid_Samsung INFO ] 2023-12-20 14:03:40.934 StartVisit3And4StepsTest:69 - Handling app permissions and completing app setup
[logsAndroid_Samsung INFO ] 2023-12-20 14:05:55.541 StartVisit3And4StepsTest:79 - Registering a patient with provided details
[logsAndroid_Samsung INFO ] 2023-12-20 14:06:07.624 StartVisit3And4StepsTest:90 - Entering patient vitals details
[logsAndroid_Samsung INFO ] 2023-12-20 14:06:08.369 StartVisit3And4StepsTest:93 - Clicking on the 'Next' button after entering the first set of vitals
[logsAndroid_Samsung INFO ] 2023-12-20 14:06:09.495 StartVisit3And4StepsTest:97 - Clicking on the 'Confirm' button to confirm the entered vitals
[logsAndroid_Samsung INFO ] 2023-12-20 14:06:18.930 StartVisit3And4StepsTest:101 - Scrolling to the HyperTension section on the page
[logsAndroid_Samsung INFO ] 2023-12-20 14:06:21.729 StartVisit3And4StepsTest:105 - Selecting and confirming the visit reason as Hypertension
[logsAndroid_Samsung INFO ] 2023-12-20 14:06:53.277 StartVisit3And4StepsTest:109 - Handling the Hypertension-related visit questions
[logsAndroid_Samsung INFO ] 2023-12-20 14:06:53.555 StartVisit3And4StepsTest:112 - Verifying that the 'Associated Symptoms' title is displayed on the page
[logsAndroid_Samsung INFO ] 2023-12-20 14:06:53.930 StartVisit3And4StepsTest:116 - Selecting 'No' for the first associated symptom
[logsAndroid_Samsung INFO ] 2023-12-20 14:06:57.563 StartVisit3And4StepsTest:120 - Clicking on the main 'Submit' button for associated symptoms
[logsAndroid_Samsung INFO ] 2023-12-20 14:06:57.866 StartVisit3And4StepsTest:125 - Clicking on the 'Confirm' button on the visit reason summary screen
[logsAndroid_Samsung INFO ] 2023-12-20 14:06:59.096 StartVisit3And4StepsTest:129 - Clicking on the 'Okay' button to proceed
[logsAndroid_Samsung INFO ] 2023-12-20 14:06:59.783 BaseTest:353 - One of Six Questions is displayed
[logsAndroid_Samsung INFO ] 2023-12-20 14:07:00.006 BaseTest:373 - Clicked on Yes option for One of Six Questions
[logsAndroid_Samsung INFO ] 2023-12-20 14:07:02.234 BaseTest:353 - Two of Six Questions is displayed
[logsAndroid_Samsung INFO ] 2023-12-20 14:07:02.441 BaseTest:373 - Clicked on Normal option for Two of Six Questions
[logsAndroid_Samsung INFO ] 2023-12-20 14:07:04.416 BaseTest:353 - Three of Six Questions is displayed
[logsAndroid_Samsung INFO ] 2023-12-20 14:07:04.640 BaseTest:373 - Clicked on Normal option for Three of Six Questions
[logsAndroid_Samsung INFO ] 2023-12-20 14:07:06.859 BaseTest:353 - Four of Six Questions is displayed
[logsAndroid_Samsung INFO ] 2023-12-20 14:07:07.118 BaseTest:373 - Clicked on Nails are Normal option for Four of Six Questions
[logsAndroid_Samsung INFO ] 2023-12-20 14:07:09.437 BaseTest:353 - Five of Six Questions is displayed
[logsAndroid_Samsung INFO ] 2023-12-20 14:07:09.712 BaseTest:373 - Clicked on Nails are Normal option for Five of Six Questions
[logsAndroid_Samsung INFO ] 2023-12-20 14:07:11.990 BaseTest:353 - Six of Six Questions is displayed
[logsAndroid_Samsung INFO ] 2023-12-20 14:07:12.206 BaseTest:373 - Clicked on No Oedema option for Six of Six Questions
[logsAndroid_Samsung INFO ] 2023-12-20 14:07:14.987 BaseTest:353 - Physical Examination Summary Header is displayed
[logsAndroid_Samsung INFO ] 2023-12-20 14:07:15.246 BaseTest:373 - Clicked on Physical Examination Summary Confirm Button
[logsAndroid_Samsung INFO ] 2023-12-20 14:07:16.970 BaseTest:353 - First Medical Question is displayed
[logsAndroid_Samsung INFO ] 2023-12-20 14:07:17.142 BaseTest:353 - Pregnancy Status Question is displayed
[logsAndroid_Samsung INFO ] 2023-12-20 14:07:17.349 BaseTest:373 - Clicked on 'No' for Pregnancy Status
[logsAndroid_Samsung INFO ] 2023-12-20 14:07:19.120 BaseTest:353 - Second Medical Question is displayed
[logsAndroid_Samsung INFO ] 2023-12-20 14:07:19.336 BaseTest:373 - Clicked on 'Yes' for describing the medical history
[logsAndroid_Samsung INFO ] 2023-12-20 14:07:21.362 BaseTest:373 - Clicked on Submit button for medical history
[logsAndroid_Samsung INFO ] 2023-12-20 14:07:24.001 BaseTest:353 - Third Medical Question is displayed
[logsAndroid_Samsung INFO ] 2023-12-20 14:07:27.993 BaseTest:161 - video path: videos\Android_Samsung\2023-12-20-13-26-39\StartVisit3And4StepsTest\IDA4_2632_verifySubmitButtonFunctionality.mp4
[logsAndroid_Samsung INFO ] 2023-12-20 14:07:28.705 StartVisit3And4StepsTest:39 - 
****** starting test:IDA4_2633_verifyOtherDescribeFunctionality******

[logsAndroid_Samsung INFO ] 2023-12-20 14:08:08.192 StartVisit3And4StepsTest:69 - Handling app permissions and completing app setup
[logsAndroid_Samsung INFO ] 2023-12-20 14:10:14.575 StartVisit3And4StepsTest:79 - Registering a patient with provided details
[logsAndroid_Samsung INFO ] 2023-12-20 14:10:28.485 StartVisit3And4StepsTest:90 - Entering patient vitals details
[logsAndroid_Samsung INFO ] 2023-12-20 14:10:29.248 StartVisit3And4StepsTest:93 - Clicking on the 'Next' button after entering the first set of vitals
[logsAndroid_Samsung INFO ] 2023-12-20 14:10:30.476 StartVisit3And4StepsTest:97 - Clicking on the 'Confirm' button to confirm the entered vitals
[logsAndroid_Samsung INFO ] 2023-12-20 14:10:39.673 StartVisit3And4StepsTest:101 - Scrolling to the HyperTension section on the page
[logsAndroid_Samsung INFO ] 2023-12-20 14:10:42.673 StartVisit3And4StepsTest:105 - Selecting and confirming the visit reason as Hypertension
[logsAndroid_Samsung INFO ] 2023-12-20 14:11:15.752 StartVisit3And4StepsTest:109 - Handling the Hypertension-related visit questions
[logsAndroid_Samsung INFO ] 2023-12-20 14:11:16.041 StartVisit3And4StepsTest:112 - Verifying that the 'Associated Symptoms' title is displayed on the page
[logsAndroid_Samsung INFO ] 2023-12-20 14:11:16.402 StartVisit3And4StepsTest:116 - Selecting 'No' for the first associated symptom
[logsAndroid_Samsung INFO ] 2023-12-20 14:11:20.092 StartVisit3And4StepsTest:120 - Clicking on the main 'Submit' button for associated symptoms
[logsAndroid_Samsung INFO ] 2023-12-20 14:11:20.323 StartVisit3And4StepsTest:125 - Clicking on the 'Confirm' button on the visit reason summary screen
[logsAndroid_Samsung INFO ] 2023-12-20 14:11:21.625 StartVisit3And4StepsTest:129 - Clicking on the 'Okay' button to proceed
[logsAndroid_Samsung INFO ] 2023-12-20 14:11:22.300 BaseTest:353 - One of Six Questions is displayed
[logsAndroid_Samsung INFO ] 2023-12-20 14:11:22.499 BaseTest:373 - Clicked on Yes option for One of Six Questions
[logsAndroid_Samsung INFO ] 2023-12-20 14:11:24.703 BaseTest:353 - Two of Six Questions is displayed
[logsAndroid_Samsung INFO ] 2023-12-20 14:11:24.991 BaseTest:373 - Clicked on Normal option for Two of Six Questions
[logsAndroid_Samsung INFO ] 2023-12-20 14:11:26.984 BaseTest:353 - Three of Six Questions is displayed
[logsAndroid_Samsung INFO ] 2023-12-20 14:11:27.224 BaseTest:373 - Clicked on Normal option for Three of Six Questions
[logsAndroid_Samsung INFO ] 2023-12-20 14:11:29.493 BaseTest:353 - Four of Six Questions is displayed
[logsAndroid_Samsung INFO ] 2023-12-20 14:11:29.749 BaseTest:373 - Clicked on Nails are Normal option for Four of Six Questions
[logsAndroid_Samsung INFO ] 2023-12-20 14:11:31.983 BaseTest:353 - Five of Six Questions is displayed
[logsAndroid_Samsung INFO ] 2023-12-20 14:11:32.236 BaseTest:373 - Clicked on Nails are Normal option for Five of Six Questions
[logsAndroid_Samsung INFO ] 2023-12-20 14:11:34.486 BaseTest:353 - Six of Six Questions is displayed
[logsAndroid_Samsung INFO ] 2023-12-20 14:11:34.733 BaseTest:373 - Clicked on No Oedema option for Six of Six Questions
[logsAndroid_Samsung INFO ] 2023-12-20 14:11:37.528 BaseTest:353 - Physical Examination Summary Header is displayed
[logsAndroid_Samsung INFO ] 2023-12-20 14:11:37.797 BaseTest:373 - Clicked on Physical Examination Summary Confirm Button
[logsAndroid_Samsung INFO ] 2023-12-20 14:11:39.526 BaseTest:353 - First Medical Question is displayed
[logsAndroid_Samsung INFO ] 2023-12-20 14:11:39.699 BaseTest:353 - Pregnancy Status Question is displayed
[logsAndroid_Samsung INFO ] 2023-12-20 14:11:39.894 BaseTest:373 - Clicked on 'No' for Pregnancy Status
[logsAndroid_Samsung INFO ] 2023-12-20 14:11:41.723 BaseTest:353 - Second Medical Question is displayed
[logsAndroid_Samsung INFO ] 2023-12-20 14:11:41.942 BaseTest:353 - Allergy Question is displayed
[logsAndroid_Samsung INFO ] 2023-12-20 14:11:42.189 BaseTest:373 - Clicked on 'No Known Allergies'
[logsAndroid_Samsung INFO ] 2023-12-20 14:11:44.142 BaseTest:353 - Third Medical Question is displayed
[logsAndroid_Samsung INFO ] 2023-12-20 14:11:44.374 BaseTest:353 - Alcohol Question is displayed
[logsAndroid_Samsung INFO ] 2023-12-20 14:11:44.639 BaseTest:373 - Clicked on 'No' for Alcohol Question
[logsAndroid_Samsung INFO ] 2023-12-20 14:11:46.907 BaseTest:353 - Fourth Medical Question is displayed
[logsAndroid_Samsung INFO ] 2023-12-20 14:11:47.167 BaseTest:353 - Smoking Question is displayed
[logsAndroid_Samsung INFO ] 2023-12-20 14:11:47.815 BaseTest:373 - Clicked on 'Never Smoker'
[logsAndroid_Samsung INFO ] 2023-12-20 14:11:50.114 BaseTest:353 - Fifth Medical Question is displayed
[logsAndroid_Samsung INFO ] 2023-12-20 14:11:50.356 BaseTest:353 - Medicine Question is displayed
[logsAndroid_Samsung INFO ] 2023-12-20 14:11:50.582 BaseTest:373 - Clicked on 'No' for Medicine Question
[logsAndroid_Samsung INFO ] 2023-12-20 14:11:52.846 BaseTest:353 - Sixth Medical Question is displayed
[logsAndroid_Samsung INFO ] 2023-12-20 14:11:53.125 BaseTest:353 - History Questions are displayed
[logsAndroid_Samsung INFO ] 2023-12-20 14:11:53.423 BaseTest:373 - Clicked on 'Other' option to describe
[logsAndroid_Samsung INFO ] 2023-12-20 14:11:55.364 BaseTest:373 - Clicked on Submit button after describing
[logsAndroid_Samsung ERROR] 2023-12-20 14:16:55.978 TestListener:33 - org.openqa.selenium.TimeoutException: Expected condition failed: waiting for visibility of Located by By.chained({By.xpath: //android.widget.TextView[@text='4/4. Medical history: Family history']}) (tried for 300 second(s) with 500 milliseconds interval)
	at org.openqa.selenium.support.ui.WebDriverWait.timeoutException(WebDriverWait.java:84)
	at org.openqa.selenium.support.ui.FluentWait.until(FluentWait.java:230)
	at com.intelehealth.base.BaseTest.waitForVisibility(BaseTest.java:335)
	at com.intelehealth.base.BaseTest.isDisplayed(BaseTest.java:352)
	at com.intelehealth.pages.StartVisit3And4StepsPage.verifyPatientHistoryOtherDescribeTextBox(StartVisit3And4StepsPage.java:974)
	at com.intelehealth.tests.StartVisit3And4StepsTest.IDA4_2633_verifyOtherDescribeFunctionality(StartVisit3And4StepsTest.java:365)
	at java.base/jdk.internal.reflect.NativeMethodAccessorImpl.invoke0(Native Method)
	at java.base/jdk.internal.reflect.NativeMethodAccessorImpl.invoke(NativeMethodAccessorImpl.java:77)
	at java.base/jdk.internal.reflect.DelegatingMethodAccessorImpl.invoke(DelegatingMethodAccessorImpl.java:43)
	at java.base/java.lang.reflect.Method.invoke(Method.java:568)
	at org.testng.internal.invokers.MethodInvocationHelper.invokeMethod(MethodInvocationHelper.java:139)
	at org.testng.internal.invokers.TestInvoker.invokeMethod(TestInvoker.java:664)
	at org.testng.internal.invokers.TestInvoker.invokeTestMethod(TestInvoker.java:227)
	at org.testng.internal.invokers.MethodRunner.runInSequence(MethodRunner.java:50)
	at org.testng.internal.invokers.TestInvoker$MethodInvocationAgent.invoke(TestInvoker.java:957)
	at org.testng.internal.invokers.TestInvoker.invokeTestMethods(TestInvoker.java:200)
	at org.testng.internal.invokers.TestMethodWorker.invokeTestMethods(TestMethodWorker.java:148)
	at org.testng.internal.invokers.TestMethodWorker.run(TestMethodWorker.java:128)
	at java.base/java.util.ArrayList.forEach(ArrayList.java:1511)
	at org.testng.TestRunner.privateRun(TestRunner.java:848)
	at org.testng.TestRunner.run(TestRunner.java:621)
	at org.testng.SuiteRunner.runTest(SuiteRunner.java:443)
	at org.testng.SuiteRunner$SuiteWorker.run(SuiteRunner.java:481)
	at org.testng.internal.thread.ThreadUtil.lambda$execute$0(ThreadUtil.java:58)
	at java.base/java.util.concurrent.FutureTask.run(FutureTask.java:264)
	at java.base/java.util.concurrent.ThreadPoolExecutor.runWorker(ThreadPoolExecutor.java:1136)
	at java.base/java.util.concurrent.ThreadPoolExecutor$Worker.run(ThreadPoolExecutor.java:635)
	at java.base/java.lang.Thread.run(Thread.java:833)
Caused by: org.openqa.selenium.NoSuchElementException: Can't locate an element by this strategy: By.chained({By.xpath: //android.widget.TextView[@text='4/4. Medical history: Family history']})
	at io.appium.java_client.pagefactory.AppiumElementLocator.findElement(AppiumElementLocator.java:166)
	at io.appium.java_client.pagefactory.interceptors.InterceptorOfASingleElement.call(InterceptorOfASingleElement.java:64)
	at io.appium.java_client.proxy.Interceptor.intercept(Interceptor.java:78)
	at org.openqa.selenium.remote.RemoteWebElement$ByteBuddy$cZoA7CK9.isDisplayed(Unknown Source)
	at org.openqa.selenium.support.ui.ExpectedConditions.elementIfVisible(ExpectedConditions.java:304)
	at org.openqa.selenium.support.ui.ExpectedConditions.access$000(ExpectedConditions.java:37)
	at org.openqa.selenium.support.ui.ExpectedConditions$10.apply(ExpectedConditions.java:290)
	at org.openqa.selenium.support.ui.ExpectedConditions$10.apply(ExpectedConditions.java:287)
	at org.openqa.selenium.support.ui.FluentWait.until(FluentWait.java:205)
	... 26 more
Caused by: org.openqa.selenium.TimeoutException: Expected condition failed: waiting for io.appium.java_client.pagefactory.AppiumElementLocator$WaitingFunction@6d115ca7 (tried for 1 second(s) with 500 milliseconds interval)
	at org.openqa.selenium.support.ui.FluentWait.timeoutException(FluentWait.java:262)
	at org.openqa.selenium.support.ui.FluentWait.until(FluentWait.java:230)
	at io.appium.java_client.pagefactory.AppiumElementLocator.waitFor(AppiumElementLocator.java:135)
	at io.appium.java_client.pagefactory.AppiumElementLocator.findElement(AppiumElementLocator.java:160)
	... 34 more
Caused by: org.openqa.selenium.NoSuchElementException: Cannot locate an element using By.chained({By.xpath: //android.widget.TextView[@text='4/4. Medical history: Family history']})
For documentation on this error, please visit: https://www.selenium.dev/documentation/webdriver/troubleshooting/errors#no-such-element-exception
Build info: version: '4.13.0', revision: 'ba948ece5b*'
System info: os.name: 'Windows 10', os.arch: 'amd64', os.version: '10.0', java.version: '17.0.8.1'
Driver info: driver.version: RemoteWebDriver
	at io.appium.java_client.pagefactory.bys.builder.ByChained.findElement(ByChained.java:77)
	at org.openqa.selenium.remote.ElementLocation$ElementFinder$1.findElement(ElementLocation.java:139)
	at org.openqa.selenium.remote.ElementLocation.findElement(ElementLocation.java:59)
	at org.openqa.selenium.remote.RemoteWebDriver.findElement(RemoteWebDriver.java:359)
	at org.openqa.selenium.remote.RemoteWebDriver.findElement(RemoteWebDriver.java:353)
	at io.appium.java_client.pagefactory.bys.ContentMappedBy.findElement(ContentMappedBy.java:53)
	at org.openqa.selenium.remote.ElementLocation$ElementFinder$1.findElement(ElementLocation.java:139)
	at org.openqa.selenium.remote.ElementLocation.findElement(ElementLocation.java:59)
	at org.openqa.selenium.remote.RemoteWebDriver.findElement(RemoteWebDriver.java:359)
	at org.openqa.selenium.remote.RemoteWebDriver.findElement(RemoteWebDriver.java:353)
	at io.appium.java_client.pagefactory.AppiumElementLocator.lambda$findElement$1(AppiumElementLocator.java:160)
	at io.appium.java_client.pagefactory.AppiumElementLocator$WaitingFunction.apply(AppiumElementLocator.java:217)
	at io.appium.java_client.pagefactory.AppiumElementLocator$WaitingFunction.apply(AppiumElementLocator.java:210)
	at org.openqa.selenium.support.ui.FluentWait.until(FluentWait.java:205)
	... 36 more

[logsAndroid_Samsung INFO ] 2023-12-20 14:17:01.148 BaseTest:161 - video path: videos\Android_Samsung\2023-12-20-13-26-39\StartVisit3And4StepsTest\IDA4_2633_verifyOtherDescribeFunctionality.mp4
[logsAndroid_Samsung INFO ] 2023-12-20 14:17:01.892 StartVisit3And4StepsTest:39 - 
****** starting test:IDA4_2635_verifyDropdowns******

[logsAndroid_Samsung INFO ] 2023-12-20 14:17:43.980 StartVisit3And4StepsTest:69 - Handling app permissions and completing app setup
[logsAndroid_Samsung INFO ] 2023-12-20 14:19:54.268 StartVisit3And4StepsTest:79 - Registering a patient with provided details
[logsAndroid_Samsung INFO ] 2023-12-20 14:20:08.438 StartVisit3And4StepsTest:90 - Entering patient vitals details
[logsAndroid_Samsung INFO ] 2023-12-20 14:20:09.204 StartVisit3And4StepsTest:93 - Clicking on the 'Next' button after entering the first set of vitals
[logsAndroid_Samsung INFO ] 2023-12-20 14:20:10.293 StartVisit3And4StepsTest:97 - Clicking on the 'Confirm' button to confirm the entered vitals
[logsAndroid_Samsung INFO ] 2023-12-20 14:20:19.692 StartVisit3And4StepsTest:101 - Scrolling to the HyperTension section on the page
[logsAndroid_Samsung INFO ] 2023-12-20 14:20:22.503 StartVisit3And4StepsTest:105 - Selecting and confirming the visit reason as Hypertension
[logsAndroid_Samsung INFO ] 2023-12-20 14:20:53.869 StartVisit3And4StepsTest:109 - Handling the Hypertension-related visit questions
[logsAndroid_Samsung INFO ] 2023-12-20 14:20:54.120 StartVisit3And4StepsTest:112 - Verifying that the 'Associated Symptoms' title is displayed on the page
[logsAndroid_Samsung INFO ] 2023-12-20 14:20:54.483 StartVisit3And4StepsTest:116 - Selecting 'No' for the first associated symptom
[logsAndroid_Samsung INFO ] 2023-12-20 14:20:57.978 StartVisit3And4StepsTest:120 - Clicking on the main 'Submit' button for associated symptoms
[logsAndroid_Samsung INFO ] 2023-12-20 14:20:58.220 StartVisit3And4StepsTest:125 - Clicking on the 'Confirm' button on the visit reason summary screen
[logsAndroid_Samsung INFO ] 2023-12-20 14:20:59.353 StartVisit3And4StepsTest:129 - Clicking on the 'Okay' button to proceed
[logsAndroid_Samsung INFO ] 2023-12-20 14:20:59.999 BaseTest:353 - One of Six Questions is displayed
[logsAndroid_Samsung INFO ] 2023-12-20 14:21:00.196 BaseTest:373 - Clicked on Yes option for One of Six Questions
[logsAndroid_Samsung INFO ] 2023-12-20 14:21:02.444 BaseTest:353 - Two of Six Questions is displayed
[logsAndroid_Samsung INFO ] 2023-12-20 14:21:02.713 BaseTest:373 - Clicked on Normal option for Two of Six Questions
[logsAndroid_Samsung INFO ] 2023-12-20 14:21:04.681 BaseTest:353 - Three of Six Questions is displayed
[logsAndroid_Samsung INFO ] 2023-12-20 14:21:04.907 BaseTest:373 - Clicked on Normal option for Three of Six Questions
[logsAndroid_Samsung INFO ] 2023-12-20 14:21:07.206 BaseTest:353 - Four of Six Questions is displayed
[logsAndroid_Samsung INFO ] 2023-12-20 14:21:07.452 BaseTest:373 - Clicked on Nails are Normal option for Four of Six Questions
[logsAndroid_Samsung INFO ] 2023-12-20 14:21:09.692 BaseTest:353 - Five of Six Questions is displayed
[logsAndroid_Samsung INFO ] 2023-12-20 14:21:09.957 BaseTest:373 - Clicked on Nails are Normal option for Five of Six Questions
[logsAndroid_Samsung INFO ] 2023-12-20 14:21:12.213 BaseTest:353 - Six of Six Questions is displayed
[logsAndroid_Samsung INFO ] 2023-12-20 14:21:12.471 BaseTest:373 - Clicked on No Oedema option for Six of Six Questions
[logsAndroid_Samsung INFO ] 2023-12-20 14:21:15.195 BaseTest:353 - Physical Examination Summary Header is displayed
[logsAndroid_Samsung INFO ] 2023-12-20 14:21:15.566 BaseTest:373 - Clicked on Physical Examination Summary Confirm Button
[logsAndroid_Samsung INFO ] 2023-12-20 14:21:17.400 BaseTest:353 - First Medical Question is displayed
[logsAndroid_Samsung INFO ] 2023-12-20 14:21:17.637 BaseTest:353 - Pregnancy Status Question is displayed
[logsAndroid_Samsung INFO ] 2023-12-20 14:21:17.798 BaseTest:373 - Clicked on 'No' for Pregnancy Status
[logsAndroid_Samsung INFO ] 2023-12-20 14:21:19.561 BaseTest:353 - Second Medical Question is displayed
[logsAndroid_Samsung INFO ] 2023-12-20 14:21:19.768 BaseTest:353 - Allergy Question is displayed
[logsAndroid_Samsung INFO ] 2023-12-20 14:21:19.940 BaseTest:373 - Clicked on 'No Known Allergies'
[logsAndroid_Samsung INFO ] 2023-12-20 14:21:21.907 BaseTest:353 - Third Medical Question is displayed
[logsAndroid_Samsung INFO ] 2023-12-20 14:21:22.140 BaseTest:353 - Alcohol Question is displayed
[logsAndroid_Samsung INFO ] 2023-12-20 14:21:22.361 BaseTest:373 - Clicked on 'Yes' for Alcohol Question
[logsAndroid_Samsung INFO ] 2023-12-20 14:21:24.375 BaseTest:373 - Clicked on Number Dropdown
[logsAndroid_Samsung INFO ] 2023-12-20 14:21:25.495 BaseTest:373 - Selected 'Three' from Number Dropdown
[logsAndroid_Samsung INFO ] 2023-12-20 14:21:26.406 BaseTest:373 - Clicked on Duration Dropdown
[logsAndroid_Samsung INFO ] 2023-12-20 14:21:27.481 BaseTest:373 - Selected 'Weeks' from Duration Dropdown
[logsAndroid_Samsung INFO ] 2023-12-20 14:21:28.459 BaseTest:353 - Number 'Three' is displayed
[logsAndroid_Samsung INFO ] 2023-12-20 14:21:28.695 BaseTest:353 - Duration 'Weeks' is displayed
[logsAndroid_Samsung INFO ] 2023-12-20 14:21:33.037 BaseTest:161 - video path: videos\Android_Samsung\2023-12-20-13-26-39\StartVisit3And4StepsTest\IDA4_2635_verifyDropdowns.mp4
[logsAndroid_Samsung INFO ] 2023-12-20 14:21:33.738 StartVisit3And4StepsTest:39 - 
****** starting test:IDA4_2636_verifyCalenderSelectionOption******

[logsAndroid_Samsung INFO ] 2023-12-20 14:22:11.700 StartVisit3And4StepsTest:69 - Handling app permissions and completing app setup
[logsAndroid_Samsung INFO ] 2023-12-20 14:24:19.678 StartVisit3And4StepsTest:79 - Registering a patient with provided details
[logsAndroid_Samsung INFO ] 2023-12-20 14:24:31.757 StartVisit3And4StepsTest:90 - Entering patient vitals details
[logsAndroid_Samsung INFO ] 2023-12-20 14:24:32.418 StartVisit3And4StepsTest:93 - Clicking on the 'Next' button after entering the first set of vitals
[logsAndroid_Samsung INFO ] 2023-12-20 14:24:33.601 StartVisit3And4StepsTest:97 - Clicking on the 'Confirm' button to confirm the entered vitals
[logsAndroid_Samsung INFO ] 2023-12-20 14:24:43.737 StartVisit3And4StepsTest:101 - Scrolling to the HyperTension section on the page
[logsAndroid_Samsung INFO ] 2023-12-20 14:24:46.520 StartVisit3And4StepsTest:105 - Selecting and confirming the visit reason as Hypertension
[logsAndroid_Samsung INFO ] 2023-12-20 14:25:18.801 StartVisit3And4StepsTest:109 - Handling the Hypertension-related visit questions
[logsAndroid_Samsung INFO ] 2023-12-20 14:25:19.105 StartVisit3And4StepsTest:112 - Verifying that the 'Associated Symptoms' title is displayed on the page
[logsAndroid_Samsung INFO ] 2023-12-20 14:25:19.444 StartVisit3And4StepsTest:116 - Selecting 'No' for the first associated symptom
[logsAndroid_Samsung INFO ] 2023-12-20 14:25:21.517 StartVisit3And4StepsTest:120 - Clicking on the main 'Submit' button for associated symptoms
[logsAndroid_Samsung INFO ] 2023-12-20 14:25:23.154 StartVisit3And4StepsTest:125 - Clicking on the 'Confirm' button on the visit reason summary screen
[logsAndroid_Samsung INFO ] 2023-12-20 14:25:24.953 StartVisit3And4StepsTest:129 - Clicking on the 'Okay' button to proceed
[logsAndroid_Samsung INFO ] 2023-12-20 14:25:25.071 BaseTest:353 - One of Six Questions is displayed
[logsAndroid_Samsung INFO ] 2023-12-20 14:25:25.251 BaseTest:373 - Clicked on Yes option for One of Six Questions
[logsAndroid_Samsung INFO ] 2023-12-20 14:25:27.481 BaseTest:353 - Two of Six Questions is displayed
[logsAndroid_Samsung INFO ] 2023-12-20 14:25:27.720 BaseTest:373 - Clicked on Normal option for Two of Six Questions
[logsAndroid_Samsung INFO ] 2023-12-20 14:25:29.664 BaseTest:353 - Three of Six Questions is displayed
[logsAndroid_Samsung INFO ] 2023-12-20 14:25:29.941 BaseTest:373 - Clicked on Normal option for Three of Six Questions
[logsAndroid_Samsung INFO ] 2023-12-20 14:25:32.189 BaseTest:353 - Four of Six Questions is displayed
[logsAndroid_Samsung INFO ] 2023-12-20 14:25:32.408 BaseTest:373 - Clicked on Nails are Normal option for Four of Six Questions
[logsAndroid_Samsung INFO ] 2023-12-20 14:25:34.655 BaseTest:353 - Five of Six Questions is displayed
[logsAndroid_Samsung INFO ] 2023-12-20 14:25:34.882 BaseTest:373 - Clicked on Nails are Normal option for Five of Six Questions
[logsAndroid_Samsung INFO ] 2023-12-20 14:25:37.181 BaseTest:353 - Six of Six Questions is displayed
[logsAndroid_Samsung INFO ] 2023-12-20 14:25:37.447 BaseTest:373 - Clicked on No Oedema option for Six of Six Questions
[logsAndroid_Samsung INFO ] 2023-12-20 14:25:40.233 BaseTest:353 - Physical Examination Summary Header is displayed
[logsAndroid_Samsung INFO ] 2023-12-20 14:25:40.551 BaseTest:373 - Clicked on Physical Examination Summary Confirm Button
[logsAndroid_Samsung INFO ] 2023-12-20 14:25:42.325 BaseTest:353 - First Medical Question is displayed
[logsAndroid_Samsung INFO ] 2023-12-20 14:25:42.519 BaseTest:353 - Pregnancy Status Question is displayed
[logsAndroid_Samsung INFO ] 2023-12-20 14:25:42.716 BaseTest:373 - Clicked on 'Yes' for Pregnancy Status
[logsAndroid_Samsung INFO ] 2023-12-20 14:25:44.753 BaseTest:373 - Clicked on Previous Month Arrow
[logsAndroid_Samsung INFO ] 2023-12-20 14:25:45.848 BaseTest:373 - Clicked on a Date
[logsAndroid_Samsung INFO ] 2023-12-20 14:25:51.163 BaseTest:161 - video path: videos\Android_Samsung\2023-12-20-13-26-39\StartVisit3And4StepsTest\IDA4_2636_verifyCalenderSelectionOption.mp4
[logsAndroid_Samsung INFO ] 2023-12-20 14:25:51.859 StartVisit3And4StepsTest:39 - 
****** starting test:IDA4_2637_verifySelectedDateAppearsOnPatientHistoryScreen******

[logsAndroid_Samsung INFO ] 2023-12-20 14:26:29.216 StartVisit3And4StepsTest:69 - Handling app permissions and completing app setup
[logsAndroid_Samsung INFO ] 2023-12-20 14:28:38.056 StartVisit3And4StepsTest:79 - Registering a patient with provided details
[logsAndroid_Samsung INFO ] 2023-12-20 14:28:51.734 StartVisit3And4StepsTest:90 - Entering patient vitals details
[logsAndroid_Samsung INFO ] 2023-12-20 14:28:52.430 StartVisit3And4StepsTest:93 - Clicking on the 'Next' button after entering the first set of vitals
[logsAndroid_Samsung INFO ] 2023-12-20 14:28:53.667 StartVisit3And4StepsTest:97 - Clicking on the 'Confirm' button to confirm the entered vitals
[logsAndroid_Samsung INFO ] 2023-12-20 14:29:02.835 StartVisit3And4StepsTest:101 - Scrolling to the HyperTension section on the page
[logsAndroid_Samsung INFO ] 2023-12-20 14:29:05.789 StartVisit3And4StepsTest:105 - Selecting and confirming the visit reason as Hypertension
[logsAndroid_Samsung INFO ] 2023-12-20 14:29:37.833 StartVisit3And4StepsTest:109 - Handling the Hypertension-related visit questions
[logsAndroid_Samsung INFO ] 2023-12-20 14:29:38.104 StartVisit3And4StepsTest:112 - Verifying that the 'Associated Symptoms' title is displayed on the page
[logsAndroid_Samsung INFO ] 2023-12-20 14:29:38.409 StartVisit3And4StepsTest:116 - Selecting 'No' for the first associated symptom
[logsAndroid_Samsung INFO ] 2023-12-20 14:29:41.908 StartVisit3And4StepsTest:120 - Clicking on the main 'Submit' button for associated symptoms
[logsAndroid_Samsung INFO ] 2023-12-20 14:29:42.137 StartVisit3And4StepsTest:125 - Clicking on the 'Confirm' button on the visit reason summary screen
[logsAndroid_Samsung INFO ] 2023-12-20 14:29:43.327 StartVisit3And4StepsTest:129 - Clicking on the 'Okay' button to proceed
[logsAndroid_Samsung INFO ] 2023-12-20 14:29:43.925 BaseTest:353 - One of Six Questions is displayed
[logsAndroid_Samsung INFO ] 2023-12-20 14:29:44.182 BaseTest:373 - Clicked on Yes option for One of Six Questions
[logsAndroid_Samsung INFO ] 2023-12-20 14:29:46.451 BaseTest:353 - Two of Six Questions is displayed
[logsAndroid_Samsung INFO ] 2023-12-20 14:29:46.675 BaseTest:373 - Clicked on Normal option for Two of Six Questions
[logsAndroid_Samsung INFO ] 2023-12-20 14:29:49.181 BaseTest:353 - Three of Six Questions is displayed
[logsAndroid_Samsung INFO ] 2023-12-20 14:29:49.379 BaseTest:373 - Clicked on Normal option for Three of Six Questions
[logsAndroid_Samsung INFO ] 2023-12-20 14:29:51.617 BaseTest:353 - Four of Six Questions is displayed
[logsAndroid_Samsung INFO ] 2023-12-20 14:29:51.852 BaseTest:373 - Clicked on Nails are Normal option for Four of Six Questions
[logsAndroid_Samsung INFO ] 2023-12-20 14:29:54.095 BaseTest:353 - Five of Six Questions is displayed
[logsAndroid_Samsung INFO ] 2023-12-20 14:29:54.325 BaseTest:373 - Clicked on Nails are Normal option for Five of Six Questions
[logsAndroid_Samsung INFO ] 2023-12-20 14:29:56.558 BaseTest:353 - Six of Six Questions is displayed
[logsAndroid_Samsung INFO ] 2023-12-20 14:29:56.772 BaseTest:373 - Clicked on No Oedema option for Six of Six Questions
[logsAndroid_Samsung INFO ] 2023-12-20 14:29:59.333 BaseTest:353 - Physical Examination Summary Header is displayed
[logsAndroid_Samsung INFO ] 2023-12-20 14:29:59.653 BaseTest:373 - Clicked on Physical Examination Summary Confirm Button
[logsAndroid_Samsung INFO ] 2023-12-20 14:30:01.401 BaseTest:353 - First Medical Question is displayed
[logsAndroid_Samsung INFO ] 2023-12-20 14:30:02.203 BaseTest:353 - Pregnancy Status Question is displayed
[logsAndroid_Samsung INFO ] 2023-12-20 14:30:02.398 BaseTest:373 - Clicked on 'Yes' for Pregnancy Status
[logsAndroid_Samsung INFO ] 2023-12-20 14:30:04.939 BaseTest:373 - Clicked on Previous Month Arrow
[logsAndroid_Samsung INFO ] 2023-12-20 14:30:05.798 BaseTest:373 - Clicked on a Date
[logsAndroid_Samsung INFO ] 2023-12-20 14:30:11.586 BaseTest:161 - video path: videos\Android_Samsung\2023-12-20-13-26-39\StartVisit3And4StepsTest\IDA4_2637_verifySelectedDateAppearsOnPatientHistoryScreen.mp4
[logsAndroid_Samsung INFO ] 2023-12-20 14:30:12.672 StartVisit3And4StepsTest:39 - 
****** starting test:IDA4_2622_verifyChangesUpdated******

[logsAndroid_Samsung INFO ] 2023-12-20 15:04:21.572 BaseTest:271 - log path: logs\Android_Samsung
[logsAndroid_Samsung INFO ] 2023-12-20 15:04:21.584 BaseTest:277 - load config.properties
[logsAndroid_Samsung INFO ] 2023-12-20 15:04:32.221 BaseTest:315 - driver initialized: AndroidDriver:  on ANDROID (ce451f91-dec1-4985-93bd-0f30efb788fb)
[logsAndroid_Samsung INFO ] 2023-12-20 15:04:33.199 StartVisit3And4StepsTest:39 - 
****** starting test:IDA4_2652_verifyPatientHistoryScreenChangeButton******

[logsAndroid_Samsung INFO ] 2023-12-20 15:06:09.954 BaseTest:271 - log path: logs\Android_Samsung
[logsAndroid_Samsung INFO ] 2023-12-20 15:06:09.971 BaseTest:277 - load config.properties
[logsAndroid_Samsung FATAL] 2023-12-20 15:06:15.111 BaseTest:317 - driver initialization failure. ABORT!!!
org.openqa.selenium.SessionNotCreatedException: Could not start a new session. Response code 500. Message: An unknown server-side error occurred while processing the command. Original error: UiAutomator2 Server cannot start because the local port #10000 is busy. Make sure the port you provide via 'systemPort' capability is not occupied. This situation might often be a result of an inaccurate sessions management, e.g. old automation sessions on the same device must always be closed before starting new ones. 
Host info: host: 'DESKTOP-LAAIDQD', ip: '192.168.43.151'
Build info: version: '4.13.0', revision: 'ba948ece5b*'
System info: os.name: 'Windows 10', os.arch: 'amd64', os.version: '10.0', java.version: '17.0.8.1'
Driver info: io.appium.java_client.android.AndroidDriver
Command: [null, newSession {capabilities=[{appium:automationName=UiAutomator2, appium:avd=Samsung, appium:avdLaunchTimeout=120000, appium:deviceName=Samsung, platformName=ANDROID, appium:systemPort=10000, appium:udid=emulator-5554}], desiredCapabilities=Capabilities {automationName: UiAutomator2, avd: Samsung, avdLaunchTimeout: 120000, deviceName: Samsung, platformName: ANDROID, systemPort: 10000, udid: emulator-5554}}]
Capabilities {automationName: UiAutomator2, avd: Samsung, avdLaunchTimeout: 120000, deviceName: Samsung, platformName: ANDROID, systemPort: 10000, udid: emulator-5554}
[logsAndroid_Samsung INFO ] 2023-12-20 15:06:38.972 BaseTest:271 - log path: logs\Android_Samsung
[logsAndroid_Samsung INFO ] 2023-12-20 15:06:38.983 BaseTest:277 - load config.properties
[logsAndroid_Samsung INFO ] 2023-12-20 15:06:51.323 BaseTest:315 - driver initialized: AndroidDriver:  on ANDROID (9e6560d8-d1f2-4808-9fd6-96c7f4e3ace9)
[logsAndroid_Samsung INFO ] 2023-12-20 15:07:03.453 StartVisit3And4StepsTest:39 - 
****** starting test:IDA4_2652_verifyPatientHistoryScreenChangeButton******

[logsAndroid_Samsung INFO ] 2023-12-20 15:08:01.047 StartVisit3And4StepsTest:69 - Handling app permissions and completing app setup
[logsAndroid_Samsung INFO ] 2023-12-20 15:10:24.505 StartVisit3And4StepsTest:79 - Registering a patient with provided details
[logsAndroid_Samsung INFO ] 2023-12-20 15:10:39.953 StartVisit3And4StepsTest:90 - Entering patient vitals details
[logsAndroid_Samsung INFO ] 2023-12-20 15:10:40.962 StartVisit3And4StepsTest:93 - Clicking on the 'Next' button after entering the first set of vitals
[logsAndroid_Samsung INFO ] 2023-12-20 15:10:42.440 StartVisit3And4StepsTest:97 - Clicking on the 'Confirm' button to confirm the entered vitals
[logsAndroid_Samsung INFO ] 2023-12-20 15:10:54.561 StartVisit3And4StepsTest:101 - Scrolling to the HyperTension section on the page
[logsAndroid_Samsung INFO ] 2023-12-20 15:10:59.870 StartVisit3And4StepsTest:105 - Selecting and confirming the visit reason as Hypertension
[logsAndroid_Samsung INFO ] 2023-12-20 15:11:39.101 StartVisit3And4StepsTest:109 - Handling the Hypertension-related visit questions
[logsAndroid_Samsung INFO ] 2023-12-20 15:11:39.679 StartVisit3And4StepsTest:112 - Verifying that the 'Associated Symptoms' title is displayed on the page
[logsAndroid_Samsung INFO ] 2023-12-20 15:11:40.253 StartVisit3And4StepsTest:116 - Selecting 'No' for the first associated symptom
[logsAndroid_Samsung INFO ] 2023-12-20 15:11:42.525 StartVisit3And4StepsTest:120 - Clicking on the main 'Submit' button for associated symptoms
[logsAndroid_Samsung INFO ] 2023-12-20 15:11:44.262 StartVisit3And4StepsTest:125 - Clicking on the 'Confirm' button on the visit reason summary screen
[logsAndroid_Samsung INFO ] 2023-12-20 15:11:46.148 StartVisit3And4StepsTest:129 - Clicking on the 'Okay' button to proceed
[logsAndroid_Samsung INFO ] 2023-12-20 15:11:46.721 BaseTest:353 - One of Six Questions is displayed
[logsAndroid_Samsung INFO ] 2023-12-20 15:11:47.145 BaseTest:373 - Clicked on Yes option for One of Six Questions
[logsAndroid_Samsung INFO ] 2023-12-20 15:11:49.715 BaseTest:353 - Two of Six Questions is displayed
[logsAndroid_Samsung INFO ] 2023-12-20 15:11:50.175 BaseTest:373 - Clicked on Normal option for Two of Six Questions
[logsAndroid_Samsung INFO ] 2023-12-20 15:11:52.642 BaseTest:353 - Three of Six Questions is displayed
[logsAndroid_Samsung INFO ] 2023-12-20 15:11:53.105 BaseTest:373 - Clicked on Normal option for Three of Six Questions
[logsAndroid_Samsung INFO ] 2023-12-20 15:11:55.804 BaseTest:353 - Four of Six Questions is displayed
[logsAndroid_Samsung INFO ] 2023-12-20 15:11:56.137 BaseTest:373 - Clicked on Nails are Normal option for Four of Six Questions
[logsAndroid_Samsung INFO ] 2023-12-20 15:11:58.402 BaseTest:353 - Five of Six Questions is displayed
[logsAndroid_Samsung INFO ] 2023-12-20 15:11:58.858 BaseTest:373 - Clicked on Nails are Normal option for Five of Six Questions
[logsAndroid_Samsung INFO ] 2023-12-20 15:12:02.210 BaseTest:353 - Six of Six Questions is displayed
[logsAndroid_Samsung INFO ] 2023-12-20 15:12:02.618 BaseTest:373 - Clicked on No Oedema option for Six of Six Questions
[logsAndroid_Samsung INFO ] 2023-12-20 15:12:06.014 BaseTest:353 - Physical Examination Summary Header is displayed
[logsAndroid_Samsung INFO ] 2023-12-20 15:12:07.389 BaseTest:373 - Clicked on Confirm Button
[logsAndroid_Samsung INFO ] 2023-12-20 15:12:09.396 BaseTest:353 - Medical history question 1 is displayed
[logsAndroid_Samsung INFO ] 2023-12-20 15:12:09.929 BaseTest:353 - Pregnancy status question is displayed
[logsAndroid_Samsung INFO ] 2023-12-20 15:12:10.253 BaseTest:373 - Clicked on 'No' for pregnancy status
[logsAndroid_Samsung INFO ] 2023-12-20 15:12:12.505 BaseTest:353 - Medical history question 2 is displayed
[logsAndroid_Samsung INFO ] 2023-12-20 15:12:13.016 BaseTest:353 - Allergy question is displayed
[logsAndroid_Samsung INFO ] 2023-12-20 15:12:13.538 BaseTest:373 - Clicked on 'No Known Allergies'
[logsAndroid_Samsung INFO ] 2023-12-20 15:12:15.956 BaseTest:353 - Medical history question 3 is displayed
[logsAndroid_Samsung INFO ] 2023-12-20 15:12:16.368 BaseTest:353 - Alcohol consumption question is displayed
[logsAndroid_Samsung INFO ] 2023-12-20 15:12:16.641 BaseTest:373 - Clicked on 'No' for alcohol consumption
[logsAndroid_Samsung INFO ] 2023-12-20 15:12:19.248 BaseTest:353 - Medical history question 4 is displayed
[logsAndroid_Samsung INFO ] 2023-12-20 15:12:19.556 BaseTest:353 - Smoking question is displayed
[logsAndroid_Samsung INFO ] 2023-12-20 15:12:20.046 BaseTest:373 - Clicked on 'Never Smoker'
[logsAndroid_Samsung INFO ] 2023-12-20 15:12:22.712 BaseTest:353 - Medical history question 5 is displayed
[logsAndroid_Samsung INFO ] 2023-12-20 15:12:22.989 BaseTest:353 - Medicine question is displayed
[logsAndroid_Samsung INFO ] 2023-12-20 15:12:23.384 BaseTest:373 - Clicked on 'No' for medicine history
[logsAndroid_Samsung INFO ] 2023-12-20 15:12:26.082 BaseTest:353 - Medical history question 6 is displayed
[logsAndroid_Samsung INFO ] 2023-12-20 15:12:26.453 BaseTest:353 - History question is displayed
[logsAndroid_Samsung INFO ] 2023-12-20 15:12:26.903 BaseTest:373 - Clicked on 'None' for history
[logsAndroid_Samsung INFO ] 2023-12-20 15:12:29.679 BaseTest:373 - Clicked on Submit for history
[logsAndroid_Samsung INFO ] 2023-12-20 15:12:32.317 BaseTest:373 - Clicked on 'Other' option
[logsAndroid_Samsung INFO ] 2023-12-20 15:12:35.749 BaseTest:373 - Clicked on Submit button
[logsAndroid_Samsung INFO ] 2023-12-20 15:12:37.705 BaseTest:353 - Medical History Summary Screen Header is displayed
[logsAndroid_Samsung INFO ] 2023-12-20 15:12:38.097 BaseTest:373 - Clicked on Patient History Change Button
[logsAndroid_Samsung INFO ] 2023-12-20 15:12:40.457 BaseTest:353 - Medical History Header is displayed
[logsAndroid_Samsung INFO ] 2023-12-20 15:12:45.293 BaseTest:161 - video path: videos\Android_Samsung\2023-12-20-15-06-38\StartVisit3And4StepsTest\IDA4_2652_verifyPatientHistoryScreenChangeButton.mp4
[logsAndroid_Samsung INFO ] 2023-12-20 15:12:46.307 StartVisit3And4StepsTest:39 - 
****** starting test:IDA4_2653_verifyFamilyHistoryScreenChangeButton******

[logsAndroid_Samsung INFO ] 2023-12-20 15:25:32.356 BaseTest:271 - log path: logs\Android_Samsung
[logsAndroid_Samsung INFO ] 2023-12-20 15:25:32.366 BaseTest:277 - load config.properties
[logsAndroid_Samsung INFO ] 2023-12-20 15:25:53.200 BaseTest:315 - driver initialized: AndroidDriver:  on ANDROID (54bd331d-7793-45d5-b8c8-a07035cc02a5)
[logsAndroid_Samsung INFO ] 2023-12-20 15:25:54.142 StartVisit3And4StepsTest:39 - 
****** starting test:IDA4_2652_verifyPatientHistoryScreenChangeButton******

[logsAndroid_Samsung INFO ] 2023-12-20 15:27:47.334 StartVisit3And4StepsTest:69 - Handling app permissions and completing app setup
[logsAndroid_Samsung INFO ] 2023-12-20 15:37:53.960 BaseTest:271 - log path: logs\Android_Samsung
[logsAndroid_Samsung INFO ] 2023-12-20 15:37:53.967 BaseTest:277 - load config.properties
[logsAndroid_Samsung INFO ] 2023-12-20 15:38:06.688 BaseTest:315 - driver initialized: AndroidDriver:  on ANDROID (5ad13ce3-abdc-4e09-b40e-e8b0cb366e2a)
[logsAndroid_Samsung INFO ] 2023-12-20 15:38:07.857 StartVisit3And4StepsTest:39 - 
****** starting test:IDA4_2652_verifyPatientHistoryScreenChangeButton******

[logsAndroid_Samsung INFO ] 2023-12-20 15:39:10.484 StartVisit3And4StepsTest:69 - Handling app permissions and completing app setup
[logsAndroid_Samsung INFO ] 2023-12-20 15:41:35.145 StartVisit3And4StepsTest:79 - Registering a patient with provided details
[logsAndroid_Samsung INFO ] 2023-12-20 15:41:52.655 StartVisit3And4StepsTest:90 - Entering patient vitals details
[logsAndroid_Samsung INFO ] 2023-12-20 15:41:53.462 StartVisit3And4StepsTest:93 - Clicking on the 'Next' button after entering the first set of vitals
[logsAndroid_Samsung INFO ] 2023-12-20 15:41:55.956 StartVisit3And4StepsTest:97 - Clicking on the 'Confirm' button to confirm the entered vitals
[logsAndroid_Samsung INFO ] 2023-12-20 15:42:08.718 StartVisit3And4StepsTest:101 - Scrolling to the HyperTension section on the page
[logsAndroid_Samsung INFO ] 2023-12-20 15:42:12.485 StartVisit3And4StepsTest:105 - Selecting and confirming the visit reason as Hypertension
[logsAndroid_Samsung INFO ] 2023-12-20 15:52:17.225 BaseTest:271 - log path: logs\Android_Samsung
[logsAndroid_Samsung INFO ] 2023-12-20 15:52:17.240 BaseTest:277 - load config.properties
[logsAndroid_Samsung INFO ] 2023-12-20 15:52:29.708 BaseTest:315 - driver initialized: AndroidDriver:  on ANDROID (939e62c9-6ea1-46a1-9d59-044d54479805)
[logsAndroid_Samsung INFO ] 2023-12-20 15:52:30.747 StartVisit3And4StepsTest:33 - 
****** starting test:IDA4_2652_verifyPatientHistoryScreenChangeButton******

[logsAndroid_Samsung INFO ] 2023-12-20 15:53:35.289 StartVisit3And4StepsTest:63 - Handling app permissions and completing app setup
[logsAndroid_Samsung INFO ] 2023-12-20 15:55:53.541 StartVisit3And4StepsTest:73 - Registering a patient with provided details
[logsAndroid_Samsung INFO ] 2023-12-20 15:56:10.507 StartVisit3And4StepsTest:84 - Entering patient vitals details
[logsAndroid_Samsung INFO ] 2023-12-20 15:56:11.402 StartVisit3And4StepsTest:87 - Clicking on the 'Next' button after entering the first set of vitals
[logsAndroid_Samsung INFO ] 2023-12-20 15:56:13.297 StartVisit3And4StepsTest:91 - Clicking on the 'Confirm' button to confirm the entered vitals
[logsAndroid_Samsung INFO ] 2023-12-20 15:56:25.848 StartVisit3And4StepsTest:95 - Scrolling to the HyperTension section on the page
[logsAndroid_Samsung INFO ] 2023-12-20 15:56:29.639 StartVisit3And4StepsTest:99 - Selecting and confirming the visit reason as Hypertension
[logsAndroid_Samsung INFO ] 2023-12-20 15:57:08.531 StartVisit3And4StepsTest:103 - Handling the Hypertension-related visit questions
[logsAndroid_Samsung INFO ] 2023-12-20 15:57:09.168 StartVisit3And4StepsTest:106 - Verifying that the 'Associated Symptoms' title is displayed on the page
[logsAndroid_Samsung INFO ] 2023-12-20 15:57:09.682 StartVisit3And4StepsTest:110 - Selecting 'No' for the first associated symptom
[logsAndroid_Samsung INFO ] 2023-12-20 15:57:13.494 StartVisit3And4StepsTest:114 - Clicking on the main 'Submit' button for associated symptoms
[logsAndroid_Samsung INFO ] 2023-12-20 15:57:14.044 StartVisit3And4StepsTest:119 - Clicking on the 'Confirm' button on the visit reason summary screen
[logsAndroid_Samsung INFO ] 2023-12-20 15:57:15.436 StartVisit3And4StepsTest:123 - Clicking on the 'Okay' button to proceed
[logsAndroid_Samsung INFO ] 2023-12-20 15:57:16.111 BaseTest:353 - One of Six Questions is displayed
[logsAndroid_Samsung INFO ] 2023-12-20 15:57:16.395 BaseTest:373 - Clicked on Yes option for One of Six Questions
[logsAndroid_Samsung INFO ] 2023-12-20 15:57:18.921 BaseTest:353 - Two of Six Questions is displayed
[logsAndroid_Samsung INFO ] 2023-12-20 15:57:19.350 BaseTest:373 - Clicked on Normal option for Two of Six Questions
[logsAndroid_Samsung INFO ] 2023-12-20 15:57:21.518 BaseTest:353 - Three of Six Questions is displayed
[logsAndroid_Samsung INFO ] 2023-12-20 15:57:21.932 BaseTest:373 - Clicked on Normal option for Three of Six Questions
[logsAndroid_Samsung INFO ] 2023-12-20 15:57:24.492 BaseTest:353 - Four of Six Questions is displayed
[logsAndroid_Samsung INFO ] 2023-12-20 15:57:24.786 BaseTest:373 - Clicked on Nails are Normal option for Four of Six Questions
[logsAndroid_Samsung INFO ] 2023-12-20 15:57:27.328 BaseTest:353 - Five of Six Questions is displayed
[logsAndroid_Samsung INFO ] 2023-12-20 15:57:27.841 BaseTest:373 - Clicked on Nails are Normal option for Five of Six Questions
[logsAndroid_Samsung INFO ] 2023-12-20 15:57:30.340 BaseTest:353 - Six of Six Questions is displayed
[logsAndroid_Samsung INFO ] 2023-12-20 15:57:30.739 BaseTest:373 - Clicked on No Oedema option for Six of Six Questions
[logsAndroid_Samsung INFO ] 2023-12-20 15:57:34.654 BaseTest:353 - Physical Examination Summary Header is displayed
[logsAndroid_Samsung INFO ] 2023-12-20 15:57:36.160 BaseTest:373 - Clicked on Confirm Button
[logsAndroid_Samsung INFO ] 2023-12-20 15:57:38.164 BaseTest:353 - Medical history question 1 is displayed
[logsAndroid_Samsung INFO ] 2023-12-20 15:57:38.415 BaseTest:353 - Pregnancy status question is displayed
[logsAndroid_Samsung INFO ] 2023-12-20 15:57:38.605 BaseTest:373 - Clicked on 'No' for pregnancy status
[logsAndroid_Samsung INFO ] 2023-12-20 15:57:40.525 BaseTest:353 - Medical history question 2 is displayed
[logsAndroid_Samsung INFO ] 2023-12-20 15:57:40.855 BaseTest:353 - Allergy question is displayed
[logsAndroid_Samsung INFO ] 2023-12-20 15:57:41.142 BaseTest:373 - Clicked on 'No Known Allergies'
[logsAndroid_Samsung INFO ] 2023-12-20 15:57:43.369 BaseTest:353 - Medical history question 3 is displayed
[logsAndroid_Samsung INFO ] 2023-12-20 15:57:43.773 BaseTest:353 - Alcohol consumption question is displayed
[logsAndroid_Samsung INFO ] 2023-12-20 15:57:44.067 BaseTest:373 - Clicked on 'No' for alcohol consumption
[logsAndroid_Samsung INFO ] 2023-12-20 15:57:46.818 BaseTest:353 - Medical history question 4 is displayed
[logsAndroid_Samsung INFO ] 2023-12-20 15:57:47.358 BaseTest:353 - Smoking question is displayed
[logsAndroid_Samsung INFO ] 2023-12-20 15:57:47.896 BaseTest:373 - Clicked on 'Never Smoker'
[logsAndroid_Samsung INFO ] 2023-12-20 15:57:50.476 BaseTest:353 - Medical history question 5 is displayed
[logsAndroid_Samsung INFO ] 2023-12-20 15:57:50.910 BaseTest:353 - Medicine question is displayed
[logsAndroid_Samsung INFO ] 2023-12-20 15:57:51.212 BaseTest:373 - Clicked on 'No' for medicine history
[logsAndroid_Samsung INFO ] 2023-12-20 15:57:53.693 BaseTest:353 - Medical history question 6 is displayed
[logsAndroid_Samsung INFO ] 2023-12-20 15:57:54.186 BaseTest:353 - History question is displayed
[logsAndroid_Samsung INFO ] 2023-12-20 15:57:54.568 BaseTest:373 - Clicked on 'None' for history
[logsAndroid_Samsung INFO ] 2023-12-20 15:57:58.475 BaseTest:373 - Clicked on Submit for history
[logsAndroid_Samsung INFO ] 2023-12-20 15:58:01.696 BaseTest:373 - Clicked on 'Other' option
[logsAndroid_Samsung INFO ] 2023-12-20 15:58:04.426 BaseTest:373 - Clicked on Submit button
[logsAndroid_Samsung INFO ] 2023-12-20 15:58:07.110 BaseTest:353 - Medical History Summary Screen Header is displayed
[logsAndroid_Samsung INFO ] 2023-12-20 15:58:07.591 BaseTest:373 - Clicked on Patient History Change Button
[logsAndroid_Samsung INFO ] 2023-12-20 15:58:09.942 BaseTest:353 - Medical History Header is displayed
[logsAndroid_Samsung INFO ] 2023-12-20 15:58:15.559 BaseTest:161 - video path: videos\Android_Samsung\2023-12-20-15-52-17\StartVisit3And4StepsTest\IDA4_2652_verifyPatientHistoryScreenChangeButton.mp4
[logsAndroid_Samsung INFO ] 2023-12-20 15:58:16.687 StartVisit3And4StepsTest:33 - 
****** starting test:IDA4_2653_verifyFamilyHistoryScreenChangeButton******

[logsAndroid_Samsung INFO ] 2023-12-20 15:59:05.859 StartVisit3And4StepsTest:63 - Handling app permissions and completing app setup
[logsAndroid_Samsung INFO ] 2023-12-20 16:01:28.717 StartVisit3And4StepsTest:73 - Registering a patient with provided details
[logsAndroid_Samsung INFO ] 2023-12-20 16:01:43.621 StartVisit3And4StepsTest:84 - Entering patient vitals details
[logsAndroid_Samsung INFO ] 2023-12-20 16:01:44.638 StartVisit3And4StepsTest:87 - Clicking on the 'Next' button after entering the first set of vitals
[logsAndroid_Samsung INFO ] 2023-12-20 16:01:46.794 StartVisit3And4StepsTest:91 - Clicking on the 'Confirm' button to confirm the entered vitals
[logsAndroid_Samsung INFO ] 2023-12-20 16:01:59.922 StartVisit3And4StepsTest:95 - Scrolling to the HyperTension section on the page
[logsAndroid_Samsung INFO ] 2023-12-20 16:02:03.672 StartVisit3And4StepsTest:99 - Selecting and confirming the visit reason as Hypertension
[logsAndroid_Samsung INFO ] 2023-12-20 16:02:42.478 StartVisit3And4StepsTest:103 - Handling the Hypertension-related visit questions
[logsAndroid_Samsung INFO ] 2023-12-20 16:02:43.145 StartVisit3And4StepsTest:106 - Verifying that the 'Associated Symptoms' title is displayed on the page
[logsAndroid_Samsung INFO ] 2023-12-20 16:02:43.698 StartVisit3And4StepsTest:110 - Selecting 'No' for the first associated symptom
[logsAndroid_Samsung INFO ] 2023-12-20 16:02:45.706 StartVisit3And4StepsTest:114 - Clicking on the main 'Submit' button for associated symptoms
[logsAndroid_Samsung INFO ] 2023-12-20 16:02:47.703 StartVisit3And4StepsTest:119 - Clicking on the 'Confirm' button on the visit reason summary screen
[logsAndroid_Samsung INFO ] 2023-12-20 16:02:49.170 StartVisit3And4StepsTest:123 - Clicking on the 'Okay' button to proceed
[logsAndroid_Samsung INFO ] 2023-12-20 16:02:50.010 BaseTest:353 - One of Six Questions is displayed
[logsAndroid_Samsung INFO ] 2023-12-20 16:02:50.327 BaseTest:373 - Clicked on Yes option for One of Six Questions
[logsAndroid_Samsung INFO ] 2023-12-20 16:02:52.747 BaseTest:353 - Two of Six Questions is displayed
[logsAndroid_Samsung INFO ] 2023-12-20 16:02:53.253 BaseTest:373 - Clicked on Normal option for Two of Six Questions
[logsAndroid_Samsung INFO ] 2023-12-20 16:02:55.408 BaseTest:353 - Three of Six Questions is displayed
[logsAndroid_Samsung INFO ] 2023-12-20 16:02:55.880 BaseTest:373 - Clicked on Normal option for Three of Six Questions
[logsAndroid_Samsung INFO ] 2023-12-20 16:02:58.528 BaseTest:353 - Four of Six Questions is displayed
[logsAndroid_Samsung INFO ] 2023-12-20 16:02:58.942 BaseTest:373 - Clicked on Nails are Normal option for Four of Six Questions
[logsAndroid_Samsung INFO ] 2023-12-20 16:03:01.696 BaseTest:353 - Five of Six Questions is displayed
[logsAndroid_Samsung INFO ] 2023-12-20 16:03:02.012 BaseTest:373 - Clicked on Nails are Normal option for Five of Six Questions
[logsAndroid_Samsung INFO ] 2023-12-20 16:03:04.352 BaseTest:353 - Six of Six Questions is displayed
[logsAndroid_Samsung INFO ] 2023-12-20 16:03:04.629 BaseTest:373 - Clicked on No Oedema option for Six of Six Questions
[logsAndroid_Samsung INFO ] 2023-12-20 16:03:08.052 BaseTest:353 - Physical Examination Summary Header is displayed
[logsAndroid_Samsung INFO ] 2023-12-20 16:03:09.349 BaseTest:373 - Clicked on Confirm Button
[logsAndroid_Samsung INFO ] 2023-12-20 16:03:11.664 BaseTest:353 - Medical history question 1 is displayed
[logsAndroid_Samsung INFO ] 2023-12-20 16:03:12.051 BaseTest:353 - Pregnancy status question is displayed
[logsAndroid_Samsung INFO ] 2023-12-20 16:03:12.371 BaseTest:373 - Clicked on 'No' for pregnancy status
[logsAndroid_Samsung INFO ] 2023-12-20 16:03:14.359 BaseTest:353 - Medical history question 2 is displayed
[logsAndroid_Samsung INFO ] 2023-12-20 16:03:14.690 BaseTest:353 - Allergy question is displayed
[logsAndroid_Samsung INFO ] 2023-12-20 16:03:14.966 BaseTest:373 - Clicked on 'No Known Allergies'
[logsAndroid_Samsung INFO ] 2023-12-20 16:03:17.201 BaseTest:353 - Medical history question 3 is displayed
[logsAndroid_Samsung INFO ] 2023-12-20 16:03:17.635 BaseTest:353 - Alcohol consumption question is displayed
[logsAndroid_Samsung INFO ] 2023-12-20 16:03:18.006 BaseTest:373 - Clicked on 'No' for alcohol consumption
[logsAndroid_Samsung INFO ] 2023-12-20 16:03:20.624 BaseTest:353 - Medical history question 4 is displayed
[logsAndroid_Samsung INFO ] 2023-12-20 16:03:21.320 BaseTest:353 - Smoking question is displayed
[logsAndroid_Samsung INFO ] 2023-12-20 16:03:21.677 BaseTest:373 - Clicked on 'Never Smoker'
[logsAndroid_Samsung INFO ] 2023-12-20 16:03:24.045 BaseTest:353 - Medical history question 5 is displayed
[logsAndroid_Samsung INFO ] 2023-12-20 16:03:24.407 BaseTest:353 - Medicine question is displayed
[logsAndroid_Samsung INFO ] 2023-12-20 16:03:25.035 BaseTest:373 - Clicked on 'No' for medicine history
[logsAndroid_Samsung INFO ] 2023-12-20 16:03:27.591 BaseTest:353 - Medical history question 6 is displayed
[logsAndroid_Samsung INFO ] 2023-12-20 16:03:28.073 BaseTest:353 - History question is displayed
[logsAndroid_Samsung INFO ] 2023-12-20 16:03:28.497 BaseTest:373 - Clicked on 'None' for history
[logsAndroid_Samsung INFO ] 2023-12-20 16:03:31.284 BaseTest:373 - Clicked on Submit for history
[logsAndroid_Samsung INFO ] 2023-12-20 16:03:33.885 BaseTest:373 - Clicked on 'Other' option
[logsAndroid_Samsung INFO ] 2023-12-20 16:03:37.399 BaseTest:373 - Clicked on Submit button
[logsAndroid_Samsung INFO ] 2023-12-20 16:03:40.619 BaseTest:353 - Medical History Summary Screen Header is displayed
[logsAndroid_Samsung INFO ] 2023-12-20 16:03:40.940 BaseTest:373 - Clicked on Family History Change Button
[logsAndroid_Samsung INFO ] 2023-12-20 16:03:42.908 BaseTest:353 - Medical History Header is displayed
[logsAndroid_Samsung INFO ] 2023-12-20 16:03:49.109 BaseTest:161 - video path: videos\Android_Samsung\2023-12-20-15-52-17\StartVisit3And4StepsTest\IDA4_2653_verifyFamilyHistoryScreenChangeButton.mp4
[logsAndroid_Samsung INFO ] 2023-12-20 16:03:50.163 StartVisit3And4StepsTest:33 - 
****** starting test:IDA4_2655_verifyBackButtonFunctionality******

[logsAndroid_Samsung INFO ] 2023-12-20 16:04:36.830 StartVisit3And4StepsTest:63 - Handling app permissions and completing app setup
[logsAndroid_Samsung INFO ] 2023-12-20 16:06:51.592 StartVisit3And4StepsTest:73 - Registering a patient with provided details
[logsAndroid_Samsung INFO ] 2023-12-20 16:07:07.204 StartVisit3And4StepsTest:84 - Entering patient vitals details
[logsAndroid_Samsung INFO ] 2023-12-20 16:07:07.992 StartVisit3And4StepsTest:87 - Clicking on the 'Next' button after entering the first set of vitals
[logsAndroid_Samsung INFO ] 2023-12-20 16:07:09.332 StartVisit3And4StepsTest:91 - Clicking on the 'Confirm' button to confirm the entered vitals
[logsAndroid_Samsung INFO ] 2023-12-20 16:07:21.687 StartVisit3And4StepsTest:95 - Scrolling to the HyperTension section on the page
[logsAndroid_Samsung INFO ] 2023-12-20 16:07:26.509 StartVisit3And4StepsTest:99 - Selecting and confirming the visit reason as Hypertension
[logsAndroid_Samsung INFO ] 2023-12-20 16:08:03.557 StartVisit3And4StepsTest:103 - Handling the Hypertension-related visit questions
[logsAndroid_Samsung INFO ] 2023-12-20 16:08:04.233 StartVisit3And4StepsTest:106 - Verifying that the 'Associated Symptoms' title is displayed on the page
[logsAndroid_Samsung INFO ] 2023-12-20 16:08:04.613 StartVisit3And4StepsTest:110 - Selecting 'No' for the first associated symptom
[logsAndroid_Samsung INFO ] 2023-12-20 16:08:07.872 StartVisit3And4StepsTest:114 - Clicking on the main 'Submit' button for associated symptoms
[logsAndroid_Samsung INFO ] 2023-12-20 16:08:09.001 StartVisit3And4StepsTest:119 - Clicking on the 'Confirm' button on the visit reason summary screen
[logsAndroid_Samsung INFO ] 2023-12-20 16:08:11.055 StartVisit3And4StepsTest:123 - Clicking on the 'Okay' button to proceed
[logsAndroid_Samsung INFO ] 2023-12-20 16:08:11.327 BaseTest:353 - One of Six Questions is displayed
[logsAndroid_Samsung INFO ] 2023-12-20 16:08:11.837 BaseTest:373 - Clicked on Yes option for One of Six Questions
[logsAndroid_Samsung INFO ] 2023-12-20 16:08:14.350 BaseTest:353 - Two of Six Questions is displayed
[logsAndroid_Samsung INFO ] 2023-12-20 16:08:14.695 BaseTest:373 - Clicked on Normal option for Two of Six Questions
[logsAndroid_Samsung INFO ] 2023-12-20 16:08:16.863 BaseTest:353 - Three of Six Questions is displayed
[logsAndroid_Samsung INFO ] 2023-12-20 16:08:17.266 BaseTest:373 - Clicked on Normal option for Three of Six Questions
[logsAndroid_Samsung INFO ] 2023-12-20 16:08:19.731 BaseTest:353 - Four of Six Questions is displayed
[logsAndroid_Samsung INFO ] 2023-12-20 16:08:20.146 BaseTest:373 - Clicked on Nails are Normal option for Four of Six Questions
[logsAndroid_Samsung INFO ] 2023-12-20 16:08:22.543 BaseTest:353 - Five of Six Questions is displayed
[logsAndroid_Samsung INFO ] 2023-12-20 16:08:22.863 BaseTest:373 - Clicked on Nails are Normal option for Five of Six Questions
[logsAndroid_Samsung INFO ] 2023-12-20 16:08:25.502 BaseTest:353 - Six of Six Questions is displayed
[logsAndroid_Samsung INFO ] 2023-12-20 16:08:25.776 BaseTest:373 - Clicked on No Oedema option for Six of Six Questions
[logsAndroid_Samsung INFO ] 2023-12-20 16:08:29.771 BaseTest:353 - Physical Examination Summary Header is displayed
[logsAndroid_Samsung INFO ] 2023-12-20 16:08:31.021 BaseTest:373 - Clicked on Confirm Button
[logsAndroid_Samsung INFO ] 2023-12-20 16:08:32.881 BaseTest:353 - Medical history question 1 is displayed
[logsAndroid_Samsung INFO ] 2023-12-20 16:08:33.339 BaseTest:353 - Pregnancy status question is displayed
[logsAndroid_Samsung INFO ] 2023-12-20 16:08:33.626 BaseTest:373 - Clicked on 'No' for pregnancy status
[logsAndroid_Samsung INFO ] 2023-12-20 16:08:35.670 BaseTest:353 - Medical history question 2 is displayed
[logsAndroid_Samsung INFO ] 2023-12-20 16:08:35.875 BaseTest:353 - Allergy question is displayed
[logsAndroid_Samsung INFO ] 2023-12-20 16:08:36.185 BaseTest:373 - Clicked on 'No Known Allergies'
[logsAndroid_Samsung INFO ] 2023-12-20 16:08:38.336 BaseTest:353 - Medical history question 3 is displayed
[logsAndroid_Samsung INFO ] 2023-12-20 16:08:38.748 BaseTest:353 - Alcohol consumption question is displayed
[logsAndroid_Samsung INFO ] 2023-12-20 16:08:39.169 BaseTest:373 - Clicked on 'No' for alcohol consumption
[logsAndroid_Samsung INFO ] 2023-12-20 16:08:41.917 BaseTest:353 - Medical history question 4 is displayed
[logsAndroid_Samsung INFO ] 2023-12-20 16:08:42.364 BaseTest:353 - Smoking question is displayed
[logsAndroid_Samsung INFO ] 2023-12-20 16:08:42.927 BaseTest:373 - Clicked on 'Never Smoker'
[logsAndroid_Samsung INFO ] 2023-12-20 16:08:45.708 BaseTest:353 - Medical history question 5 is displayed
[logsAndroid_Samsung INFO ] 2023-12-20 16:08:45.965 BaseTest:353 - Medicine question is displayed
[logsAndroid_Samsung INFO ] 2023-12-20 16:08:46.218 BaseTest:373 - Clicked on 'No' for medicine history
[logsAndroid_Samsung INFO ] 2023-12-20 16:08:48.633 BaseTest:353 - Medical history question 6 is displayed
[logsAndroid_Samsung INFO ] 2023-12-20 16:08:49.130 BaseTest:353 - History question is displayed
[logsAndroid_Samsung INFO ] 2023-12-20 16:08:49.412 BaseTest:373 - Clicked on 'None' for history
[logsAndroid_Samsung INFO ] 2023-12-20 16:08:52.082 BaseTest:373 - Clicked on Submit for history
[logsAndroid_Samsung INFO ] 2023-12-20 16:08:54.662 BaseTest:373 - Clicked on 'Other' option
[logsAndroid_Samsung INFO ] 2023-12-20 16:08:58.056 BaseTest:373 - Clicked on Submit button
[logsAndroid_Samsung INFO ] 2023-12-20 16:09:00.905 BaseTest:353 - Medical History Summary Screen Header is displayed
[logsAndroid_Samsung ERROR] 2023-12-20 16:13:48.846 TestListener:33 - org.openqa.selenium.WebDriverException: An unknown server-side error occurred while processing the command. Original error: 'POST /element' cannot be proxied to UiAutomator2 server because the instrumentation process is not running (probably crashed). Check the server log and/or the logcat output for more details
Build info: version: '4.13.0', revision: 'ba948ece5b*'
System info: os.name: 'Windows 10', os.arch: 'amd64', os.version: '10.0', java.version: '17.0.8.1'
Driver info: io.appium.java_client.android.AndroidDriver
Command: [939e62c9-6ea1-46a1-9d59-044d54479805, findElement {using=accessibility id, value=Family History Fragment Cancel Button}]
Capabilities {appium:automationName: UiAutomator2, appium:avd: Samsung, appium:avdLaunchTimeout: 120000, appium:databaseEnabled: false, appium:desired: {automationName: UiAutomator2, avd: Samsung, avdLaunchTimeout: 120000, deviceName: Samsung, platformName: ANDROID, systemPort: 10000, udid: emulator-5554}, appium:deviceApiLevel: 31, appium:deviceManufacturer: Google, appium:deviceModel: sdk_gphone64_x86_64, appium:deviceName: emulator-5554, appium:deviceScreenDensity: 440, appium:deviceScreenSize: 1080x2340, appium:deviceUDID: emulator-5554, appium:javascriptEnabled: true, appium:locationContextEnabled: false, appium:networkConnectionEnabled: true, appium:pixelRatio: 2.75, appium:platformVersion: 12, appium:statBarHeight: 66, appium:systemPort: 10000, appium:takesScreenshot: true, appium:udid: emulator-5554, appium:viewportRect: {height: 2142, left: 0, top: 66, width: 1080}, appium:warnings: {}, appium:webStorageEnabled: false, platformName: ANDROID}
Session ID: 939e62c9-6ea1-46a1-9d59-044d54479805
	at java.base/jdk.internal.reflect.NativeConstructorAccessorImpl.newInstance0(Native Method)
	at java.base/jdk.internal.reflect.NativeConstructorAccessorImpl.newInstance(NativeConstructorAccessorImpl.java:77)
	at java.base/jdk.internal.reflect.DelegatingConstructorAccessorImpl.newInstance(DelegatingConstructorAccessorImpl.java:45)
	at java.base/java.lang.reflect.Constructor.newInstanceWithCaller(Constructor.java:499)
	at java.base/java.lang.reflect.Constructor.newInstance(Constructor.java:480)
	at org.openqa.selenium.remote.codec.w3c.W3CHttpResponseCodec.createException(W3CHttpResponseCodec.java:200)
	at org.openqa.selenium.remote.codec.w3c.W3CHttpResponseCodec.decode(W3CHttpResponseCodec.java:133)
	at org.openqa.selenium.remote.codec.w3c.W3CHttpResponseCodec.decode(W3CHttpResponseCodec.java:52)
	at org.openqa.selenium.remote.HttpCommandExecutor.execute(HttpCommandExecutor.java:191)
	at io.appium.java_client.remote.AppiumCommandExecutor.execute(AppiumCommandExecutor.java:250)
	at org.openqa.selenium.remote.RemoteWebDriver.execute(RemoteWebDriver.java:602)
	at org.openqa.selenium.remote.ElementLocation$ElementFinder$2.findElement(ElementLocation.java:165)
	at org.openqa.selenium.remote.ElementLocation.findElement(ElementLocation.java:59)
	at org.openqa.selenium.remote.RemoteWebDriver.findElement(RemoteWebDriver.java:359)
	at org.openqa.selenium.remote.RemoteWebDriver.findElement(RemoteWebDriver.java:353)
	at io.appium.java_client.pagefactory.bys.builder.ByChained.lambda$getSearchingFunction$0(ByChained.java:41)
	at org.openqa.selenium.support.ui.FluentWait.until(FluentWait.java:205)
	at io.appium.java_client.pagefactory.bys.builder.ByChained.findElement(ByChained.java:75)
	at org.openqa.selenium.remote.ElementLocation$ElementFinder$1.findElement(ElementLocation.java:139)
	at org.openqa.selenium.remote.ElementLocation.findElement(ElementLocation.java:59)
	at org.openqa.selenium.remote.RemoteWebDriver.findElement(RemoteWebDriver.java:359)
	at org.openqa.selenium.remote.RemoteWebDriver.findElement(RemoteWebDriver.java:353)
	at io.appium.java_client.pagefactory.bys.ContentMappedBy.findElement(ContentMappedBy.java:53)
	at org.openqa.selenium.remote.ElementLocation$ElementFinder$1.findElement(ElementLocation.java:139)
	at org.openqa.selenium.remote.ElementLocation.findElement(ElementLocation.java:59)
	at org.openqa.selenium.remote.RemoteWebDriver.findElement(RemoteWebDriver.java:359)
	at org.openqa.selenium.remote.RemoteWebDriver.findElement(RemoteWebDriver.java:353)
	at io.appium.java_client.pagefactory.AppiumElementLocator.lambda$findElement$1(AppiumElementLocator.java:160)
	at io.appium.java_client.pagefactory.AppiumElementLocator$WaitingFunction.apply(AppiumElementLocator.java:217)
	at io.appium.java_client.pagefactory.AppiumElementLocator$WaitingFunction.apply(AppiumElementLocator.java:210)
	at org.openqa.selenium.support.ui.FluentWait.until(FluentWait.java:205)
	at io.appium.java_client.pagefactory.AppiumElementLocator.waitFor(AppiumElementLocator.java:135)
	at io.appium.java_client.pagefactory.AppiumElementLocator.findElement(AppiumElementLocator.java:160)
	at io.appium.java_client.pagefactory.interceptors.InterceptorOfASingleElement.call(InterceptorOfASingleElement.java:64)
	at io.appium.java_client.proxy.Interceptor.intercept(Interceptor.java:78)
	at org.openqa.selenium.remote.RemoteWebElement$ByteBuddy$W2lNeF4v.isDisplayed(Unknown Source)
	at org.openqa.selenium.support.ui.ExpectedConditions.elementIfVisible(ExpectedConditions.java:304)
	at org.openqa.selenium.support.ui.ExpectedConditions.access$000(ExpectedConditions.java:37)
	at org.openqa.selenium.support.ui.ExpectedConditions$10.apply(ExpectedConditions.java:290)
	at org.openqa.selenium.support.ui.ExpectedConditions$10.apply(ExpectedConditions.java:287)
	at org.openqa.selenium.support.ui.FluentWait.until(FluentWait.java:205)
	at com.intelehealth.base.BaseTest.waitForVisibility(BaseTest.java:335)
	at com.intelehealth.base.BaseTest.click(BaseTest.java:372)
	at com.intelehealth.pages.StartVisit3And4StepsPage.verifyMedicalHistorySummaryScreenBackButton(StartVisit3And4StepsPage.java:880)
	at com.intelehealth.tests.StartVisit3And4StepsTest.IDA4_2655_verifyBackButtonFunctionality(StartVisit3And4StepsTest.java:329)
	at java.base/jdk.internal.reflect.NativeMethodAccessorImpl.invoke0(Native Method)
	at java.base/jdk.internal.reflect.NativeMethodAccessorImpl.invoke(NativeMethodAccessorImpl.java:77)
	at java.base/jdk.internal.reflect.DelegatingMethodAccessorImpl.invoke(DelegatingMethodAccessorImpl.java:43)
	at java.base/java.lang.reflect.Method.invoke(Method.java:568)
	at org.testng.internal.invokers.MethodInvocationHelper.invokeMethod(MethodInvocationHelper.java:139)
	at org.testng.internal.invokers.TestInvoker.invokeMethod(TestInvoker.java:664)
	at org.testng.internal.invokers.TestInvoker.invokeTestMethod(TestInvoker.java:227)
	at org.testng.internal.invokers.MethodRunner.runInSequence(MethodRunner.java:50)
	at org.testng.internal.invokers.TestInvoker$MethodInvocationAgent.invoke(TestInvoker.java:957)
	at org.testng.internal.invokers.TestInvoker.invokeTestMethods(TestInvoker.java:200)
	at org.testng.internal.invokers.TestMethodWorker.invokeTestMethods(TestMethodWorker.java:148)
	at org.testng.internal.invokers.TestMethodWorker.run(TestMethodWorker.java:128)
	at java.base/java.util.ArrayList.forEach(ArrayList.java:1511)
	at org.testng.TestRunner.privateRun(TestRunner.java:848)
	at org.testng.TestRunner.run(TestRunner.java:621)
	at org.testng.SuiteRunner.runTest(SuiteRunner.java:443)
	at org.testng.SuiteRunner$SuiteWorker.run(SuiteRunner.java:481)
	at org.testng.internal.thread.ThreadUtil.lambda$execute$0(ThreadUtil.java:58)
	at java.base/java.util.concurrent.FutureTask.run(FutureTask.java:264)
	at java.base/java.util.concurrent.ThreadPoolExecutor.runWorker(ThreadPoolExecutor.java:1136)
	at java.base/java.util.concurrent.ThreadPoolExecutor$Worker.run(ThreadPoolExecutor.java:635)
	at java.base/java.lang.Thread.run(Thread.java:833)

[logsAndroid_Samsung ERROR] 2023-12-20 16:13:48.877 TestListener:33 - org.openqa.selenium.WebDriverException: An unknown server-side error occurred while processing the command. Original error: 'GET /screenshot' cannot be proxied to UiAutomator2 server because the instrumentation process is not running (probably crashed). Check the server log and/or the logcat output for more details
Build info: version: '4.13.0', revision: 'ba948ece5b*'
System info: os.name: 'Windows 10', os.arch: 'amd64', os.version: '10.0', java.version: '17.0.8.1'
Driver info: io.appium.java_client.android.AndroidDriver
Command: [939e62c9-6ea1-46a1-9d59-044d54479805, screenshot {}]
Capabilities {appium:automationName: UiAutomator2, appium:avd: Samsung, appium:avdLaunchTimeout: 120000, appium:databaseEnabled: false, appium:desired: {automationName: UiAutomator2, avd: Samsung, avdLaunchTimeout: 120000, deviceName: Samsung, platformName: ANDROID, systemPort: 10000, udid: emulator-5554}, appium:deviceApiLevel: 31, appium:deviceManufacturer: Google, appium:deviceModel: sdk_gphone64_x86_64, appium:deviceName: emulator-5554, appium:deviceScreenDensity: 440, appium:deviceScreenSize: 1080x2340, appium:deviceUDID: emulator-5554, appium:javascriptEnabled: true, appium:locationContextEnabled: false, appium:networkConnectionEnabled: true, appium:pixelRatio: 2.75, appium:platformVersion: 12, appium:statBarHeight: 66, appium:systemPort: 10000, appium:takesScreenshot: true, appium:udid: emulator-5554, appium:viewportRect: {height: 2142, left: 0, top: 66, width: 1080}, appium:warnings: {}, appium:webStorageEnabled: false, platformName: ANDROID}
Session ID: 939e62c9-6ea1-46a1-9d59-044d54479805
	at java.base/jdk.internal.reflect.NativeConstructorAccessorImpl.newInstance0(Native Method)
	at java.base/jdk.internal.reflect.NativeConstructorAccessorImpl.newInstance(NativeConstructorAccessorImpl.java:77)
	at java.base/jdk.internal.reflect.DelegatingConstructorAccessorImpl.newInstance(DelegatingConstructorAccessorImpl.java:45)
	at java.base/java.lang.reflect.Constructor.newInstanceWithCaller(Constructor.java:499)
	at java.base/java.lang.reflect.Constructor.newInstance(Constructor.java:480)
	at org.openqa.selenium.remote.codec.w3c.W3CHttpResponseCodec.createException(W3CHttpResponseCodec.java:200)
	at org.openqa.selenium.remote.codec.w3c.W3CHttpResponseCodec.decode(W3CHttpResponseCodec.java:133)
	at org.openqa.selenium.remote.codec.w3c.W3CHttpResponseCodec.decode(W3CHttpResponseCodec.java:52)
	at org.openqa.selenium.remote.HttpCommandExecutor.execute(HttpCommandExecutor.java:191)
	at io.appium.java_client.remote.AppiumCommandExecutor.execute(AppiumCommandExecutor.java:250)
	at org.openqa.selenium.remote.RemoteWebDriver.execute(RemoteWebDriver.java:602)
	at org.openqa.selenium.remote.RemoteWebDriver.execute(RemoteWebDriver.java:675)
	at io.appium.java_client.AppiumDriver.execute(AppiumDriver.java:313)
	at org.openqa.selenium.remote.RemoteWebDriver.getScreenshotAs(RemoteWebDriver.java:325)
	at io.appium.java_client.AppiumDriver.getScreenshotAs(AppiumDriver.java:322)
	at com.intelehealth.listeners.TestListener.onTestFailure(TestListener.java:37)
	at org.testng.internal.TestListenerHelper.runTestListeners(TestListenerHelper.java:108)
	at org.testng.internal.invokers.TestInvoker.runTestResultListener(TestInvoker.java:262)
	at org.testng.internal.invokers.TestInvoker.invokeMethod(TestInvoker.java:751)
	at org.testng.internal.invokers.TestInvoker.invokeTestMethod(TestInvoker.java:227)
	at org.testng.internal.invokers.MethodRunner.runInSequence(MethodRunner.java:50)
	at org.testng.internal.invokers.TestInvoker$MethodInvocationAgent.invoke(TestInvoker.java:957)
	at org.testng.internal.invokers.TestInvoker.invokeTestMethods(TestInvoker.java:200)
	at org.testng.internal.invokers.TestMethodWorker.invokeTestMethods(TestMethodWorker.java:148)
	at org.testng.internal.invokers.TestMethodWorker.run(TestMethodWorker.java:128)
	at java.base/java.util.ArrayList.forEach(ArrayList.java:1511)
	at org.testng.TestRunner.privateRun(TestRunner.java:848)
	at org.testng.TestRunner.run(TestRunner.java:621)
	at org.testng.SuiteRunner.runTest(SuiteRunner.java:443)
	at org.testng.SuiteRunner$SuiteWorker.run(SuiteRunner.java:481)
	at org.testng.internal.thread.ThreadUtil.lambda$execute$0(ThreadUtil.java:58)
	at java.base/java.util.concurrent.FutureTask.run(FutureTask.java:264)
	at java.base/java.util.concurrent.ThreadPoolExecutor.runWorker(ThreadPoolExecutor.java:1136)
	at java.base/java.util.concurrent.ThreadPoolExecutor$Worker.run(ThreadPoolExecutor.java:635)
	at java.base/java.lang.Thread.run(Thread.java:833)

[logsAndroid_Samsung INFO ] 2023-12-20 16:21:27.049 BaseTest:271 - log path: logs\Android_Samsung
[logsAndroid_Samsung INFO ] 2023-12-20 16:21:27.060 BaseTest:277 - load config.properties
[logsAndroid_Samsung INFO ] 2023-12-20 16:22:11.907 BaseTest:315 - driver initialized: AndroidDriver:  on ANDROID (0dc73f79-2d49-47d7-8665-e5e826be920c)
[logsAndroid_Samsung INFO ] 2023-12-20 16:22:13.167 StartVisit3And4StepsTest:33 - 
****** starting test:IDA4_2652_verifyPatientHistoryScreenChangeButton******

[logsAndroid_Samsung INFO ] 2023-12-20 16:23:33.822 StartVisit3And4StepsTest:63 - Handling app permissions and completing app setup
[logsAndroid_Samsung INFO ] 2023-12-20 16:38:10.062 BaseTest:271 - log path: logs\Android_Samsung
[logsAndroid_Samsung INFO ] 2023-12-20 16:38:10.081 BaseTest:277 - load config.properties
[logsAndroid_Samsung INFO ] 2023-12-20 16:38:23.344 BaseTest:315 - driver initialized: AndroidDriver:  on ANDROID (e779be76-df45-4c19-aefc-692ceafab9d7)
[logsAndroid_Samsung INFO ] 2023-12-20 16:38:24.188 StartVisit3And4StepsTest:33 - 
****** starting test:IDA4_2652_verifyPatientHistoryScreenChangeButton******

[logsAndroid_Samsung INFO ] 2023-12-20 16:39:32.683 StartVisit3And4StepsTest:63 - Handling app permissions and completing app setup
[logsAndroid_Samsung INFO ] 2023-12-20 16:41:54.351 StartVisit3And4StepsTest:73 - Registering a patient with provided details
[logsAndroid_Samsung INFO ] 2023-12-20 16:42:11.520 StartVisit3And4StepsTest:84 - Entering patient vitals details
[logsAndroid_Samsung INFO ] 2023-12-20 16:42:12.475 StartVisit3And4StepsTest:87 - Clicking on the 'Next' button after entering the first set of vitals
[logsAndroid_Samsung INFO ] 2023-12-20 16:42:13.954 StartVisit3And4StepsTest:91 - Clicking on the 'Confirm' button to confirm the entered vitals
[logsAndroid_Samsung INFO ] 2023-12-20 16:42:27.060 StartVisit3And4StepsTest:95 - Scrolling to the HyperTension section on the page
[logsAndroid_Samsung INFO ] 2023-12-20 16:42:30.948 StartVisit3And4StepsTest:99 - Selecting and confirming the visit reason as Hypertension
[logsAndroid_Samsung INFO ] 2023-12-20 16:43:09.907 StartVisit3And4StepsTest:103 - Handling the Hypertension-related visit questions
[logsAndroid_Samsung INFO ] 2023-12-20 16:43:10.622 StartVisit3And4StepsTest:106 - Verifying that the 'Associated Symptoms' title is displayed on the page
[logsAndroid_Samsung INFO ] 2023-12-20 16:43:11.101 StartVisit3And4StepsTest:110 - Selecting 'No' for the first associated symptom
[logsAndroid_Samsung INFO ] 2023-12-20 16:43:14.954 StartVisit3And4StepsTest:114 - Clicking on the main 'Submit' button for associated symptoms
[logsAndroid_Samsung INFO ] 2023-12-20 16:43:15.476 StartVisit3And4StepsTest:119 - Clicking on the 'Confirm' button on the visit reason summary screen
[logsAndroid_Samsung INFO ] 2023-12-20 16:43:16.830 StartVisit3And4StepsTest:123 - Clicking on the 'Okay' button to proceed
[logsAndroid_Samsung INFO ] 2023-12-20 16:43:17.583 BaseTest:353 - One of Six Questions is displayed
[logsAndroid_Samsung INFO ] 2023-12-20 16:43:17.990 BaseTest:373 - Clicked on Yes option for One of Six Questions
[logsAndroid_Samsung INFO ] 2023-12-20 16:43:20.609 BaseTest:353 - Two of Six Questions is displayed
[logsAndroid_Samsung INFO ] 2023-12-20 16:43:21.137 BaseTest:373 - Clicked on Normal option for Two of Six Questions
[logsAndroid_Samsung INFO ] 2023-12-20 16:43:23.432 BaseTest:353 - Three of Six Questions is displayed
[logsAndroid_Samsung INFO ] 2023-12-20 16:43:23.815 BaseTest:373 - Clicked on Normal option for Three of Six Questions
[logsAndroid_Samsung INFO ] 2023-12-20 16:43:26.445 BaseTest:353 - Four of Six Questions is displayed
[logsAndroid_Samsung INFO ] 2023-12-20 16:43:26.872 BaseTest:373 - Clicked on Nails are Normal option for Four of Six Questions
[logsAndroid_Samsung INFO ] 2023-12-20 16:43:29.143 BaseTest:353 - Five of Six Questions is displayed
[logsAndroid_Samsung INFO ] 2023-12-20 16:43:29.951 BaseTest:373 - Clicked on Nails are Normal option for Five of Six Questions
[logsAndroid_Samsung INFO ] 2023-12-20 16:43:32.728 BaseTest:353 - Six of Six Questions is displayed
[logsAndroid_Samsung INFO ] 2023-12-20 16:43:32.992 BaseTest:373 - Clicked on No Oedema option for Six of Six Questions
[logsAndroid_Samsung INFO ] 2023-12-20 16:43:36.405 BaseTest:353 - Physical Examination Summary Header is displayed
[logsAndroid_Samsung INFO ] 2023-12-20 16:43:36.777 BaseTest:373 - Clicked on Confirm Button
[logsAndroid_Samsung INFO ] 2023-12-20 16:43:39.999 BaseTest:353 - Medical history question 1 is displayed
[logsAndroid_Samsung INFO ] 2023-12-20 16:43:40.318 BaseTest:353 - Pregnancy status question is displayed
[logsAndroid_Samsung INFO ] 2023-12-20 16:43:40.604 BaseTest:373 - Clicked on 'No' for pregnancy status
[logsAndroid_Samsung INFO ] 2023-12-20 16:43:42.596 BaseTest:353 - Medical history question 2 is displayed
[logsAndroid_Samsung INFO ] 2023-12-20 16:43:42.881 BaseTest:353 - Allergy question is displayed
[logsAndroid_Samsung INFO ] 2023-12-20 16:43:43.122 BaseTest:373 - Clicked on 'No Known Allergies'
[logsAndroid_Samsung INFO ] 2023-12-20 16:43:45.419 BaseTest:353 - Medical history question 3 is displayed
[logsAndroid_Samsung INFO ] 2023-12-20 16:43:45.975 BaseTest:353 - Alcohol consumption question is displayed
[logsAndroid_Samsung INFO ] 2023-12-20 16:43:46.498 BaseTest:373 - Clicked on 'No' for alcohol consumption
[logsAndroid_Samsung INFO ] 2023-12-20 16:43:49.673 BaseTest:353 - Medical history question 4 is displayed
[logsAndroid_Samsung INFO ] 2023-12-20 16:43:49.983 BaseTest:353 - Smoking question is displayed
[logsAndroid_Samsung INFO ] 2023-12-20 16:43:50.288 BaseTest:373 - Clicked on 'Never Smoker'
[logsAndroid_Samsung INFO ] 2023-12-20 16:43:52.785 BaseTest:353 - Medical history question 5 is displayed
[logsAndroid_Samsung INFO ] 2023-12-20 16:43:53.219 BaseTest:353 - Medicine question is displayed
[logsAndroid_Samsung INFO ] 2023-12-20 16:43:53.645 BaseTest:373 - Clicked on 'No' for medicine history
[logsAndroid_Samsung INFO ] 2023-12-20 16:43:56.431 BaseTest:353 - Medical history question 6 is displayed
[logsAndroid_Samsung INFO ] 2023-12-20 16:43:57.209 BaseTest:353 - History question is displayed
[logsAndroid_Samsung INFO ] 2023-12-20 16:43:57.748 BaseTest:373 - Clicked on 'None' for history
[logsAndroid_Samsung INFO ] 2023-12-20 16:44:00.352 BaseTest:373 - Clicked on Submit for history
[logsAndroid_Samsung INFO ] 2023-12-20 16:44:02.723 BaseTest:373 - Clicked on 'Other' option
[logsAndroid_Samsung INFO ] 2023-12-20 16:44:06.815 BaseTest:373 - Clicked on Submit button
[logsAndroid_Samsung INFO ] 2023-12-20 16:44:08.740 BaseTest:353 - Medical History Summary Screen Header is displayed
[logsAndroid_Samsung INFO ] 2023-12-20 16:44:09.276 BaseTest:373 - Clicked on Patient History Change Button
[logsAndroid_Samsung INFO ] 2023-12-20 16:44:11.996 BaseTest:353 - Medical History Header is displayed
[logsAndroid_Samsung INFO ] 2023-12-20 16:44:18.827 BaseTest:161 - video path: videos\Android_Samsung\2023-12-20-16-38-10\StartVisit3And4StepsTest\IDA4_2652_verifyPatientHistoryScreenChangeButton.mp4
[logsAndroid_Samsung INFO ] 2023-12-20 16:44:19.873 StartVisit3And4StepsTest:33 - 
****** starting test:IDA4_2653_verifyFamilyHistoryScreenChangeButton******

[logsAndroid_Samsung INFO ] 2023-12-20 16:45:11.750 StartVisit3And4StepsTest:63 - Handling app permissions and completing app setup
[logsAndroid_Samsung INFO ] 2023-12-20 16:47:13.770 BaseTest:271 - log path: logs\Android_Samsung
[logsAndroid_Samsung INFO ] 2023-12-20 16:47:13.782 BaseTest:277 - load config.properties
[logsAndroid_Samsung INFO ] 2023-12-20 16:47:26.050 BaseTest:315 - driver initialized: AndroidDriver:  on ANDROID (b4604dcb-f06f-40ae-bbc4-2b1a0691f8b4)
[logsAndroid_Samsung INFO ] 2023-12-20 16:47:26.951 StartVisit3And4StepsTest:33 - 
****** starting test:IDA4_2652_verifyPatientHistoryScreenChangeButton******

[logsAndroid_Samsung INFO ] 2023-12-20 16:48:27.536 StartVisit3And4StepsTest:63 - Handling app permissions and completing app setup
[logsAndroid_Samsung INFO ] 2023-12-20 16:50:58.537 StartVisit3And4StepsTest:73 - Registering a patient with provided details
[logsAndroid_Samsung INFO ] 2023-12-20 16:51:14.221 StartVisit3And4StepsTest:84 - Entering patient vitals details
[logsAndroid_Samsung INFO ] 2023-12-20 16:51:15.191 StartVisit3And4StepsTest:87 - Clicking on the 'Next' button after entering the first set of vitals
[logsAndroid_Samsung INFO ] 2023-12-20 16:51:16.705 StartVisit3And4StepsTest:91 - Clicking on the 'Confirm' button to confirm the entered vitals
[logsAndroid_Samsung INFO ] 2023-12-20 16:51:29.345 StartVisit3And4StepsTest:95 - Scrolling to the HyperTension section on the page
[logsAndroid_Samsung INFO ] 2023-12-20 16:51:33.669 StartVisit3And4StepsTest:99 - Selecting and confirming the visit reason as Hypertension
[logsAndroid_Samsung INFO ] 2023-12-20 16:52:10.669 StartVisit3And4StepsTest:103 - Handling the Hypertension-related visit questions
[logsAndroid_Samsung INFO ] 2023-12-20 16:52:11.187 StartVisit3And4StepsTest:106 - Verifying that the 'Associated Symptoms' title is displayed on the page
[logsAndroid_Samsung INFO ] 2023-12-20 16:52:11.597 StartVisit3And4StepsTest:110 - Selecting 'No' for the first associated symptom
[logsAndroid_Samsung INFO ] 2023-12-20 16:52:15.302 StartVisit3And4StepsTest:114 - Clicking on the main 'Submit' button for associated symptoms
[logsAndroid_Samsung INFO ] 2023-12-20 16:52:16.031 StartVisit3And4StepsTest:119 - Clicking on the 'Confirm' button on the visit reason summary screen
[logsAndroid_Samsung INFO ] 2023-12-20 16:52:17.352 StartVisit3And4StepsTest:123 - Clicking on the 'Okay' button to proceed
[logsAndroid_Samsung INFO ] 2023-12-20 16:52:18.321 BaseTest:353 - One of Six Questions is displayed
[logsAndroid_Samsung INFO ] 2023-12-20 16:52:19.006 BaseTest:373 - Clicked on Yes option for One of Six Questions
[logsAndroid_Samsung INFO ] 2023-12-20 16:52:21.537 BaseTest:353 - Two of Six Questions is displayed
[logsAndroid_Samsung INFO ] 2023-12-20 16:52:22.023 BaseTest:373 - Clicked on Normal option for Two of Six Questions
[logsAndroid_Samsung INFO ] 2023-12-20 16:52:24.490 BaseTest:353 - Three of Six Questions is displayed
[logsAndroid_Samsung INFO ] 2023-12-20 16:52:24.997 BaseTest:373 - Clicked on Normal option for Three of Six Questions
[logsAndroid_Samsung INFO ] 2023-12-20 16:52:27.682 BaseTest:353 - Four of Six Questions is displayed
[logsAndroid_Samsung INFO ] 2023-12-20 16:52:28.077 BaseTest:373 - Clicked on Nails are Normal option for Four of Six Questions
[logsAndroid_Samsung INFO ] 2023-12-20 16:52:30.543 BaseTest:353 - Five of Six Questions is displayed
[logsAndroid_Samsung INFO ] 2023-12-20 16:52:30.823 BaseTest:373 - Clicked on Nails are Normal option for Five of Six Questions
[logsAndroid_Samsung INFO ] 2023-12-20 16:52:33.530 BaseTest:353 - Six of Six Questions is displayed
[logsAndroid_Samsung INFO ] 2023-12-20 16:52:33.858 BaseTest:373 - Clicked on No Oedema option for Six of Six Questions
[logsAndroid_Samsung INFO ] 2023-12-20 16:52:37.467 BaseTest:353 - Physical Examination Summary Header is displayed
[logsAndroid_Samsung INFO ] 2023-12-20 16:52:38.822 BaseTest:373 - Clicked on Confirm Button
[logsAndroid_Samsung INFO ] 2023-12-20 16:52:40.840 BaseTest:353 - Medical history question 1 is displayed
[logsAndroid_Samsung INFO ] 2023-12-20 16:52:41.045 BaseTest:353 - Pregnancy status question is displayed
[logsAndroid_Samsung INFO ] 2023-12-20 16:52:41.235 BaseTest:373 - Clicked on 'No' for pregnancy status
[logsAndroid_Samsung INFO ] 2023-12-20 16:52:43.422 BaseTest:353 - Medical history question 2 is displayed
[logsAndroid_Samsung INFO ] 2023-12-20 16:52:43.797 BaseTest:353 - Allergy question is displayed
[logsAndroid_Samsung INFO ] 2023-12-20 16:52:44.076 BaseTest:373 - Clicked on 'No Known Allergies'
[logsAndroid_Samsung INFO ] 2023-12-20 16:52:46.481 BaseTest:353 - Medical history question 3 is displayed
[logsAndroid_Samsung INFO ] 2023-12-20 16:52:47.575 BaseTest:353 - Alcohol consumption question is displayed
[logsAndroid_Samsung INFO ] 2023-12-20 16:52:48.140 BaseTest:373 - Clicked on 'No' for alcohol consumption
[logsAndroid_Samsung INFO ] 2023-12-20 16:52:50.947 BaseTest:353 - Medical history question 4 is displayed
[logsAndroid_Samsung INFO ] 2023-12-20 16:52:51.329 BaseTest:353 - Smoking question is displayed
[logsAndroid_Samsung INFO ] 2023-12-20 16:52:51.596 BaseTest:373 - Clicked on 'Never Smoker'
[logsAndroid_Samsung INFO ] 2023-12-20 16:52:54.198 BaseTest:353 - Medical history question 5 is displayed
[logsAndroid_Samsung INFO ] 2023-12-20 16:52:54.548 BaseTest:353 - Medicine question is displayed
[logsAndroid_Samsung INFO ] 2023-12-20 16:52:55.078 BaseTest:373 - Clicked on 'No' for medicine history
[logsAndroid_Samsung INFO ] 2023-12-20 16:52:57.439 BaseTest:353 - Medical history question 6 is displayed
[logsAndroid_Samsung INFO ] 2023-12-20 16:52:58.127 BaseTest:353 - History question is displayed
[logsAndroid_Samsung INFO ] 2023-12-20 16:52:58.443 BaseTest:373 - Clicked on 'None' for history
[logsAndroid_Samsung INFO ] 2023-12-20 16:53:01.083 BaseTest:373 - Clicked on Submit for history
[logsAndroid_Samsung INFO ] 2023-12-20 16:53:03.649 BaseTest:373 - Clicked on 'Other' option
[logsAndroid_Samsung INFO ] 2023-12-20 16:53:07.447 BaseTest:373 - Clicked on Submit button
[logsAndroid_Samsung INFO ] 2023-12-20 16:53:10.391 BaseTest:353 - Medical History Summary Screen Header is displayed
[logsAndroid_Samsung INFO ] 2023-12-20 16:53:10.907 BaseTest:373 - Clicked on Patient History Change Button
[logsAndroid_Samsung INFO ] 2023-12-20 16:53:13.640 BaseTest:353 - Medical History Header is displayed
[logsAndroid_Samsung INFO ] 2023-12-20 16:53:19.625 BaseTest:161 - video path: videos\Android_Samsung\2023-12-20-16-47-13\StartVisit3And4StepsTest\IDA4_2652_verifyPatientHistoryScreenChangeButton.mp4
[logsAndroid_Samsung INFO ] 2023-12-20 16:53:20.487 StartVisit3And4StepsTest:33 - 
****** starting test:IDA4_2653_verifyFamilyHistoryScreenChangeButton******

[logsAndroid_Samsung INFO ] 2023-12-20 16:54:10.875 StartVisit3And4StepsTest:63 - Handling app permissions and completing app setup
[logsAndroid_Samsung INFO ] 2023-12-20 16:56:30.847 StartVisit3And4StepsTest:73 - Registering a patient with provided details
[logsAndroid_Samsung INFO ] 2023-12-20 16:56:46.744 StartVisit3And4StepsTest:84 - Entering patient vitals details
[logsAndroid_Samsung INFO ] 2023-12-20 16:56:47.839 StartVisit3And4StepsTest:87 - Clicking on the 'Next' button after entering the first set of vitals
[logsAndroid_Samsung INFO ] 2023-12-20 16:56:49.856 StartVisit3And4StepsTest:91 - Clicking on the 'Confirm' button to confirm the entered vitals
[logsAndroid_Samsung INFO ] 2023-12-20 16:57:02.679 StartVisit3And4StepsTest:95 - Scrolling to the HyperTension section on the page
[logsAndroid_Samsung INFO ] 2023-12-20 16:57:06.683 StartVisit3And4StepsTest:99 - Selecting and confirming the visit reason as Hypertension
[logsAndroid_Samsung INFO ] 2023-12-20 16:57:44.893 StartVisit3And4StepsTest:103 - Handling the Hypertension-related visit questions
[logsAndroid_Samsung INFO ] 2023-12-20 16:57:45.438 StartVisit3And4StepsTest:106 - Verifying that the 'Associated Symptoms' title is displayed on the page
[logsAndroid_Samsung INFO ] 2023-12-20 16:57:45.813 StartVisit3And4StepsTest:110 - Selecting 'No' for the first associated symptom
[logsAndroid_Samsung INFO ] 2023-12-20 16:57:49.077 StartVisit3And4StepsTest:114 - Clicking on the main 'Submit' button for associated symptoms
[logsAndroid_Samsung INFO ] 2023-12-20 16:57:50.356 StartVisit3And4StepsTest:119 - Clicking on the 'Confirm' button on the visit reason summary screen
[logsAndroid_Samsung INFO ] 2023-12-20 16:57:51.639 StartVisit3And4StepsTest:123 - Clicking on the 'Okay' button to proceed
[logsAndroid_Samsung INFO ] 2023-12-20 16:57:52.327 BaseTest:353 - One of Six Questions is displayed
[logsAndroid_Samsung INFO ] 2023-12-20 16:57:52.639 BaseTest:373 - Clicked on Yes option for One of Six Questions
[logsAndroid_Samsung INFO ] 2023-12-20 16:57:55.195 BaseTest:353 - Two of Six Questions is displayed
[logsAndroid_Samsung INFO ] 2023-12-20 16:57:55.511 BaseTest:373 - Clicked on Normal option for Two of Six Questions
[logsAndroid_Samsung INFO ] 2023-12-20 16:57:57.779 BaseTest:353 - Three of Six Questions is displayed
[logsAndroid_Samsung INFO ] 2023-12-20 16:57:58.051 BaseTest:373 - Clicked on Normal option for Three of Six Questions
[logsAndroid_Samsung INFO ] 2023-12-20 16:58:00.663 BaseTest:353 - Four of Six Questions is displayed
[logsAndroid_Samsung INFO ] 2023-12-20 16:58:00.885 BaseTest:373 - Clicked on Nails are Normal option for Four of Six Questions
[logsAndroid_Samsung INFO ] 2023-12-20 16:58:03.089 BaseTest:353 - Five of Six Questions is displayed
[logsAndroid_Samsung INFO ] 2023-12-20 16:58:03.536 BaseTest:373 - Clicked on Nails are Normal option for Five of Six Questions
[logsAndroid_Samsung INFO ] 2023-12-20 16:58:06.028 BaseTest:353 - Six of Six Questions is displayed
[logsAndroid_Samsung INFO ] 2023-12-20 16:58:06.354 BaseTest:373 - Clicked on No Oedema option for Six of Six Questions
[logsAndroid_Samsung INFO ] 2023-12-20 16:58:09.576 BaseTest:353 - Physical Examination Summary Header is displayed
[logsAndroid_Samsung INFO ] 2023-12-20 16:58:11.265 BaseTest:373 - Clicked on Confirm Button
[logsAndroid_Samsung INFO ] 2023-12-20 16:58:13.261 BaseTest:353 - Medical history question 1 is displayed
[logsAndroid_Samsung INFO ] 2023-12-20 16:58:13.537 BaseTest:353 - Pregnancy status question is displayed
[logsAndroid_Samsung INFO ] 2023-12-20 16:58:13.724 BaseTest:373 - Clicked on 'No' for pregnancy status
[logsAndroid_Samsung INFO ] 2023-12-20 16:58:15.875 BaseTest:353 - Medical history question 2 is displayed
[logsAndroid_Samsung INFO ] 2023-12-20 16:58:16.347 BaseTest:353 - Allergy question is displayed
[logsAndroid_Samsung INFO ] 2023-12-20 16:58:16.560 BaseTest:373 - Clicked on 'No Known Allergies'
[logsAndroid_Samsung INFO ] 2023-12-20 16:58:18.915 BaseTest:353 - Medical history question 3 is displayed
[logsAndroid_Samsung INFO ] 2023-12-20 16:58:19.651 BaseTest:353 - Alcohol consumption question is displayed
[logsAndroid_Samsung INFO ] 2023-12-20 16:58:19.882 BaseTest:373 - Clicked on 'No' for alcohol consumption
[logsAndroid_Samsung INFO ] 2023-12-20 16:58:22.568 BaseTest:353 - Medical history question 4 is displayed
[logsAndroid_Samsung INFO ] 2023-12-20 16:58:22.829 BaseTest:353 - Smoking question is displayed
[logsAndroid_Samsung INFO ] 2023-12-20 16:58:23.074 BaseTest:373 - Clicked on 'Never Smoker'
[logsAndroid_Samsung INFO ] 2023-12-20 16:58:25.694 BaseTest:353 - Medical history question 5 is displayed
[logsAndroid_Samsung INFO ] 2023-12-20 16:58:26.133 BaseTest:353 - Medicine question is displayed
[logsAndroid_Samsung INFO ] 2023-12-20 16:58:26.534 BaseTest:373 - Clicked on 'No' for medicine history
[logsAndroid_Samsung INFO ] 2023-12-20 16:58:29.409 BaseTest:353 - Medical history question 6 is displayed
[logsAndroid_Samsung INFO ] 2023-12-20 16:58:29.725 BaseTest:353 - History question is displayed
[logsAndroid_Samsung INFO ] 2023-12-20 16:58:30.027 BaseTest:373 - Clicked on 'None' for history
[logsAndroid_Samsung INFO ] 2023-12-20 16:58:32.704 BaseTest:373 - Clicked on Submit for history
[logsAndroid_Samsung INFO ] 2023-12-20 16:58:34.946 BaseTest:373 - Clicked on 'Other' option
[logsAndroid_Samsung INFO ] 2023-12-20 16:58:39.423 BaseTest:373 - Clicked on Submit button
[logsAndroid_Samsung INFO ] 2023-12-20 16:58:42.345 BaseTest:353 - Medical History Summary Screen Header is displayed
[logsAndroid_Samsung INFO ] 2023-12-20 16:58:42.710 BaseTest:373 - Clicked on Family History Change Button
[logsAndroid_Samsung INFO ] 2023-12-20 16:58:44.552 BaseTest:353 - Medical History Header is displayed
[logsAndroid_Samsung INFO ] 2023-12-20 16:58:50.635 BaseTest:161 - video path: videos\Android_Samsung\2023-12-20-16-47-13\StartVisit3And4StepsTest\IDA4_2653_verifyFamilyHistoryScreenChangeButton.mp4
[logsAndroid_Samsung INFO ] 2023-12-20 16:58:51.623 StartVisit3And4StepsTest:33 - 
****** starting test:IDA4_2655_verifyBackButtonFunctionality******

[logsAndroid_Samsung INFO ] 2023-12-20 16:59:36.929 StartVisit3And4StepsTest:63 - Handling app permissions and completing app setup
[logsAndroid_Samsung INFO ] 2023-12-20 17:04:51.649 BaseTest:271 - log path: logs\Android_Samsung
[logsAndroid_Samsung INFO ] 2023-12-20 17:04:51.664 BaseTest:277 - load config.properties
[logsAndroid_Samsung INFO ] 2023-12-20 17:05:03.152 BaseTest:315 - driver initialized: AndroidDriver:  on ANDROID (5a1f9661-b810-4ac3-8ba3-029765952fde)
[logsAndroid_Samsung INFO ] 2023-12-20 17:05:03.984 StartVisit3And4StepsTest:33 - 
****** starting test:IDA4_2652_verifyPatientHistoryScreenChangeButton******

[logsAndroid_Samsung INFO ] 2023-12-20 17:06:06.244 StartVisit3And4StepsTest:63 - Handling app permissions and completing app setup
[logsAndroid_Samsung INFO ] 2023-12-20 17:09:28.349 BaseTest:271 - log path: logs\Android_Samsung
[logsAndroid_Samsung INFO ] 2023-12-20 17:09:28.360 BaseTest:277 - load config.properties
[logsAndroid_Samsung INFO ] 2023-12-20 17:09:38.292 BaseTest:315 - driver initialized: AndroidDriver:  on ANDROID (288f7339-fdcd-4706-b556-afe22b115485)
[logsAndroid_Samsung INFO ] 2023-12-20 17:09:39.332 StartVisit3And4StepsTest:33 - 
****** starting test:IDA4_2652_verifyPatientHistoryScreenChangeButton******

[logsAndroid_Samsung INFO ] 2023-12-20 17:10:39.604 StartVisit3And4StepsTest:63 - Handling app permissions and completing app setup
[logsAndroid_Samsung INFO ] 2023-12-20 17:12:58.603 StartVisit3And4StepsTest:73 - Registering a patient with provided details
[logsAndroid_Samsung INFO ] 2023-12-20 17:13:15.230 StartVisit3And4StepsTest:84 - Entering patient vitals details
[logsAndroid_Samsung INFO ] 2023-12-20 17:13:16.316 StartVisit3And4StepsTest:87 - Clicking on the 'Next' button after entering the first set of vitals
[logsAndroid_Samsung INFO ] 2023-12-20 17:13:17.826 StartVisit3And4StepsTest:91 - Clicking on the 'Confirm' button to confirm the entered vitals
[logsAndroid_Samsung INFO ] 2023-12-20 17:13:30.550 StartVisit3And4StepsTest:95 - Scrolling to the HyperTension section on the page
[logsAndroid_Samsung INFO ] 2023-12-20 17:13:34.721 StartVisit3And4StepsTest:99 - Selecting and confirming the visit reason as Hypertension
[logsAndroid_Samsung INFO ] 2023-12-20 17:14:13.411 StartVisit3And4StepsTest:103 - Handling the Hypertension-related visit questions
[logsAndroid_Samsung INFO ] 2023-12-20 17:14:13.995 StartVisit3And4StepsTest:106 - Verifying that the 'Associated Symptoms' title is displayed on the page
[logsAndroid_Samsung INFO ] 2023-12-20 17:14:14.686 StartVisit3And4StepsTest:110 - Selecting 'No' for the first associated symptom
[logsAndroid_Samsung INFO ] 2023-12-20 17:14:18.227 StartVisit3And4StepsTest:114 - Clicking on the main 'Submit' button for associated symptoms
[logsAndroid_Samsung INFO ] 2023-12-20 17:14:19.471 StartVisit3And4StepsTest:119 - Clicking on the 'Confirm' button on the visit reason summary screen
[logsAndroid_Samsung INFO ] 2023-12-20 17:14:21.111 StartVisit3And4StepsTest:123 - Clicking on the 'Okay' button to proceed
[logsAndroid_Samsung INFO ] 2023-12-20 17:14:22.040 BaseTest:353 - One of Six Questions is displayed
[logsAndroid_Samsung INFO ] 2023-12-20 17:14:22.316 BaseTest:373 - Clicked on Yes option for One of Six Questions
[logsAndroid_Samsung INFO ] 2023-12-20 17:14:25.029 BaseTest:353 - Two of Six Questions is displayed
[logsAndroid_Samsung INFO ] 2023-12-20 17:14:25.386 BaseTest:373 - Clicked on Normal option for Two of Six Questions
[logsAndroid_Samsung INFO ] 2023-12-20 17:14:27.796 BaseTest:353 - Three of Six Questions is displayed
[logsAndroid_Samsung INFO ] 2023-12-20 17:14:28.227 BaseTest:373 - Clicked on Normal option for Three of Six Questions
[logsAndroid_Samsung INFO ] 2023-12-20 17:14:30.967 BaseTest:353 - Four of Six Questions is displayed
[logsAndroid_Samsung INFO ] 2023-12-20 17:14:31.232 BaseTest:373 - Clicked on Nails are Normal option for Four of Six Questions
[logsAndroid_Samsung INFO ] 2023-12-20 17:14:33.887 BaseTest:353 - Five of Six Questions is displayed
[logsAndroid_Samsung INFO ] 2023-12-20 17:14:34.180 BaseTest:373 - Clicked on Nails are Normal option for Five of Six Questions
[logsAndroid_Samsung INFO ] 2023-12-20 17:14:36.618 BaseTest:353 - Six of Six Questions is displayed
[logsAndroid_Samsung INFO ] 2023-12-20 17:14:36.904 BaseTest:373 - Clicked on No Oedema option for Six of Six Questions
[logsAndroid_Samsung INFO ] 2023-12-20 17:14:40.262 BaseTest:353 - Physical Examination Summary Header is displayed
[logsAndroid_Samsung INFO ] 2023-12-20 17:14:40.552 BaseTest:373 - Clicked on Confirm Button
[logsAndroid_Samsung INFO ] 2023-12-20 17:14:43.423 BaseTest:353 - Medical history question 1 is displayed
[logsAndroid_Samsung INFO ] 2023-12-20 17:14:43.779 BaseTest:353 - Pregnancy status question is displayed
[logsAndroid_Samsung INFO ] 2023-12-20 17:14:44.070 BaseTest:373 - Clicked on 'No' for pregnancy status
[logsAndroid_Samsung INFO ] 2023-12-20 17:14:46.240 BaseTest:353 - Medical history question 2 is displayed
[logsAndroid_Samsung INFO ] 2023-12-20 17:14:46.672 BaseTest:353 - Allergy question is displayed
[logsAndroid_Samsung INFO ] 2023-12-20 17:14:47.022 BaseTest:373 - Clicked on 'No Known Allergies'
[logsAndroid_Samsung INFO ] 2023-12-20 17:14:49.296 BaseTest:353 - Medical history question 3 is displayed
[logsAndroid_Samsung INFO ] 2023-12-20 17:14:49.677 BaseTest:353 - Alcohol consumption question is displayed
[logsAndroid_Samsung INFO ] 2023-12-20 17:14:50.015 BaseTest:373 - Clicked on 'No' for alcohol consumption
[logsAndroid_Samsung INFO ] 2023-12-20 17:14:52.657 BaseTest:353 - Medical history question 4 is displayed
[logsAndroid_Samsung INFO ] 2023-12-20 17:14:53.100 BaseTest:353 - Smoking question is displayed
[logsAndroid_Samsung INFO ] 2023-12-20 17:14:53.529 BaseTest:373 - Clicked on 'Never Smoker'
[logsAndroid_Samsung INFO ] 2023-12-20 17:14:56.272 BaseTest:353 - Medical history question 5 is displayed
[logsAndroid_Samsung INFO ] 2023-12-20 17:14:56.707 BaseTest:353 - Medicine question is displayed
[logsAndroid_Samsung INFO ] 2023-12-20 17:14:57.077 BaseTest:373 - Clicked on 'No' for medicine history
[logsAndroid_Samsung INFO ] 2023-12-20 17:14:59.633 BaseTest:353 - Medical history question 6 is displayed
[logsAndroid_Samsung INFO ] 2023-12-20 17:15:00.082 BaseTest:353 - History question is displayed
[logsAndroid_Samsung INFO ] 2023-12-20 17:15:00.425 BaseTest:373 - Clicked on 'None' for history
[logsAndroid_Samsung INFO ] 2023-12-20 17:15:02.960 BaseTest:373 - Clicked on Submit for history
[logsAndroid_Samsung INFO ] 2023-12-20 17:15:05.662 BaseTest:373 - Clicked on 'Other' option
[logsAndroid_Samsung INFO ] 2023-12-20 17:15:09.179 BaseTest:373 - Clicked on Submit button
[logsAndroid_Samsung INFO ] 2023-12-20 17:15:12.221 BaseTest:353 - Medical History Summary Screen Header is displayed
[logsAndroid_Samsung INFO ] 2023-12-20 17:15:12.601 BaseTest:373 - Clicked on Patient History Change Button
[logsAndroid_Samsung INFO ] 2023-12-20 17:15:14.966 BaseTest:353 - Medical History Header is displayed
[logsAndroid_Samsung INFO ] 2023-12-20 17:15:20.383 BaseTest:161 - video path: videos\Android_Samsung\2023-12-20-17-09-28\StartVisit3And4StepsTest\IDA4_2652_verifyPatientHistoryScreenChangeButton.mp4
[logsAndroid_Samsung INFO ] 2023-12-20 17:15:21.424 StartVisit3And4StepsTest:33 - 
****** starting test:IDA4_2653_verifyFamilyHistoryScreenChangeButton******

[logsAndroid_Samsung INFO ] 2023-12-20 17:16:15.028 StartVisit3And4StepsTest:63 - Handling app permissions and completing app setup
[logsAndroid_Samsung INFO ] 2023-12-20 17:18:35.233 StartVisit3And4StepsTest:73 - Registering a patient with provided details
[logsAndroid_Samsung INFO ] 2023-12-20 17:18:47.914 StartVisit3And4StepsTest:84 - Entering patient vitals details
[logsAndroid_Samsung INFO ] 2023-12-20 17:18:48.662 StartVisit3And4StepsTest:87 - Clicking on the 'Next' button after entering the first set of vitals
[logsAndroid_Samsung INFO ] 2023-12-20 17:18:50.527 StartVisit3And4StepsTest:91 - Clicking on the 'Confirm' button to confirm the entered vitals
[logsAndroid_Samsung INFO ] 2023-12-20 17:18:58.538 StartVisit3And4StepsTest:95 - Scrolling to the HyperTension section on the page
[logsAndroid_Samsung INFO ] 2023-12-20 17:19:01.812 StartVisit3And4StepsTest:99 - Selecting and confirming the visit reason as Hypertension
[logsAndroid_Samsung INFO ] 2023-12-20 17:19:35.204 StartVisit3And4StepsTest:103 - Handling the Hypertension-related visit questions
[logsAndroid_Samsung INFO ] 2023-12-20 17:19:35.631 StartVisit3And4StepsTest:106 - Verifying that the 'Associated Symptoms' title is displayed on the page
[logsAndroid_Samsung INFO ] 2023-12-20 17:19:36.010 StartVisit3And4StepsTest:110 - Selecting 'No' for the first associated symptom
[logsAndroid_Samsung INFO ] 2023-12-20 17:19:39.785 StartVisit3And4StepsTest:114 - Clicking on the main 'Submit' button for associated symptoms
[logsAndroid_Samsung INFO ] 2023-12-20 17:19:40.161 StartVisit3And4StepsTest:119 - Clicking on the 'Confirm' button on the visit reason summary screen
[logsAndroid_Samsung INFO ] 2023-12-20 17:19:41.929 StartVisit3And4StepsTest:123 - Clicking on the 'Okay' button to proceed
[logsAndroid_Samsung INFO ] 2023-12-20 17:19:42.104 BaseTest:353 - One of Six Questions is displayed
[logsAndroid_Samsung INFO ] 2023-12-20 17:19:42.313 BaseTest:373 - Clicked on Yes option for One of Six Questions
[logsAndroid_Samsung INFO ] 2023-12-20 17:19:44.772 BaseTest:353 - Two of Six Questions is displayed
[logsAndroid_Samsung INFO ] 2023-12-20 17:19:45.056 BaseTest:373 - Clicked on Normal option for Two of Six Questions
[logsAndroid_Samsung INFO ] 2023-12-20 17:19:47.528 BaseTest:353 - Three of Six Questions is displayed
[logsAndroid_Samsung INFO ] 2023-12-20 17:19:47.773 BaseTest:373 - Clicked on Normal option for Three of Six Questions
[logsAndroid_Samsung INFO ] 2023-12-20 17:19:50.134 BaseTest:353 - Four of Six Questions is displayed
[logsAndroid_Samsung INFO ] 2023-12-20 17:19:50.425 BaseTest:373 - Clicked on Nails are Normal option for Four of Six Questions
[logsAndroid_Samsung INFO ] 2023-12-20 17:19:52.800 BaseTest:353 - Five of Six Questions is displayed
[logsAndroid_Samsung INFO ] 2023-12-20 17:19:53.061 BaseTest:373 - Clicked on Nails are Normal option for Five of Six Questions
[logsAndroid_Samsung INFO ] 2023-12-20 17:19:55.415 BaseTest:353 - Six of Six Questions is displayed
[logsAndroid_Samsung INFO ] 2023-12-20 17:19:55.671 BaseTest:373 - Clicked on No Oedema option for Six of Six Questions
[logsAndroid_Samsung INFO ] 2023-12-20 17:19:58.935 BaseTest:353 - Physical Examination Summary Header is displayed
[logsAndroid_Samsung INFO ] 2023-12-20 17:20:00.426 BaseTest:373 - Clicked on Confirm Button
[logsAndroid_Samsung INFO ] 2023-12-20 17:20:02.146 BaseTest:353 - Medical history question 1 is displayed
[logsAndroid_Samsung INFO ] 2023-12-20 17:20:02.438 BaseTest:353 - Pregnancy status question is displayed
[logsAndroid_Samsung INFO ] 2023-12-20 17:20:02.666 BaseTest:373 - Clicked on 'No' for pregnancy status
[logsAndroid_Samsung INFO ] 2023-12-20 17:20:04.488 BaseTest:353 - Medical history question 2 is displayed
[logsAndroid_Samsung INFO ] 2023-12-20 17:20:04.734 BaseTest:353 - Allergy question is displayed
[logsAndroid_Samsung INFO ] 2023-12-20 17:20:04.980 BaseTest:373 - Clicked on 'No Known Allergies'
[logsAndroid_Samsung INFO ] 2023-12-20 17:20:06.997 BaseTest:353 - Medical history question 3 is displayed
[logsAndroid_Samsung INFO ] 2023-12-20 17:20:07.260 BaseTest:353 - Alcohol consumption question is displayed
[logsAndroid_Samsung INFO ] 2023-12-20 17:20:07.523 BaseTest:373 - Clicked on 'No' for alcohol consumption
[logsAndroid_Samsung INFO ] 2023-12-20 17:20:09.919 BaseTest:353 - Medical history question 4 is displayed
[logsAndroid_Samsung INFO ] 2023-12-20 17:20:10.179 BaseTest:353 - Smoking question is displayed
[logsAndroid_Samsung INFO ] 2023-12-20 17:20:10.440 BaseTest:373 - Clicked on 'Never Smoker'
[logsAndroid_Samsung INFO ] 2023-12-20 17:20:12.789 BaseTest:353 - Medical history question 5 is displayed
[logsAndroid_Samsung INFO ] 2023-12-20 17:20:13.016 BaseTest:353 - Medicine question is displayed
[logsAndroid_Samsung INFO ] 2023-12-20 17:20:13.247 BaseTest:373 - Clicked on 'No' for medicine history
[logsAndroid_Samsung INFO ] 2023-12-20 17:20:15.485 BaseTest:353 - Medical history question 6 is displayed
[logsAndroid_Samsung INFO ] 2023-12-20 17:20:15.782 BaseTest:353 - History question is displayed
[logsAndroid_Samsung INFO ] 2023-12-20 17:20:16.073 BaseTest:373 - Clicked on 'None' for history
[logsAndroid_Samsung INFO ] 2023-12-20 17:20:18.428 BaseTest:373 - Clicked on Submit for history
[logsAndroid_Samsung INFO ] 2023-12-20 17:20:20.787 BaseTest:373 - Clicked on 'Other' option
[logsAndroid_Samsung INFO ] 2023-12-20 17:20:23.659 BaseTest:373 - Clicked on Submit button
[logsAndroid_Samsung INFO ] 2023-12-20 17:20:26.209 BaseTest:353 - Medical History Summary Screen Header is displayed
[logsAndroid_Samsung INFO ] 2023-12-20 17:20:26.510 BaseTest:373 - Clicked on Family History Change Button
[logsAndroid_Samsung INFO ] 2023-12-20 17:20:28.441 BaseTest:353 - Medical History Header is displayed
[logsAndroid_Samsung INFO ] 2023-12-20 17:20:33.732 BaseTest:161 - video path: videos\Android_Samsung\2023-12-20-17-09-28\StartVisit3And4StepsTest\IDA4_2653_verifyFamilyHistoryScreenChangeButton.mp4
[logsAndroid_Samsung INFO ] 2023-12-20 17:20:34.647 StartVisit3And4StepsTest:33 - 
****** starting test:IDA4_2655_verifyBackButtonFunctionality******

[logsAndroid_Samsung INFO ] 2023-12-20 17:21:24.926 StartVisit3And4StepsTest:63 - Handling app permissions and completing app setup
[logsAndroid_Samsung INFO ] 2023-12-20 17:25:57.859 BaseTest:271 - log path: logs\Android_Samsung
[logsAndroid_Samsung INFO ] 2023-12-20 17:25:57.873 BaseTest:277 - load config.properties
[logsAndroid_Samsung INFO ] 2023-12-20 17:26:08.577 BaseTest:315 - driver initialized: AndroidDriver:  on ANDROID (155c7319-8024-4df7-9a4f-a5b8e204bf52)
[logsAndroid_Samsung INFO ] 2023-12-20 17:26:09.433 StartVisit3And4StepsTest:33 - 
****** starting test:IDA4_2652_verifyPatientHistoryScreenChangeButton******

[logsAndroid_Samsung INFO ] 2023-12-20 17:27:13.428 StartVisit3And4StepsTest:63 - Handling app permissions and completing app setup
[logsAndroid_Samsung INFO ] 2023-12-20 17:29:44.559 StartVisit3And4StepsTest:73 - Registering a patient with provided details
[logsAndroid_Samsung INFO ] 2023-12-20 17:30:00.418 StartVisit3And4StepsTest:84 - Entering patient vitals details
[logsAndroid_Samsung INFO ] 2023-12-20 17:30:01.318 StartVisit3And4StepsTest:87 - Clicking on the 'Next' button after entering the first set of vitals
[logsAndroid_Samsung INFO ] 2023-12-20 17:30:02.799 StartVisit3And4StepsTest:91 - Clicking on the 'Confirm' button to confirm the entered vitals
[logsAndroid_Samsung INFO ] 2023-12-20 17:30:16.535 StartVisit3And4StepsTest:95 - Scrolling to the HyperTension section on the page
[logsAndroid_Samsung INFO ] 2023-12-20 17:30:20.288 StartVisit3And4StepsTest:99 - Selecting and confirming the visit reason as Hypertension
[logsAndroid_Samsung INFO ] 2023-12-20 17:30:57.727 StartVisit3And4StepsTest:103 - Handling the Hypertension-related visit questions
[logsAndroid_Samsung INFO ] 2023-12-20 17:30:58.580 StartVisit3And4StepsTest:106 - Verifying that the 'Associated Symptoms' title is displayed on the page
[logsAndroid_Samsung INFO ] 2023-12-20 17:30:58.962 StartVisit3And4StepsTest:110 - Selecting 'No' for the first associated symptom
[logsAndroid_Samsung INFO ] 2023-12-20 17:31:01.048 StartVisit3And4StepsTest:114 - Clicking on the main 'Submit' button for associated symptoms
[logsAndroid_Samsung INFO ] 2023-12-20 17:31:03.310 StartVisit3And4StepsTest:119 - Clicking on the 'Confirm' button on the visit reason summary screen
[logsAndroid_Samsung INFO ] 2023-12-20 17:31:05.495 StartVisit3And4StepsTest:123 - Clicking on the 'Okay' button to proceed
[logsAndroid_Samsung INFO ] 2023-12-20 17:31:06.344 BaseTest:353 - One of Six Questions is displayed
[logsAndroid_Samsung INFO ] 2023-12-20 17:31:06.573 BaseTest:373 - Clicked on Yes option for One of Six Questions
[logsAndroid_Samsung INFO ] 2023-12-20 17:31:09.220 BaseTest:353 - Two of Six Questions is displayed
[logsAndroid_Samsung INFO ] 2023-12-20 17:31:09.555 BaseTest:373 - Clicked on Normal option for Two of Six Questions
[logsAndroid_Samsung INFO ] 2023-12-20 17:31:11.815 BaseTest:353 - Three of Six Questions is displayed
[logsAndroid_Samsung INFO ] 2023-12-20 17:31:12.151 BaseTest:373 - Clicked on Normal option for Three of Six Questions
[logsAndroid_Samsung INFO ] 2023-12-20 17:31:14.599 BaseTest:353 - Four of Six Questions is displayed
[logsAndroid_Samsung INFO ] 2023-12-20 17:31:14.890 BaseTest:373 - Clicked on Nails are Normal option for Four of Six Questions
[logsAndroid_Samsung INFO ] 2023-12-20 17:31:17.355 BaseTest:353 - Five of Six Questions is displayed
[logsAndroid_Samsung INFO ] 2023-12-20 17:31:17.622 BaseTest:373 - Clicked on Nails are Normal option for Five of Six Questions
[logsAndroid_Samsung INFO ] 2023-12-20 17:31:20.269 BaseTest:353 - Six of Six Questions is displayed
[logsAndroid_Samsung INFO ] 2023-12-20 17:31:20.629 BaseTest:373 - Clicked on No Oedema option for Six of Six Questions
[logsAndroid_Samsung INFO ] 2023-12-20 17:31:24.190 BaseTest:353 - Physical Examination Summary Header is displayed
[logsAndroid_Samsung INFO ] 2023-12-20 17:31:25.409 BaseTest:373 - Clicked on Confirm Button
[logsAndroid_Samsung INFO ] 2023-12-20 17:31:27.754 BaseTest:353 - Medical history question 1 is displayed
[logsAndroid_Samsung INFO ] 2023-12-20 17:31:28.247 BaseTest:353 - Pregnancy status question is displayed
[logsAndroid_Samsung INFO ] 2023-12-20 17:31:28.407 BaseTest:373 - Clicked on 'No' for pregnancy status
[logsAndroid_Samsung INFO ] 2023-12-20 17:31:30.559 BaseTest:353 - Medical history question 2 is displayed
[logsAndroid_Samsung INFO ] 2023-12-20 17:31:30.950 BaseTest:353 - Allergy question is displayed
[logsAndroid_Samsung INFO ] 2023-12-20 17:31:31.197 BaseTest:373 - Clicked on 'No Known Allergies'
[logsAndroid_Samsung INFO ] 2023-12-20 17:31:33.616 BaseTest:353 - Medical history question 3 is displayed
[logsAndroid_Samsung INFO ] 2023-12-20 17:31:34.344 BaseTest:353 - Alcohol consumption question is displayed
[logsAndroid_Samsung INFO ] 2023-12-20 17:31:34.707 BaseTest:373 - Clicked on 'No' for alcohol consumption
[logsAndroid_Samsung INFO ] 2023-12-20 17:31:37.055 BaseTest:353 - Medical history question 4 is displayed
[logsAndroid_Samsung INFO ] 2023-12-20 17:31:37.558 BaseTest:353 - Smoking question is displayed
[logsAndroid_Samsung INFO ] 2023-12-20 17:31:37.885 BaseTest:373 - Clicked on 'Never Smoker'
[logsAndroid_Samsung INFO ] 2023-12-20 17:31:40.352 BaseTest:353 - Medical history question 5 is displayed
[logsAndroid_Samsung INFO ] 2023-12-20 17:31:40.632 BaseTest:353 - Medicine question is displayed
[logsAndroid_Samsung INFO ] 2023-12-20 17:31:40.904 BaseTest:373 - Clicked on 'No' for medicine history
[logsAndroid_Samsung INFO ] 2023-12-20 17:31:43.495 BaseTest:353 - Medical history question 6 is displayed
[logsAndroid_Samsung INFO ] 2023-12-20 17:31:43.847 BaseTest:353 - History question is displayed
[logsAndroid_Samsung INFO ] 2023-12-20 17:31:44.205 BaseTest:373 - Clicked on 'None' for history
[logsAndroid_Samsung INFO ] 2023-12-20 17:31:46.789 BaseTest:373 - Clicked on Submit for history
[logsAndroid_Samsung INFO ] 2023-12-20 17:31:49.729 BaseTest:373 - Clicked on 'Other' option
[logsAndroid_Samsung INFO ] 2023-12-20 17:31:53.405 BaseTest:373 - Clicked on Submit button
[logsAndroid_Samsung INFO ] 2023-12-20 17:31:56.023 BaseTest:353 - Medical History Summary Screen Header is displayed
[logsAndroid_Samsung INFO ] 2023-12-20 17:31:56.631 BaseTest:373 - Clicked on Patient History Change Button
[logsAndroid_Samsung INFO ] 2023-12-20 17:32:00.104 BaseTest:353 - Medical History Header is displayed
[logsAndroid_Samsung INFO ] 2023-12-20 17:32:06.974 BaseTest:161 - video path: videos\Android_Samsung\2023-12-20-17-25-57\StartVisit3And4StepsTest\IDA4_2652_verifyPatientHistoryScreenChangeButton.mp4
[logsAndroid_Samsung INFO ] 2023-12-20 17:32:07.861 StartVisit3And4StepsTest:33 - 
****** starting test:IDA4_2653_verifyFamilyHistoryScreenChangeButton******

[logsAndroid_Samsung INFO ] 2023-12-20 17:33:00.409 StartVisit3And4StepsTest:63 - Handling app permissions and completing app setup
[logsAndroid_Samsung INFO ] 2023-12-20 17:35:13.867 StartVisit3And4StepsTest:73 - Registering a patient with provided details
[logsAndroid_Samsung INFO ] 2023-12-20 17:35:27.371 StartVisit3And4StepsTest:84 - Entering patient vitals details
[logsAndroid_Samsung INFO ] 2023-12-20 17:35:28.044 StartVisit3And4StepsTest:87 - Clicking on the 'Next' button after entering the first set of vitals
[logsAndroid_Samsung INFO ] 2023-12-20 17:35:29.158 StartVisit3And4StepsTest:91 - Clicking on the 'Confirm' button to confirm the entered vitals
[logsAndroid_Samsung INFO ] 2023-12-20 17:35:39.014 StartVisit3And4StepsTest:95 - Scrolling to the HyperTension section on the page
[logsAndroid_Samsung INFO ] 2023-12-20 17:35:43.094 StartVisit3And4StepsTest:99 - Selecting and confirming the visit reason as Hypertension
[logsAndroid_Samsung INFO ] 2023-12-20 17:36:11.379 StartVisit3And4StepsTest:103 - Handling the Hypertension-related visit questions
[logsAndroid_Samsung INFO ] 2023-12-20 17:36:14.462 StartVisit3And4StepsTest:106 - Verifying that the 'Associated Symptoms' title is displayed on the page
[logsAndroid_Samsung INFO ] 2023-12-20 17:36:14.809 StartVisit3And4StepsTest:110 - Selecting 'No' for the first associated symptom
[logsAndroid_Samsung INFO ] 2023-12-20 17:36:18.476 StartVisit3And4StepsTest:114 - Clicking on the main 'Submit' button for associated symptoms
[logsAndroid_Samsung INFO ] 2023-12-20 17:36:18.743 StartVisit3And4StepsTest:119 - Clicking on the 'Confirm' button on the visit reason summary screen
[logsAndroid_Samsung INFO ] 2023-12-20 17:36:19.798 StartVisit3And4StepsTest:123 - Clicking on the 'Okay' button to proceed
[logsAndroid_Samsung INFO ] 2023-12-20 17:36:20.532 BaseTest:353 - One of Six Questions is displayed
[logsAndroid_Samsung INFO ] 2023-12-20 17:36:20.706 BaseTest:373 - Clicked on Yes option for One of Six Questions
[logsAndroid_Samsung INFO ] 2023-12-20 17:36:22.926 BaseTest:353 - Two of Six Questions is displayed
[logsAndroid_Samsung INFO ] 2023-12-20 17:36:23.204 BaseTest:373 - Clicked on Normal option for Two of Six Questions
[logsAndroid_Samsung INFO ] 2023-12-20 17:36:25.178 BaseTest:353 - Three of Six Questions is displayed
[logsAndroid_Samsung INFO ] 2023-12-20 17:36:25.429 BaseTest:373 - Clicked on Normal option for Three of Six Questions
[logsAndroid_Samsung INFO ] 2023-12-20 17:36:27.712 BaseTest:353 - Four of Six Questions is displayed
[logsAndroid_Samsung INFO ] 2023-12-20 17:36:27.996 BaseTest:373 - Clicked on Nails are Normal option for Four of Six Questions
[logsAndroid_Samsung INFO ] 2023-12-20 17:36:30.351 BaseTest:353 - Five of Six Questions is displayed
[logsAndroid_Samsung INFO ] 2023-12-20 17:36:30.661 BaseTest:373 - Clicked on Nails are Normal option for Five of Six Questions
[logsAndroid_Samsung INFO ] 2023-12-20 17:36:32.970 BaseTest:353 - Six of Six Questions is displayed
[logsAndroid_Samsung INFO ] 2023-12-20 17:36:33.235 BaseTest:373 - Clicked on No Oedema option for Six of Six Questions
[logsAndroid_Samsung INFO ] 2023-12-20 17:36:35.991 BaseTest:353 - Physical Examination Summary Header is displayed
[logsAndroid_Samsung INFO ] 2023-12-20 17:36:36.367 BaseTest:373 - Clicked on Confirm Button
[logsAndroid_Samsung INFO ] 2023-12-20 17:36:38.112 BaseTest:353 - Medical history question 1 is displayed
[logsAndroid_Samsung INFO ] 2023-12-20 17:36:38.295 BaseTest:353 - Pregnancy status question is displayed
[logsAndroid_Samsung INFO ] 2023-12-20 17:36:38.479 BaseTest:373 - Clicked on 'No' for pregnancy status
[logsAndroid_Samsung INFO ] 2023-12-20 17:36:40.219 BaseTest:353 - Medical history question 2 is displayed
[logsAndroid_Samsung INFO ] 2023-12-20 17:36:40.451 BaseTest:353 - Allergy question is displayed
[logsAndroid_Samsung INFO ] 2023-12-20 17:36:40.753 BaseTest:373 - Clicked on 'No Known Allergies'
[logsAndroid_Samsung INFO ] 2023-12-20 17:36:42.737 BaseTest:353 - Medical history question 3 is displayed
[logsAndroid_Samsung INFO ] 2023-12-20 17:36:42.985 BaseTest:353 - Alcohol consumption question is displayed
[logsAndroid_Samsung INFO ] 2023-12-20 17:36:43.221 BaseTest:373 - Clicked on 'No' for alcohol consumption
[logsAndroid_Samsung INFO ] 2023-12-20 17:36:45.592 BaseTest:353 - Medical history question 4 is displayed
[logsAndroid_Samsung INFO ] 2023-12-20 17:36:45.873 BaseTest:353 - Smoking question is displayed
[logsAndroid_Samsung INFO ] 2023-12-20 17:36:46.135 BaseTest:373 - Clicked on 'Never Smoker'
[logsAndroid_Samsung INFO ] 2023-12-20 17:36:48.410 BaseTest:353 - Medical history question 5 is displayed
[logsAndroid_Samsung INFO ] 2023-12-20 17:36:48.632 BaseTest:353 - Medicine question is displayed
[logsAndroid_Samsung INFO ] 2023-12-20 17:36:48.853 BaseTest:373 - Clicked on 'No' for medicine history
[logsAndroid_Samsung INFO ] 2023-12-20 17:36:51.129 BaseTest:353 - Medical history question 6 is displayed
[logsAndroid_Samsung INFO ] 2023-12-20 17:36:51.367 BaseTest:353 - History question is displayed
[logsAndroid_Samsung INFO ] 2023-12-20 17:36:51.656 BaseTest:373 - Clicked on 'None' for history
[logsAndroid_Samsung INFO ] 2023-12-20 17:36:53.980 BaseTest:373 - Clicked on Submit for history
[logsAndroid_Samsung INFO ] 2023-12-20 17:36:56.228 BaseTest:373 - Clicked on 'Other' option
[logsAndroid_Samsung INFO ] 2023-12-20 17:36:59.657 BaseTest:373 - Clicked on Submit button
[logsAndroid_Samsung INFO ] 2023-12-20 17:37:02.082 BaseTest:353 - Medical History Summary Screen Header is displayed
[logsAndroid_Samsung INFO ] 2023-12-20 17:37:02.385 BaseTest:373 - Clicked on Family History Change Button
[logsAndroid_Samsung INFO ] 2023-12-20 17:37:03.670 BaseTest:353 - Medical History Header is displayed
[logsAndroid_Samsung INFO ] 2023-12-20 17:37:09.420 BaseTest:161 - video path: videos\Android_Samsung\2023-12-20-17-25-57\StartVisit3And4StepsTest\IDA4_2653_verifyFamilyHistoryScreenChangeButton.mp4
[logsAndroid_Samsung INFO ] 2023-12-20 17:37:10.113 StartVisit3And4StepsTest:33 - 
****** starting test:IDA4_2655_verifyBackButtonFunctionality******

[logsAndroid_Samsung INFO ] 2023-12-20 17:37:52.867 StartVisit3And4StepsTest:63 - Handling app permissions and completing app setup
[logsAndroid_Samsung INFO ] 2023-12-20 17:45:40.177 BaseTest:271 - log path: logs\Android_Samsung
[logsAndroid_Samsung INFO ] 2023-12-20 17:45:40.189 BaseTest:277 - load config.properties
[logsAndroid_Samsung INFO ] 2023-12-20 17:45:49.953 BaseTest:315 - driver initialized: AndroidDriver:  on ANDROID (6ed05ca4-ba27-445e-9a98-ecb9878cea3b)
[logsAndroid_Samsung INFO ] 2023-12-20 17:45:50.757 StartVisit3And4StepsTest:33 - 
****** starting test:IDA4_2652_verifyPatientHistoryScreenChangeButton******

[logsAndroid_Samsung INFO ] 2023-12-20 17:46:46.680 StartVisit3And4StepsTest:63 - Handling app permissions and completing app setup
[logsAndroid_Samsung INFO ] 2023-12-20 17:48:57.562 StartVisit3And4StepsTest:73 - Registering a patient with provided details
[logsAndroid_Samsung INFO ] 2023-12-20 17:49:10.383 StartVisit3And4StepsTest:84 - Entering patient vitals details
[logsAndroid_Samsung INFO ] 2023-12-20 17:49:11.133 StartVisit3And4StepsTest:87 - Clicking on the 'Next' button after entering the first set of vitals
[logsAndroid_Samsung INFO ] 2023-12-20 17:49:12.323 StartVisit3And4StepsTest:91 - Clicking on the 'Confirm' button to confirm the entered vitals
[logsAndroid_Samsung INFO ] 2023-12-20 17:49:22.244 StartVisit3And4StepsTest:95 - Scrolling to the HyperTension section on the page
[logsAndroid_Samsung INFO ] 2023-12-20 17:49:25.260 StartVisit3And4StepsTest:99 - Selecting and confirming the visit reason as Hypertension
[logsAndroid_Samsung INFO ] 2023-12-20 17:49:58.246 StartVisit3And4StepsTest:103 - Handling the Hypertension-related visit questions
[logsAndroid_Samsung INFO ] 2023-12-20 17:49:58.559 StartVisit3And4StepsTest:106 - Verifying that the 'Associated Symptoms' title is displayed on the page
[logsAndroid_Samsung INFO ] 2023-12-20 17:49:58.916 StartVisit3And4StepsTest:110 - Selecting 'No' for the first associated symptom
[logsAndroid_Samsung INFO ] 2023-12-20 17:50:02.484 StartVisit3And4StepsTest:114 - Clicking on the main 'Submit' button for associated symptoms
[logsAndroid_Samsung INFO ] 2023-12-20 17:50:02.765 StartVisit3And4StepsTest:119 - Clicking on the 'Confirm' button on the visit reason summary screen
[logsAndroid_Samsung INFO ] 2023-12-20 17:50:03.799 StartVisit3And4StepsTest:123 - Clicking on the 'Okay' button to proceed
[logsAndroid_Samsung INFO ] 2023-12-20 17:50:04.676 BaseTest:353 - One of Six Questions is displayed
[logsAndroid_Samsung INFO ] 2023-12-20 17:50:04.903 BaseTest:373 - Clicked on Yes option for One of Six Questions
[logsAndroid_Samsung INFO ] 2023-12-20 17:50:07.125 BaseTest:353 - Two of Six Questions is displayed
[logsAndroid_Samsung INFO ] 2023-12-20 17:50:07.414 BaseTest:373 - Clicked on Normal option for Two of Six Questions
[logsAndroid_Samsung INFO ] 2023-12-20 17:50:09.405 BaseTest:353 - Three of Six Questions is displayed
[logsAndroid_Samsung INFO ] 2023-12-20 17:50:09.691 BaseTest:373 - Clicked on Normal option for Three of Six Questions
[logsAndroid_Samsung INFO ] 2023-12-20 17:50:11.950 BaseTest:353 - Four of Six Questions is displayed
[logsAndroid_Samsung INFO ] 2023-12-20 17:50:12.198 BaseTest:373 - Clicked on Nails are Normal option for Four of Six Questions
[logsAndroid_Samsung INFO ] 2023-12-20 17:50:14.523 BaseTest:353 - Five of Six Questions is displayed
[logsAndroid_Samsung INFO ] 2023-12-20 17:50:14.792 BaseTest:373 - Clicked on Nails are Normal option for Five of Six Questions
[logsAndroid_Samsung INFO ] 2023-12-20 17:50:17.090 BaseTest:353 - Six of Six Questions is displayed
[logsAndroid_Samsung INFO ] 2023-12-20 17:50:17.336 BaseTest:373 - Clicked on No Oedema option for Six of Six Questions
[logsAndroid_Samsung INFO ] 2023-12-20 17:50:20.022 BaseTest:353 - Physical Examination Summary Header is displayed
[logsAndroid_Samsung INFO ] 2023-12-20 17:50:20.405 BaseTest:373 - Clicked on Confirm Button
[logsAndroid_Samsung INFO ] 2023-12-20 17:50:22.161 BaseTest:353 - Medical history question 1 is displayed
[logsAndroid_Samsung INFO ] 2023-12-20 17:50:22.374 BaseTest:353 - Pregnancy status question is displayed
[logsAndroid_Samsung INFO ] 2023-12-20 17:50:22.558 BaseTest:373 - Clicked on 'No' for pregnancy status
[logsAndroid_Samsung INFO ] 2023-12-20 17:50:24.317 BaseTest:353 - Medical history question 2 is displayed
[logsAndroid_Samsung INFO ] 2023-12-20 17:50:24.602 BaseTest:353 - Allergy question is displayed
[logsAndroid_Samsung INFO ] 2023-12-20 17:50:24.864 BaseTest:373 - Clicked on 'No Known Allergies'
[logsAndroid_Samsung ERROR] 2023-12-20 17:55:27.272 TestListener:33 - org.openqa.selenium.TimeoutException: Expected condition failed: waiting for visibility of Located by By.chained({By.xpath: //android.widget.TextView[@text='3 of 6 questions']}) (tried for 300 second(s) with 500 milliseconds interval)
	at org.openqa.selenium.support.ui.WebDriverWait.timeoutException(WebDriverWait.java:84)
	at org.openqa.selenium.support.ui.FluentWait.until(FluentWait.java:230)
	at com.intelehealth.base.BaseTest.waitForVisibility(BaseTest.java:335)
	at com.intelehealth.base.BaseTest.isDisplayed(BaseTest.java:352)
	at com.intelehealth.pages.StartVisit3And4StepsPage.answerMedicalHistoryQuestions(StartVisit3And4StepsPage.java:754)
	at com.intelehealth.tests.StartVisit3And4StepsTest.IDA4_2652_verifyPatientHistoryScreenChangeButton(StartVisit3And4StepsTest.java:308)
	at java.base/jdk.internal.reflect.NativeMethodAccessorImpl.invoke0(Native Method)
	at java.base/jdk.internal.reflect.NativeMethodAccessorImpl.invoke(NativeMethodAccessorImpl.java:77)
	at java.base/jdk.internal.reflect.DelegatingMethodAccessorImpl.invoke(DelegatingMethodAccessorImpl.java:43)
	at java.base/java.lang.reflect.Method.invoke(Method.java:568)
	at org.testng.internal.invokers.MethodInvocationHelper.invokeMethod(MethodInvocationHelper.java:139)
	at org.testng.internal.invokers.TestInvoker.invokeMethod(TestInvoker.java:664)
	at org.testng.internal.invokers.TestInvoker.invokeTestMethod(TestInvoker.java:227)
	at org.testng.internal.invokers.MethodRunner.runInSequence(MethodRunner.java:50)
	at org.testng.internal.invokers.TestInvoker$MethodInvocationAgent.invoke(TestInvoker.java:957)
	at org.testng.internal.invokers.TestInvoker.invokeTestMethods(TestInvoker.java:200)
	at org.testng.internal.invokers.TestMethodWorker.invokeTestMethods(TestMethodWorker.java:148)
	at org.testng.internal.invokers.TestMethodWorker.run(TestMethodWorker.java:128)
	at java.base/java.util.ArrayList.forEach(ArrayList.java:1511)
	at org.testng.TestRunner.privateRun(TestRunner.java:848)
	at org.testng.TestRunner.run(TestRunner.java:621)
	at org.testng.SuiteRunner.runTest(SuiteRunner.java:443)
	at org.testng.SuiteRunner$SuiteWorker.run(SuiteRunner.java:481)
	at org.testng.internal.thread.ThreadUtil.lambda$execute$0(ThreadUtil.java:58)
	at java.base/java.util.concurrent.FutureTask.run(FutureTask.java:264)
	at java.base/java.util.concurrent.ThreadPoolExecutor.runWorker(ThreadPoolExecutor.java:1136)
	at java.base/java.util.concurrent.ThreadPoolExecutor$Worker.run(ThreadPoolExecutor.java:635)
	at java.base/java.lang.Thread.run(Thread.java:833)
Caused by: org.openqa.selenium.NoSuchElementException: Can't locate an element by this strategy: By.chained({By.xpath: //android.widget.TextView[@text='3 of 6 questions']})
	at io.appium.java_client.pagefactory.AppiumElementLocator.findElement(AppiumElementLocator.java:166)
	at io.appium.java_client.pagefactory.interceptors.InterceptorOfASingleElement.call(InterceptorOfASingleElement.java:64)
	at io.appium.java_client.proxy.Interceptor.intercept(Interceptor.java:78)
	at org.openqa.selenium.remote.RemoteWebElement$ByteBuddy$MrwqAYaR.isDisplayed(Unknown Source)
	at org.openqa.selenium.support.ui.ExpectedConditions.elementIfVisible(ExpectedConditions.java:304)
	at org.openqa.selenium.support.ui.ExpectedConditions.access$000(ExpectedConditions.java:37)
	at org.openqa.selenium.support.ui.ExpectedConditions$10.apply(ExpectedConditions.java:290)
	at org.openqa.selenium.support.ui.ExpectedConditions$10.apply(ExpectedConditions.java:287)
	at org.openqa.selenium.support.ui.FluentWait.until(FluentWait.java:205)
	... 26 more
Caused by: org.openqa.selenium.TimeoutException: Expected condition failed: waiting for io.appium.java_client.pagefactory.AppiumElementLocator$WaitingFunction@2e80bd27 (tried for 1 second(s) with 500 milliseconds interval)
	at org.openqa.selenium.support.ui.FluentWait.timeoutException(FluentWait.java:262)
	at org.openqa.selenium.support.ui.FluentWait.until(FluentWait.java:230)
	at io.appium.java_client.pagefactory.AppiumElementLocator.waitFor(AppiumElementLocator.java:135)
	at io.appium.java_client.pagefactory.AppiumElementLocator.findElement(AppiumElementLocator.java:160)
	... 34 more
Caused by: org.openqa.selenium.NoSuchElementException: Cannot locate an element using By.chained({By.xpath: //android.widget.TextView[@text='3 of 6 questions']})
For documentation on this error, please visit: https://www.selenium.dev/documentation/webdriver/troubleshooting/errors#no-such-element-exception
Build info: version: '4.13.0', revision: 'ba948ece5b*'
System info: os.name: 'Windows 10', os.arch: 'amd64', os.version: '10.0', java.version: '17.0.8.1'
Driver info: driver.version: RemoteWebDriver
	at io.appium.java_client.pagefactory.bys.builder.ByChained.findElement(ByChained.java:77)
	at org.openqa.selenium.remote.ElementLocation$ElementFinder$1.findElement(ElementLocation.java:139)
	at org.openqa.selenium.remote.ElementLocation.findElement(ElementLocation.java:59)
	at org.openqa.selenium.remote.RemoteWebDriver.findElement(RemoteWebDriver.java:359)
	at org.openqa.selenium.remote.RemoteWebDriver.findElement(RemoteWebDriver.java:353)
	at io.appium.java_client.pagefactory.bys.ContentMappedBy.findElement(ContentMappedBy.java:53)
	at org.openqa.selenium.remote.ElementLocation$ElementFinder$1.findElement(ElementLocation.java:139)
	at org.openqa.selenium.remote.ElementLocation.findElement(ElementLocation.java:59)
	at org.openqa.selenium.remote.RemoteWebDriver.findElement(RemoteWebDriver.java:359)
	at org.openqa.selenium.remote.RemoteWebDriver.findElement(RemoteWebDriver.java:353)
	at io.appium.java_client.pagefactory.AppiumElementLocator.lambda$findElement$1(AppiumElementLocator.java:160)
	at io.appium.java_client.pagefactory.AppiumElementLocator$WaitingFunction.apply(AppiumElementLocator.java:217)
	at io.appium.java_client.pagefactory.AppiumElementLocator$WaitingFunction.apply(AppiumElementLocator.java:210)
	at org.openqa.selenium.support.ui.FluentWait.until(FluentWait.java:205)
	... 36 more

[logsAndroid_Samsung INFO ] 2023-12-20 17:55:32.839 BaseTest:161 - video path: videos\Android_Samsung\2023-12-20-17-45-40\StartVisit3And4StepsTest\IDA4_2652_verifyPatientHistoryScreenChangeButton.mp4
[logsAndroid_Samsung INFO ] 2023-12-20 17:55:33.622 StartVisit3And4StepsTest:33 - 
****** starting test:IDA4_2653_verifyFamilyHistoryScreenChangeButton******

[logsAndroid_Samsung INFO ] 2023-12-20 17:56:17.247 StartVisit3And4StepsTest:63 - Handling app permissions and completing app setup
[logsAndroid_Samsung INFO ] 2023-12-20 17:58:32.014 StartVisit3And4StepsTest:73 - Registering a patient with provided details
[logsAndroid_Samsung INFO ] 2023-12-20 17:58:44.360 StartVisit3And4StepsTest:84 - Entering patient vitals details
[logsAndroid_Samsung INFO ] 2023-12-20 17:58:45.010 StartVisit3And4StepsTest:87 - Clicking on the 'Next' button after entering the first set of vitals
[logsAndroid_Samsung INFO ] 2023-12-20 17:58:46.177 StartVisit3And4StepsTest:91 - Clicking on the 'Confirm' button to confirm the entered vitals
[logsAndroid_Samsung INFO ] 2023-12-20 17:58:56.053 StartVisit3And4StepsTest:95 - Scrolling to the HyperTension section on the page
[logsAndroid_Samsung INFO ] 2023-12-20 17:58:58.929 StartVisit3And4StepsTest:99 - Selecting and confirming the visit reason as Hypertension
[logsAndroid_Samsung INFO ] 2023-12-20 17:59:29.082 StartVisit3And4StepsTest:103 - Handling the Hypertension-related visit questions
[logsAndroid_Samsung INFO ] 2023-12-20 17:59:29.370 StartVisit3And4StepsTest:106 - Verifying that the 'Associated Symptoms' title is displayed on the page
[logsAndroid_Samsung INFO ] 2023-12-20 17:59:29.713 StartVisit3And4StepsTest:110 - Selecting 'No' for the first associated symptom
[logsAndroid_Samsung INFO ] 2023-12-20 17:59:31.711 StartVisit3And4StepsTest:114 - Clicking on the main 'Submit' button for associated symptoms
[logsAndroid_Samsung INFO ] 2023-12-20 17:59:33.375 StartVisit3And4StepsTest:119 - Clicking on the 'Confirm' button on the visit reason summary screen
[logsAndroid_Samsung INFO ] 2023-12-20 17:59:34.421 StartVisit3And4StepsTest:123 - Clicking on the 'Okay' button to proceed
[logsAndroid_Samsung INFO ] 2023-12-20 17:59:35.235 BaseTest:353 - One of Six Questions is displayed
[logsAndroid_Samsung INFO ] 2023-12-20 17:59:35.430 BaseTest:373 - Clicked on Yes option for One of Six Questions
[logsAndroid_Samsung INFO ] 2023-12-20 17:59:37.670 BaseTest:353 - Two of Six Questions is displayed
[logsAndroid_Samsung INFO ] 2023-12-20 17:59:37.896 BaseTest:373 - Clicked on Normal option for Two of Six Questions
[logsAndroid_Samsung INFO ] 2023-12-20 17:59:39.817 BaseTest:353 - Three of Six Questions is displayed
[logsAndroid_Samsung INFO ] 2023-12-20 17:59:40.037 BaseTest:373 - Clicked on Normal option for Three of Six Questions
[logsAndroid_Samsung INFO ] 2023-12-20 17:59:42.308 BaseTest:353 - Four of Six Questions is displayed
[logsAndroid_Samsung INFO ] 2023-12-20 17:59:42.516 BaseTest:373 - Clicked on Nails are Normal option for Four of Six Questions
[logsAndroid_Samsung INFO ] 2023-12-20 17:59:44.742 BaseTest:353 - Five of Six Questions is displayed
[logsAndroid_Samsung INFO ] 2023-12-20 17:59:44.958 BaseTest:373 - Clicked on Nails are Normal option for Five of Six Questions
[logsAndroid_Samsung INFO ] 2023-12-20 17:59:47.167 BaseTest:353 - Six of Six Questions is displayed
[logsAndroid_Samsung INFO ] 2023-12-20 17:59:47.387 BaseTest:373 - Clicked on No Oedema option for Six of Six Questions
[logsAndroid_Samsung INFO ] 2023-12-20 17:59:50.180 BaseTest:353 - Physical Examination Summary Header is displayed
[logsAndroid_Samsung INFO ] 2023-12-20 17:59:50.486 BaseTest:373 - Clicked on Confirm Button
[logsAndroid_Samsung INFO ] 2023-12-20 17:59:52.280 BaseTest:353 - Medical history question 1 is displayed
[logsAndroid_Samsung INFO ] 2023-12-20 17:59:52.466 BaseTest:353 - Pregnancy status question is displayed
[logsAndroid_Samsung INFO ] 2023-12-20 17:59:52.644 BaseTest:373 - Clicked on 'No' for pregnancy status
[logsAndroid_Samsung INFO ] 2023-12-20 17:59:54.305 BaseTest:353 - Medical history question 2 is displayed
[logsAndroid_Samsung INFO ] 2023-12-20 17:59:54.497 BaseTest:353 - Allergy question is displayed
[logsAndroid_Samsung INFO ] 2023-12-20 17:59:54.721 BaseTest:373 - Clicked on 'No Known Allergies'
[logsAndroid_Samsung INFO ] 2023-12-20 17:59:56.644 BaseTest:353 - Medical history question 3 is displayed
[logsAndroid_Samsung INFO ] 2023-12-20 17:59:56.866 BaseTest:353 - Alcohol consumption question is displayed
[logsAndroid_Samsung INFO ] 2023-12-20 17:59:57.181 BaseTest:373 - Clicked on 'No' for alcohol consumption
[logsAndroid_Samsung INFO ] 2023-12-20 17:59:59.679 BaseTest:353 - Medical history question 4 is displayed
[logsAndroid_Samsung INFO ] 2023-12-20 17:59:59.914 BaseTest:353 - Smoking question is displayed
[logsAndroid_Samsung INFO ] 2023-12-20 18:00:00.143 BaseTest:373 - Clicked on 'Never Smoker'
[logsAndroid_Samsung INFO ] 2023-12-20 18:00:02.375 BaseTest:353 - Medical history question 5 is displayed
[logsAndroid_Samsung INFO ] 2023-12-20 18:00:02.563 BaseTest:353 - Medicine question is displayed
[logsAndroid_Samsung INFO ] 2023-12-20 18:00:02.791 BaseTest:373 - Clicked on 'No' for medicine history
[logsAndroid_Samsung INFO ] 2023-12-20 18:00:05.095 BaseTest:353 - Medical history question 6 is displayed
[logsAndroid_Samsung INFO ] 2023-12-20 18:00:05.346 BaseTest:353 - History question is displayed
[logsAndroid_Samsung INFO ] 2023-12-20 18:00:05.584 BaseTest:373 - Clicked on 'None' for history
[logsAndroid_Samsung INFO ] 2023-12-20 18:00:07.883 BaseTest:373 - Clicked on Submit for history
[logsAndroid_Samsung INFO ] 2023-12-20 18:00:10.097 BaseTest:373 - Clicked on 'Other' option
[logsAndroid_Samsung INFO ] 2023-12-20 18:00:11.899 BaseTest:373 - Clicked on Submit button
[logsAndroid_Samsung ERROR] 2023-12-20 18:05:12.421 TestListener:33 - org.openqa.selenium.TimeoutException: Expected condition failed: waiting for visibility of Located by By.chained({AppiumBy.accessibilityId: Medical History Summary Fragment Subtitle TextView}) (tried for 300 second(s) with 500 milliseconds interval)
	at org.openqa.selenium.support.ui.WebDriverWait.timeoutException(WebDriverWait.java:84)
	at org.openqa.selenium.support.ui.FluentWait.until(FluentWait.java:230)
	at com.intelehealth.base.BaseTest.waitForVisibility(BaseTest.java:335)
	at com.intelehealth.base.BaseTest.isDisplayed(BaseTest.java:352)
	at com.intelehealth.pages.StartVisit3And4StepsPage.verifyFamilyHistoryScreenConfirmButton(StartVisit3And4StepsPage.java:855)
	at com.intelehealth.tests.StartVisit3And4StepsTest.IDA4_2653_verifyFamilyHistoryScreenChangeButton(StartVisit3And4StepsTest.java:319)
	at java.base/jdk.internal.reflect.NativeMethodAccessorImpl.invoke0(Native Method)
	at java.base/jdk.internal.reflect.NativeMethodAccessorImpl.invoke(NativeMethodAccessorImpl.java:77)
	at java.base/jdk.internal.reflect.DelegatingMethodAccessorImpl.invoke(DelegatingMethodAccessorImpl.java:43)
	at java.base/java.lang.reflect.Method.invoke(Method.java:568)
	at org.testng.internal.invokers.MethodInvocationHelper.invokeMethod(MethodInvocationHelper.java:139)
	at org.testng.internal.invokers.TestInvoker.invokeMethod(TestInvoker.java:664)
	at org.testng.internal.invokers.TestInvoker.invokeTestMethod(TestInvoker.java:227)
	at org.testng.internal.invokers.MethodRunner.runInSequence(MethodRunner.java:50)
	at org.testng.internal.invokers.TestInvoker$MethodInvocationAgent.invoke(TestInvoker.java:957)
	at org.testng.internal.invokers.TestInvoker.invokeTestMethods(TestInvoker.java:200)
	at org.testng.internal.invokers.TestMethodWorker.invokeTestMethods(TestMethodWorker.java:148)
	at org.testng.internal.invokers.TestMethodWorker.run(TestMethodWorker.java:128)
	at java.base/java.util.ArrayList.forEach(ArrayList.java:1511)
	at org.testng.TestRunner.privateRun(TestRunner.java:848)
	at org.testng.TestRunner.run(TestRunner.java:621)
	at org.testng.SuiteRunner.runTest(SuiteRunner.java:443)
	at org.testng.SuiteRunner$SuiteWorker.run(SuiteRunner.java:481)
	at org.testng.internal.thread.ThreadUtil.lambda$execute$0(ThreadUtil.java:58)
	at java.base/java.util.concurrent.FutureTask.run(FutureTask.java:264)
	at java.base/java.util.concurrent.ThreadPoolExecutor.runWorker(ThreadPoolExecutor.java:1136)
	at java.base/java.util.concurrent.ThreadPoolExecutor$Worker.run(ThreadPoolExecutor.java:635)
	at java.base/java.lang.Thread.run(Thread.java:833)
Caused by: org.openqa.selenium.NoSuchElementException: Can't locate an element by this strategy: By.chained({AppiumBy.accessibilityId: Medical History Summary Fragment Subtitle TextView})
	at io.appium.java_client.pagefactory.AppiumElementLocator.findElement(AppiumElementLocator.java:166)
	at io.appium.java_client.pagefactory.interceptors.InterceptorOfASingleElement.call(InterceptorOfASingleElement.java:64)
	at io.appium.java_client.proxy.Interceptor.intercept(Interceptor.java:78)
	at org.openqa.selenium.remote.RemoteWebElement$ByteBuddy$2OUxtQhj.isDisplayed(Unknown Source)
	at org.openqa.selenium.support.ui.ExpectedConditions.elementIfVisible(ExpectedConditions.java:304)
	at org.openqa.selenium.support.ui.ExpectedConditions.access$000(ExpectedConditions.java:37)
	at org.openqa.selenium.support.ui.ExpectedConditions$10.apply(ExpectedConditions.java:290)
	at org.openqa.selenium.support.ui.ExpectedConditions$10.apply(ExpectedConditions.java:287)
	at org.openqa.selenium.support.ui.FluentWait.until(FluentWait.java:205)
	... 26 more
Caused by: org.openqa.selenium.TimeoutException: Expected condition failed: waiting for io.appium.java_client.pagefactory.AppiumElementLocator$WaitingFunction@1244e446 (tried for 1 second(s) with 500 milliseconds interval)
	at org.openqa.selenium.support.ui.FluentWait.timeoutException(FluentWait.java:262)
	at org.openqa.selenium.support.ui.FluentWait.until(FluentWait.java:230)
	at io.appium.java_client.pagefactory.AppiumElementLocator.waitFor(AppiumElementLocator.java:135)
	at io.appium.java_client.pagefactory.AppiumElementLocator.findElement(AppiumElementLocator.java:160)
	... 34 more
Caused by: org.openqa.selenium.NoSuchElementException: Cannot locate an element using By.chained({AppiumBy.accessibilityId: Medical History Summary Fragment Subtitle TextView})
For documentation on this error, please visit: https://www.selenium.dev/documentation/webdriver/troubleshooting/errors#no-such-element-exception
Build info: version: '4.13.0', revision: 'ba948ece5b*'
System info: os.name: 'Windows 10', os.arch: 'amd64', os.version: '10.0', java.version: '17.0.8.1'
Driver info: driver.version: RemoteWebDriver
	at io.appium.java_client.pagefactory.bys.builder.ByChained.findElement(ByChained.java:77)
	at org.openqa.selenium.remote.ElementLocation$ElementFinder$1.findElement(ElementLocation.java:139)
	at org.openqa.selenium.remote.ElementLocation.findElement(ElementLocation.java:59)
	at org.openqa.selenium.remote.RemoteWebDriver.findElement(RemoteWebDriver.java:359)
	at org.openqa.selenium.remote.RemoteWebDriver.findElement(RemoteWebDriver.java:353)
	at io.appium.java_client.pagefactory.bys.ContentMappedBy.findElement(ContentMappedBy.java:53)
	at org.openqa.selenium.remote.ElementLocation$ElementFinder$1.findElement(ElementLocation.java:139)
	at org.openqa.selenium.remote.ElementLocation.findElement(ElementLocation.java:59)
	at org.openqa.selenium.remote.RemoteWebDriver.findElement(RemoteWebDriver.java:359)
	at org.openqa.selenium.remote.RemoteWebDriver.findElement(RemoteWebDriver.java:353)
	at io.appium.java_client.pagefactory.AppiumElementLocator.lambda$findElement$1(AppiumElementLocator.java:160)
	at io.appium.java_client.pagefactory.AppiumElementLocator$WaitingFunction.apply(AppiumElementLocator.java:217)
	at io.appium.java_client.pagefactory.AppiumElementLocator$WaitingFunction.apply(AppiumElementLocator.java:210)
	at org.openqa.selenium.support.ui.FluentWait.until(FluentWait.java:205)
	... 36 more

[logsAndroid_Samsung INFO ] 2023-12-20 18:05:17.960 BaseTest:161 - video path: videos\Android_Samsung\2023-12-20-17-45-40\StartVisit3And4StepsTest\IDA4_2653_verifyFamilyHistoryScreenChangeButton.mp4
[logsAndroid_Samsung INFO ] 2023-12-20 18:05:18.770 StartVisit3And4StepsTest:33 - 
****** starting test:IDA4_2655_verifyBackButtonFunctionality******

[logsAndroid_Samsung INFO ] 2023-12-20 18:06:04.458 StartVisit3And4StepsTest:63 - Handling app permissions and completing app setup
