[logsAndroid_Samsung INFO ] 2023-12-21 08:40:07.179 BaseTest:271 - log path: logs\Android_Samsung
[logsAndroid_Samsung INFO ] 2023-12-21 08:40:07.212 BaseTest:277 - load config.properties
[logsAndroid_Samsung INFO ] 2023-12-21 08:40:24.803 BaseTest:315 - driver initialized: AndroidDriver:  on ANDROID (2f4dbcce-b044-4374-897c-287ceb08c65d)
[logsAndroid_Samsung INFO ] 2023-12-21 08:40:25.833 StartVisit3And4StepsTest:33 - 
****** starting test:IDA4_2652_verifyPatientHistoryScreenChangeButton******

[logsAndroid_Samsung INFO ] 2023-12-21 08:46:33.402 BaseTest:271 - log path: logs\Android_Samsung
[logsAndroid_Samsung INFO ] 2023-12-21 08:46:33.420 BaseTest:277 - load config.properties
[logsAndroid_Samsung INFO ] 2023-12-21 08:46:45.094 BaseTest:315 - driver initialized: AndroidDriver:  on ANDROID (b49ce536-ca41-43c8-ab88-b75fb6d88264)
[logsAndroid_Samsung INFO ] 2023-12-21 08:46:46.134 StartVisit3And4StepsTest:32 - 
****** starting test:IDA4_2652_verifyPatientHistoryScreenChangeButton******

[logsAndroid_Samsung INFO ] 2023-12-21 08:47:48.149 StartVisit3And4StepsTest:62 - Handling app permissions and completing app setup
[logsAndroid_Samsung INFO ] 2023-12-21 08:50:39.761 BaseTest:271 - log path: logs\Android_Samsung
[logsAndroid_Samsung INFO ] 2023-12-21 08:50:39.776 BaseTest:277 - load config.properties
[logsAndroid_Samsung INFO ] 2023-12-21 08:50:51.250 BaseTest:315 - driver initialized: AndroidDriver:  on ANDROID (83e25d24-cf64-4d9a-9b75-5bfa40ae91f2)
[logsAndroid_Samsung INFO ] 2023-12-21 08:50:52.237 StartVisit3And4StepsTest:32 - 
****** starting test:IDA4_2652_verifyPatientHistoryScreenChangeButton******

[logsAndroid_Samsung INFO ] 2023-12-21 08:51:54.702 StartVisit3And4StepsTest:62 - Handling app permissions and completing app setup
[logsAndroid_Samsung INFO ] 2023-12-21 08:54:17.578 BaseTest:271 - log path: logs\Android_Samsung
[logsAndroid_Samsung INFO ] 2023-12-21 08:54:17.594 BaseTest:277 - load config.properties
[logsAndroid_Samsung INFO ] 2023-12-21 08:54:29.632 BaseTest:315 - driver initialized: AndroidDriver:  on ANDROID (7e41703c-6204-46fd-b98c-63165187ef28)
[logsAndroid_Samsung INFO ] 2023-12-21 08:54:30.494 StartVisit3And4StepsTest:32 - 
****** starting test:IDA4_2652_verifyPatientHistoryScreenChangeButton******

[logsAndroid_Samsung INFO ] 2023-12-21 08:55:31.780 StartVisit3And4StepsTest:62 - Handling app permissions and completing app setup
[logsAndroid_Samsung INFO ] 2023-12-21 08:58:41.509 StartVisit3And4StepsTest:72 - Registering a patient with provided details
[logsAndroid_Samsung INFO ] 2023-12-21 08:58:57.770 StartVisit3And4StepsTest:83 - Entering patient vitals details
[logsAndroid_Samsung INFO ] 2023-12-21 08:58:58.826 StartVisit3And4StepsTest:86 - Clicking on the 'Next' button after entering the first set of vitals
[logsAndroid_Samsung INFO ] 2023-12-21 08:59:00.108 StartVisit3And4StepsTest:90 - Clicking on the 'Confirm' button to confirm the entered vitals
[logsAndroid_Samsung INFO ] 2023-12-21 08:59:13.451 StartVisit3And4StepsTest:94 - Scrolling to the HyperTension section on the page
[logsAndroid_Samsung INFO ] 2023-12-21 08:59:18.874 StartVisit3And4StepsTest:98 - Selecting and confirming the visit reason as Hypertension
[logsAndroid_Samsung INFO ] 2023-12-21 09:00:06.319 StartVisit3And4StepsTest:102 - Handling the Hypertension-related visit questions
[logsAndroid_Samsung INFO ] 2023-12-21 09:00:06.741 StartVisit3And4StepsTest:105 - Verifying that the 'Associated Symptoms' title is displayed on the page
[logsAndroid_Samsung INFO ] 2023-12-21 09:00:07.260 StartVisit3And4StepsTest:109 - Selecting 'No' for the first associated symptom
[logsAndroid_Samsung INFO ] 2023-12-21 09:00:10.906 StartVisit3And4StepsTest:113 - Clicking on the main 'Submit' button for associated symptoms
[logsAndroid_Samsung INFO ] 2023-12-21 09:00:11.193 StartVisit3And4StepsTest:117 - Clicking on the 'Confirm' button on the visit reason summary screen
[logsAndroid_Samsung INFO ] 2023-12-21 09:00:12.614 StartVisit3And4StepsTest:121 - Clicking on the 'Okay' button to proceed
[logsAndroid_Samsung INFO ] 2023-12-21 09:00:13.457 BaseTest:353 - One of Six Questions is displayed
[logsAndroid_Samsung INFO ] 2023-12-21 09:00:13.873 BaseTest:373 - Clicked on Yes option for One of Six Questions
[logsAndroid_Samsung INFO ] 2023-12-21 09:00:16.312 BaseTest:353 - Two of Six Questions is displayed
[logsAndroid_Samsung INFO ] 2023-12-21 09:00:16.591 BaseTest:373 - Clicked on Normal option for Two of Six Questions
[logsAndroid_Samsung INFO ] 2023-12-21 09:00:18.729 BaseTest:353 - Three of Six Questions is displayed
[logsAndroid_Samsung INFO ] 2023-12-21 09:00:19.164 BaseTest:373 - Clicked on Normal option for Three of Six Questions
[logsAndroid_Samsung INFO ] 2023-12-21 09:00:21.667 BaseTest:353 - Four of Six Questions is displayed
[logsAndroid_Samsung INFO ] 2023-12-21 09:00:21.955 BaseTest:373 - Clicked on Nails are Normal option for Four of Six Questions
[logsAndroid_Samsung INFO ] 2023-12-21 09:00:24.435 BaseTest:353 - Five of Six Questions is displayed
[logsAndroid_Samsung INFO ] 2023-12-21 09:00:24.779 BaseTest:373 - Clicked on Nails are Normal option for Five of Six Questions
[logsAndroid_Samsung INFO ] 2023-12-21 09:00:27.383 BaseTest:353 - Six of Six Questions is displayed
[logsAndroid_Samsung INFO ] 2023-12-21 09:00:27.799 BaseTest:373 - Clicked on No Oedema option for Six of Six Questions
[logsAndroid_Samsung INFO ] 2023-12-21 09:00:30.680 BaseTest:353 - Physical Examination Summary Header is displayed
[logsAndroid_Samsung INFO ] 2023-12-21 09:00:31.992 BaseTest:373 - Clicked on Confirm Button
[logsAndroid_Samsung INFO ] 2023-12-21 09:00:33.909 BaseTest:353 - Medical history question 1 is displayed
[logsAndroid_Samsung INFO ] 2023-12-21 09:00:34.117 BaseTest:353 - Pregnancy status question is displayed
[logsAndroid_Samsung INFO ] 2023-12-21 09:00:34.319 BaseTest:373 - Clicked on 'No' for pregnancy status
[logsAndroid_Samsung INFO ] 2023-12-21 09:00:36.276 BaseTest:353 - Medical history question 2 is displayed
[logsAndroid_Samsung INFO ] 2023-12-21 09:00:36.688 BaseTest:353 - Allergy question is displayed
[logsAndroid_Samsung INFO ] 2023-12-21 09:00:37.012 BaseTest:373 - Clicked on 'No Known Allergies'
[logsAndroid_Samsung INFO ] 2023-12-21 09:00:38.907 BaseTest:353 - Medical history question 3 is displayed
[logsAndroid_Samsung INFO ] 2023-12-21 09:00:39.237 BaseTest:353 - Alcohol consumption question is displayed
[logsAndroid_Samsung INFO ] 2023-12-21 09:00:39.524 BaseTest:373 - Clicked on 'No' for alcohol consumption
[logsAndroid_Samsung INFO ] 2023-12-21 09:00:41.989 BaseTest:353 - Medical history question 4 is displayed
[logsAndroid_Samsung INFO ] 2023-12-21 09:00:42.365 BaseTest:353 - Smoking question is displayed
[logsAndroid_Samsung INFO ] 2023-12-21 09:00:42.701 BaseTest:373 - Clicked on 'Never Smoker'
[logsAndroid_Samsung INFO ] 2023-12-21 09:00:45.137 BaseTest:353 - Medical history question 5 is displayed
[logsAndroid_Samsung INFO ] 2023-12-21 09:00:45.468 BaseTest:353 - Medicine question is displayed
[logsAndroid_Samsung INFO ] 2023-12-21 09:00:45.695 BaseTest:373 - Clicked on 'No' for medicine history
[logsAndroid_Samsung INFO ] 2023-12-21 09:00:48.035 BaseTest:353 - Medical history question 6 is displayed
[logsAndroid_Samsung INFO ] 2023-12-21 09:00:48.358 BaseTest:353 - History question is displayed
[logsAndroid_Samsung INFO ] 2023-12-21 09:00:48.642 BaseTest:373 - Clicked on 'None' for history
[logsAndroid_Samsung INFO ] 2023-12-21 09:00:50.906 BaseTest:373 - Clicked on Submit for history
[logsAndroid_Samsung INFO ] 2023-12-21 09:00:53.337 BaseTest:373 - Clicked on 'Other' option
[logsAndroid_Samsung INFO ] 2023-12-21 09:00:56.679 BaseTest:373 - Clicked on Submit button
[logsAndroid_Samsung INFO ] 2023-12-21 09:00:58.633 BaseTest:353 - Medical History Summary Screen Header is displayed
[logsAndroid_Samsung INFO ] 2023-12-21 09:00:58.877 BaseTest:373 - Clicked on Patient History Change Button
[logsAndroid_Samsung INFO ] 2023-12-21 09:01:01.153 BaseTest:353 - Medical History Header is displayed
[logsAndroid_Samsung INFO ] 2023-12-21 09:01:04.986 BaseTest:161 - video path: videos\Android_Samsung\2023-12-21-08-54-17\StartVisit3And4StepsTest\IDA4_2652_verifyPatientHistoryScreenChangeButton.mp4
[logsAndroid_Samsung INFO ] 2023-12-21 09:01:05.949 StartVisit3And4StepsTest:32 - 
****** starting test:IDA4_2653_verifyFamilyHistoryScreenChangeButton******

[logsAndroid_Samsung INFO ] 2023-12-21 09:01:56.073 StartVisit3And4StepsTest:62 - Handling app permissions and completing app setup
[logsAndroid_Samsung INFO ] 2023-12-21 09:05:11.925 StartVisit3And4StepsTest:72 - Registering a patient with provided details
[logsAndroid_Samsung INFO ] 2023-12-21 09:05:26.909 StartVisit3And4StepsTest:83 - Entering patient vitals details
[logsAndroid_Samsung INFO ] 2023-12-21 09:05:27.789 StartVisit3And4StepsTest:86 - Clicking on the 'Next' button after entering the first set of vitals
[logsAndroid_Samsung INFO ] 2023-12-21 09:05:29.135 StartVisit3And4StepsTest:90 - Clicking on the 'Confirm' button to confirm the entered vitals
[logsAndroid_Samsung INFO ] 2023-12-21 09:05:38.897 StartVisit3And4StepsTest:94 - Scrolling to the HyperTension section on the page
[logsAndroid_Samsung INFO ] 2023-12-21 09:05:42.479 StartVisit3And4StepsTest:98 - Selecting and confirming the visit reason as Hypertension
[logsAndroid_Samsung INFO ] 2023-12-21 09:06:14.692 StartVisit3And4StepsTest:102 - Handling the Hypertension-related visit questions
[logsAndroid_Samsung INFO ] 2023-12-21 09:06:18.029 StartVisit3And4StepsTest:105 - Verifying that the 'Associated Symptoms' title is displayed on the page
[logsAndroid_Samsung INFO ] 2023-12-21 09:06:18.729 StartVisit3And4StepsTest:109 - Selecting 'No' for the first associated symptom
[logsAndroid_Samsung INFO ] 2023-12-21 09:06:21.045 StartVisit3And4StepsTest:113 - Clicking on the main 'Submit' button for associated symptoms
[logsAndroid_Samsung INFO ] 2023-12-21 09:06:23.143 StartVisit3And4StepsTest:117 - Clicking on the 'Confirm' button on the visit reason summary screen
[logsAndroid_Samsung INFO ] 2023-12-21 09:06:24.392 StartVisit3And4StepsTest:121 - Clicking on the 'Okay' button to proceed
[logsAndroid_Samsung INFO ] 2023-12-21 09:06:25.023 BaseTest:353 - One of Six Questions is displayed
[logsAndroid_Samsung INFO ] 2023-12-21 09:06:25.319 BaseTest:373 - Clicked on Yes option for One of Six Questions
[logsAndroid_Samsung INFO ] 2023-12-21 09:06:27.698 BaseTest:353 - Two of Six Questions is displayed
[logsAndroid_Samsung INFO ] 2023-12-21 09:06:28.069 BaseTest:373 - Clicked on Normal option for Two of Six Questions
[logsAndroid_Samsung INFO ] 2023-12-21 09:06:30.176 BaseTest:353 - Three of Six Questions is displayed
[logsAndroid_Samsung INFO ] 2023-12-21 09:06:30.448 BaseTest:373 - Clicked on Normal option for Three of Six Questions
[logsAndroid_Samsung INFO ] 2023-12-21 09:06:32.888 BaseTest:353 - Four of Six Questions is displayed
[logsAndroid_Samsung INFO ] 2023-12-21 09:06:33.156 BaseTest:373 - Clicked on Nails are Normal option for Four of Six Questions
[logsAndroid_Samsung INFO ] 2023-12-21 09:06:35.560 BaseTest:353 - Five of Six Questions is displayed
[logsAndroid_Samsung INFO ] 2023-12-21 09:06:35.861 BaseTest:373 - Clicked on Nails are Normal option for Five of Six Questions
[logsAndroid_Samsung INFO ] 2023-12-21 09:06:38.360 BaseTest:353 - Six of Six Questions is displayed
[logsAndroid_Samsung INFO ] 2023-12-21 09:06:38.619 BaseTest:373 - Clicked on No Oedema option for Six of Six Questions
[logsAndroid_Samsung INFO ] 2023-12-21 09:06:41.846 BaseTest:353 - Physical Examination Summary Header is displayed
[logsAndroid_Samsung INFO ] 2023-12-21 09:06:42.992 BaseTest:373 - Clicked on Confirm Button
[logsAndroid_Samsung INFO ] 2023-12-21 09:06:45.056 BaseTest:353 - Medical history question 1 is displayed
[logsAndroid_Samsung INFO ] 2023-12-21 09:06:45.290 BaseTest:353 - Pregnancy status question is displayed
[logsAndroid_Samsung INFO ] 2023-12-21 09:06:45.512 BaseTest:373 - Clicked on 'No' for pregnancy status
[logsAndroid_Samsung INFO ] 2023-12-21 09:06:47.480 BaseTest:353 - Medical history question 2 is displayed
[logsAndroid_Samsung INFO ] 2023-12-21 09:06:47.714 BaseTest:353 - Allergy question is displayed
[logsAndroid_Samsung INFO ] 2023-12-21 09:06:47.977 BaseTest:373 - Clicked on 'No Known Allergies'
[logsAndroid_Samsung INFO ] 2023-12-21 09:06:50.104 BaseTest:353 - Medical history question 3 is displayed
[logsAndroid_Samsung INFO ] 2023-12-21 09:06:50.375 BaseTest:353 - Alcohol consumption question is displayed
[logsAndroid_Samsung INFO ] 2023-12-21 09:06:50.682 BaseTest:373 - Clicked on 'No' for alcohol consumption
[logsAndroid_Samsung INFO ] 2023-12-21 09:06:53.145 BaseTest:353 - Medical history question 4 is displayed
[logsAndroid_Samsung INFO ] 2023-12-21 09:06:53.527 BaseTest:353 - Smoking question is displayed
[logsAndroid_Samsung INFO ] 2023-12-21 09:06:53.802 BaseTest:373 - Clicked on 'Never Smoker'
[logsAndroid_Samsung INFO ] 2023-12-21 09:06:56.222 BaseTest:353 - Medical history question 5 is displayed
[logsAndroid_Samsung INFO ] 2023-12-21 09:06:56.593 BaseTest:353 - Medicine question is displayed
[logsAndroid_Samsung INFO ] 2023-12-21 09:06:56.904 BaseTest:373 - Clicked on 'No' for medicine history
[logsAndroid_Samsung INFO ] 2023-12-21 09:06:59.355 BaseTest:353 - Medical history question 6 is displayed
[logsAndroid_Samsung INFO ] 2023-12-21 09:06:59.716 BaseTest:353 - History question is displayed
[logsAndroid_Samsung INFO ] 2023-12-21 09:07:00.253 BaseTest:373 - Clicked on 'None' for history
[logsAndroid_Samsung INFO ] 2023-12-21 09:07:02.856 BaseTest:373 - Clicked on Submit for history
[logsAndroid_Samsung INFO ] 2023-12-21 09:07:05.374 BaseTest:373 - Clicked on 'Other' option
[logsAndroid_Samsung INFO ] 2023-12-21 09:07:08.663 BaseTest:373 - Clicked on Submit button
[logsAndroid_Samsung INFO ] 2023-12-21 09:07:11.056 BaseTest:353 - Medical History Summary Screen Header is displayed
[logsAndroid_Samsung INFO ] 2023-12-21 09:07:11.446 BaseTest:373 - Clicked on Family History Change Button
[logsAndroid_Samsung INFO ] 2023-12-21 09:07:13.372 BaseTest:353 - Medical History Header is displayed
[logsAndroid_Samsung INFO ] 2023-12-21 09:07:17.675 BaseTest:161 - video path: videos\Android_Samsung\2023-12-21-08-54-17\StartVisit3And4StepsTest\IDA4_2653_verifyFamilyHistoryScreenChangeButton.mp4
[logsAndroid_Samsung INFO ] 2023-12-21 09:07:18.667 StartVisit3And4StepsTest:32 - 
****** starting test:IDA4_2655_verifyBackButtonFunctionality******

[logsAndroid_Samsung INFO ] 2023-12-21 09:08:07.728 StartVisit3And4StepsTest:62 - Handling app permissions and completing app setup
[logsAndroid_Samsung INFO ] 2023-12-21 09:11:26.743 StartVisit3And4StepsTest:72 - Registering a patient with provided details
[logsAndroid_Samsung INFO ] 2023-12-21 09:11:40.803 StartVisit3And4StepsTest:83 - Entering patient vitals details
[logsAndroid_Samsung INFO ] 2023-12-21 09:11:41.715 StartVisit3And4StepsTest:86 - Clicking on the 'Next' button after entering the first set of vitals
[logsAndroid_Samsung INFO ] 2023-12-21 09:11:43.260 StartVisit3And4StepsTest:90 - Clicking on the 'Confirm' button to confirm the entered vitals
[logsAndroid_Samsung INFO ] 2023-12-21 09:11:55.484 StartVisit3And4StepsTest:94 - Scrolling to the HyperTension section on the page
[logsAndroid_Samsung INFO ] 2023-12-21 09:11:59.449 StartVisit3And4StepsTest:98 - Selecting and confirming the visit reason as Hypertension
[logsAndroid_Samsung INFO ] 2023-12-21 09:12:51.387 StartVisit3And4StepsTest:102 - Handling the Hypertension-related visit questions
[logsAndroid_Samsung INFO ] 2023-12-21 09:12:54.967 StartVisit3And4StepsTest:105 - Verifying that the 'Associated Symptoms' title is displayed on the page
[logsAndroid_Samsung INFO ] 2023-12-21 09:12:55.473 StartVisit3And4StepsTest:109 - Selecting 'No' for the first associated symptom
[logsAndroid_Samsung INFO ] 2023-12-21 09:12:58.396 StartVisit3And4StepsTest:113 - Clicking on the main 'Submit' button for associated symptoms
[logsAndroid_Samsung INFO ] 2023-12-21 09:13:00.204 StartVisit3And4StepsTest:117 - Clicking on the 'Confirm' button on the visit reason summary screen
[logsAndroid_Samsung INFO ] 2023-12-21 09:13:02.521 StartVisit3And4StepsTest:121 - Clicking on the 'Okay' button to proceed
[logsAndroid_Samsung INFO ] 2023-12-21 09:13:03.487 BaseTest:353 - One of Six Questions is displayed
[logsAndroid_Samsung INFO ] 2023-12-21 09:13:04.064 BaseTest:373 - Clicked on Yes option for One of Six Questions
[logsAndroid_Samsung INFO ] 2023-12-21 09:13:06.589 BaseTest:353 - Two of Six Questions is displayed
[logsAndroid_Samsung INFO ] 2023-12-21 09:13:07.404 BaseTest:373 - Clicked on Normal option for Two of Six Questions
[logsAndroid_Samsung INFO ] 2023-12-21 09:13:10.321 BaseTest:353 - Three of Six Questions is displayed
[logsAndroid_Samsung INFO ] 2023-12-21 09:13:11.067 BaseTest:373 - Clicked on Normal option for Three of Six Questions
[logsAndroid_Samsung INFO ] 2023-12-21 09:13:13.837 BaseTest:353 - Four of Six Questions is displayed
[logsAndroid_Samsung INFO ] 2023-12-21 09:13:14.149 BaseTest:373 - Clicked on Nails are Normal option for Four of Six Questions
[logsAndroid_Samsung INFO ] 2023-12-21 09:13:16.563 BaseTest:353 - Five of Six Questions is displayed
[logsAndroid_Samsung INFO ] 2023-12-21 09:13:17.115 BaseTest:373 - Clicked on Nails are Normal option for Five of Six Questions
[logsAndroid_Samsung INFO ] 2023-12-21 09:13:19.333 BaseTest:353 - Six of Six Questions is displayed
[logsAndroid_Samsung INFO ] 2023-12-21 09:13:19.867 BaseTest:373 - Clicked on No Oedema option for Six of Six Questions
[logsAndroid_Samsung INFO ] 2023-12-21 09:13:23.742 BaseTest:353 - Physical Examination Summary Header is displayed
[logsAndroid_Samsung INFO ] 2023-12-21 09:13:25.136 BaseTest:373 - Clicked on Confirm Button
[logsAndroid_Samsung INFO ] 2023-12-21 09:13:27.392 BaseTest:353 - Medical history question 1 is displayed
[logsAndroid_Samsung INFO ] 2023-12-21 09:13:27.617 BaseTest:353 - Pregnancy status question is displayed
[logsAndroid_Samsung INFO ] 2023-12-21 09:13:27.904 BaseTest:373 - Clicked on 'No' for pregnancy status
[logsAndroid_Samsung INFO ] 2023-12-21 09:13:30.007 BaseTest:353 - Medical history question 2 is displayed
[logsAndroid_Samsung INFO ] 2023-12-21 09:13:30.688 BaseTest:353 - Allergy question is displayed
[logsAndroid_Samsung INFO ] 2023-12-21 09:13:31.122 BaseTest:373 - Clicked on 'No Known Allergies'
[logsAndroid_Samsung INFO ] 2023-12-21 09:13:33.530 BaseTest:353 - Medical history question 3 is displayed
[logsAndroid_Samsung INFO ] 2023-12-21 09:13:34.198 BaseTest:353 - Alcohol consumption question is displayed
[logsAndroid_Samsung INFO ] 2023-12-21 09:13:35.005 BaseTest:373 - Clicked on 'No' for alcohol consumption
[logsAndroid_Samsung INFO ] 2023-12-21 09:13:37.558 BaseTest:353 - Medical history question 4 is displayed
[logsAndroid_Samsung INFO ] 2023-12-21 09:13:37.905 BaseTest:353 - Smoking question is displayed
[logsAndroid_Samsung INFO ] 2023-12-21 09:13:38.273 BaseTest:373 - Clicked on 'Never Smoker'
[logsAndroid_Samsung INFO ] 2023-12-21 09:13:40.629 BaseTest:353 - Medical history question 5 is displayed
[logsAndroid_Samsung INFO ] 2023-12-21 09:13:40.975 BaseTest:353 - Medicine question is displayed
[logsAndroid_Samsung INFO ] 2023-12-21 09:13:41.309 BaseTest:373 - Clicked on 'No' for medicine history
[logsAndroid_Samsung INFO ] 2023-12-21 09:13:43.609 BaseTest:353 - Medical history question 6 is displayed
[logsAndroid_Samsung INFO ] 2023-12-21 09:13:44.110 BaseTest:353 - History question is displayed
[logsAndroid_Samsung INFO ] 2023-12-21 09:13:44.470 BaseTest:373 - Clicked on 'None' for history
[logsAndroid_Samsung INFO ] 2023-12-21 09:13:47.099 BaseTest:373 - Clicked on Submit for history
[logsAndroid_Samsung INFO ] 2023-12-21 09:13:49.499 BaseTest:373 - Clicked on 'Other' option
[logsAndroid_Samsung ERROR] 2023-12-21 09:13:50.830 TestListener:33 - org.openqa.selenium.InvalidElementStateException: Cannot set the element to 'Testing'. Did you interact with the correct element?
Build info: version: '4.13.0', revision: 'ba948ece5b*'
System info: os.name: 'Windows 10', os.arch: 'amd64', os.version: '10.0', java.version: '17.0.8.1'
Driver info: io.appium.java_client.android.AndroidDriver
Command: [7e41703c-6204-46fd-b98c-63165187ef28, sendKeysToElement {id=00000000-0000-0221-ffff-ffff00000a48, value=[Ljava.lang.CharSequence;@3352c191}]
Capabilities {appium:automationName: UiAutomator2, appium:avd: Samsung, appium:avdLaunchTimeout: 120000, appium:databaseEnabled: false, appium:desired: {automationName: UiAutomator2, avd: Samsung, avdLaunchTimeout: 120000, deviceName: Samsung, platformName: ANDROID, systemPort: 10000, udid: emulator-5554}, appium:deviceApiLevel: 31, appium:deviceManufacturer: Google, appium:deviceModel: sdk_gphone64_x86_64, appium:deviceName: emulator-5554, appium:deviceScreenDensity: 440, appium:deviceScreenSize: 1080x2340, appium:deviceUDID: emulator-5554, appium:javascriptEnabled: true, appium:locationContextEnabled: false, appium:networkConnectionEnabled: true, appium:pixelRatio: 2.75, appium:platformVersion: 12, appium:statBarHeight: 66, appium:systemPort: 10000, appium:takesScreenshot: true, appium:udid: emulator-5554, appium:viewportRect: {height: 2142, left: 0, top: 66, width: 1080}, appium:warnings: {}, appium:webStorageEnabled: false, platformName: ANDROID}
Element: [[AndroidDriver:  on ANDROID (7e41703c-6204-46fd-b98c-63165187ef28)] -> accessibility id: Visit Reason Input Text Enter Value EditText]
Session ID: 7e41703c-6204-46fd-b98c-63165187ef28
	at java.base/jdk.internal.reflect.NativeConstructorAccessorImpl.newInstance0(Native Method)
	at java.base/jdk.internal.reflect.NativeConstructorAccessorImpl.newInstance(NativeConstructorAccessorImpl.java:77)
	at java.base/jdk.internal.reflect.DelegatingConstructorAccessorImpl.newInstance(DelegatingConstructorAccessorImpl.java:45)
	at java.base/java.lang.reflect.Constructor.newInstanceWithCaller(Constructor.java:499)
	at java.base/java.lang.reflect.Constructor.newInstance(Constructor.java:480)
	at org.openqa.selenium.remote.codec.w3c.W3CHttpResponseCodec.createException(W3CHttpResponseCodec.java:200)
	at org.openqa.selenium.remote.codec.w3c.W3CHttpResponseCodec.decode(W3CHttpResponseCodec.java:133)
	at org.openqa.selenium.remote.codec.w3c.W3CHttpResponseCodec.decode(W3CHttpResponseCodec.java:52)
	at org.openqa.selenium.remote.HttpCommandExecutor.execute(HttpCommandExecutor.java:191)
	at io.appium.java_client.remote.AppiumCommandExecutor.execute(AppiumCommandExecutor.java:250)
	at org.openqa.selenium.remote.RemoteWebDriver.execute(RemoteWebDriver.java:602)
	at org.openqa.selenium.remote.RemoteWebElement.execute(RemoteWebElement.java:224)
	at org.openqa.selenium.remote.RemoteWebElement.sendKeys(RemoteWebElement.java:111)
	at jdk.internal.reflect.GeneratedMethodAccessor27.invoke(Unknown Source)
	at java.base/jdk.internal.reflect.DelegatingMethodAccessorImpl.invoke(DelegatingMethodAccessorImpl.java:43)
	at java.base/java.lang.reflect.Method.invoke(Method.java:568)
	at io.appium.java_client.pagefactory.ElementInterceptor.getObject(ElementInterceptor.java:42)
	at io.appium.java_client.pagefactory.interceptors.InterceptorOfASingleElement.call(InterceptorOfASingleElement.java:65)
	at io.appium.java_client.proxy.Interceptor.intercept(Interceptor.java:78)
	at org.openqa.selenium.remote.RemoteWebElement$ByteBuddy$t15ef0Xx.sendKeys(Unknown Source)
	at com.intelehealth.base.BaseTest.sendKeys(BaseTest.java:453)
	at com.intelehealth.pages.StartVisit3And4StepsPage.enterDataInTextBoxAndSubmit(StartVisit3And4StepsPage.java:835)
	at com.intelehealth.tests.StartVisit3And4StepsTest.IDA4_2655_verifyBackButtonFunctionality(StartVisit3And4StepsTest.java:327)
	at java.base/jdk.internal.reflect.NativeMethodAccessorImpl.invoke0(Native Method)
	at java.base/jdk.internal.reflect.NativeMethodAccessorImpl.invoke(NativeMethodAccessorImpl.java:77)
	at java.base/jdk.internal.reflect.DelegatingMethodAccessorImpl.invoke(DelegatingMethodAccessorImpl.java:43)
	at java.base/java.lang.reflect.Method.invoke(Method.java:568)
	at org.testng.internal.invokers.MethodInvocationHelper.invokeMethod(MethodInvocationHelper.java:139)
	at org.testng.internal.invokers.TestInvoker.invokeMethod(TestInvoker.java:664)
	at org.testng.internal.invokers.TestInvoker.invokeTestMethod(TestInvoker.java:227)
	at org.testng.internal.invokers.MethodRunner.runInSequence(MethodRunner.java:50)
	at org.testng.internal.invokers.TestInvoker$MethodInvocationAgent.invoke(TestInvoker.java:957)
	at org.testng.internal.invokers.TestInvoker.invokeTestMethods(TestInvoker.java:200)
	at org.testng.internal.invokers.TestMethodWorker.invokeTestMethods(TestMethodWorker.java:148)
	at org.testng.internal.invokers.TestMethodWorker.run(TestMethodWorker.java:128)
	at java.base/java.util.ArrayList.forEach(ArrayList.java:1511)
	at org.testng.TestRunner.privateRun(TestRunner.java:848)
	at org.testng.TestRunner.run(TestRunner.java:621)
	at org.testng.SuiteRunner.runTest(SuiteRunner.java:443)
	at org.testng.SuiteRunner$SuiteWorker.run(SuiteRunner.java:481)
	at org.testng.internal.thread.ThreadUtil.lambda$execute$0(ThreadUtil.java:58)
	at java.base/java.util.concurrent.FutureTask.run(FutureTask.java:264)
	at java.base/java.util.concurrent.ThreadPoolExecutor.runWorker(ThreadPoolExecutor.java:1136)
	at java.base/java.util.concurrent.ThreadPoolExecutor$Worker.run(ThreadPoolExecutor.java:635)
	at java.base/java.lang.Thread.run(Thread.java:833)

[logsAndroid_Samsung INFO ] 2023-12-21 09:13:55.057 BaseTest:161 - video path: videos\Android_Samsung\2023-12-21-08-54-17\StartVisit3And4StepsTest\IDA4_2655_verifyBackButtonFunctionality.mp4
[logsAndroid_Samsung INFO ] 2023-12-21 09:13:56.166 StartVisit3And4StepsTest:32 - 
****** starting test:IDA4_2656_verifyConfirmButtonFunctionality******

[logsAndroid_Samsung INFO ] 2023-12-21 09:32:38.891 BaseTest:271 - log path: logs\Android_Samsung
[logsAndroid_Samsung INFO ] 2023-12-21 09:32:38.903 BaseTest:277 - load config.properties
[logsAndroid_Samsung INFO ] 2023-12-21 09:32:47.485 BaseTest:315 - driver initialized: AndroidDriver:  on ANDROID (aada7cd7-828d-431d-818c-86a9b049acf0)
[logsAndroid_Samsung INFO ] 2023-12-21 09:32:48.271 StartVisit3And4StepsTest:32 - 
****** starting test:IDA4_2652_verifyPatientHistoryScreenChangeButton******

[logsAndroid_Samsung INFO ] 2023-12-21 09:47:26.701 BaseTest:271 - log path: logs\Android_Samsung
[logsAndroid_Samsung INFO ] 2023-12-21 09:47:26.711 BaseTest:277 - load config.properties
[logsAndroid_Samsung INFO ] 2023-12-21 09:47:35.591 BaseTest:315 - driver initialized: AndroidDriver:  on ANDROID (2b11b8c2-122a-45e0-90be-95186ef3d253)
[logsAndroid_Samsung INFO ] 2023-12-21 09:47:36.444 StartVisit3And4StepsTest:32 - 
****** starting test:IDA4_2652_verifyPatientHistoryScreenChangeButton******

[logsAndroid_Samsung INFO ] 2023-12-21 09:48:30.778 StartVisit3And4StepsTest:62 - Handling app permissions and completing app setup
[logsAndroid_Samsung INFO ] 2023-12-21 09:51:10.484 StartVisit3And4StepsTest:72 - Registering a patient with provided details
[logsAndroid_Samsung INFO ] 2023-12-21 09:51:22.192 StartVisit3And4StepsTest:83 - Entering patient vitals details
[logsAndroid_Samsung INFO ] 2023-12-21 09:51:22.912 StartVisit3And4StepsTest:86 - Clicking on the 'Next' button after entering the first set of vitals
[logsAndroid_Samsung INFO ] 2023-12-21 09:51:24.024 StartVisit3And4StepsTest:90 - Clicking on the 'Confirm' button to confirm the entered vitals
[logsAndroid_Samsung INFO ] 2023-12-21 09:51:33.392 StartVisit3And4StepsTest:94 - Scrolling to the HyperTension section on the page
[logsAndroid_Samsung INFO ] 2023-12-21 09:51:36.449 StartVisit3And4StepsTest:98 - Selecting and confirming the visit reason as Hypertension
[logsAndroid_Samsung INFO ] 2023-12-21 09:52:09.282 StartVisit3And4StepsTest:102 - Handling the Hypertension-related visit questions
[logsAndroid_Samsung INFO ] 2023-12-21 09:52:10.128 StartVisit3And4StepsTest:105 - Verifying that the 'Associated Symptoms' title is displayed on the page
[logsAndroid_Samsung INFO ] 2023-12-21 09:52:10.472 StartVisit3And4StepsTest:109 - Selecting 'No' for the first associated symptom
[logsAndroid_Samsung INFO ] 2023-12-21 09:52:13.978 StartVisit3And4StepsTest:113 - Clicking on the main 'Submit' button for associated symptoms
[logsAndroid_Samsung INFO ] 2023-12-21 09:52:14.253 StartVisit3And4StepsTest:117 - Clicking on the 'Confirm' button on the visit reason summary screen
[logsAndroid_Samsung INFO ] 2023-12-21 09:52:15.373 StartVisit3And4StepsTest:121 - Clicking on the 'Okay' button to proceed
[logsAndroid_Samsung INFO ] 2023-12-21 09:52:16.206 BaseTest:353 - One of Six Questions is displayed
[logsAndroid_Samsung INFO ] 2023-12-21 09:52:16.443 BaseTest:373 - Clicked on Yes option for One of Six Questions
[logsAndroid_Samsung INFO ] 2023-12-21 09:52:18.725 BaseTest:353 - Two of Six Questions is displayed
[logsAndroid_Samsung INFO ] 2023-12-21 09:52:18.994 BaseTest:373 - Clicked on Normal option for Two of Six Questions
[logsAndroid_Samsung INFO ] 2023-12-21 09:52:20.998 BaseTest:353 - Three of Six Questions is displayed
[logsAndroid_Samsung INFO ] 2023-12-21 09:52:21.240 BaseTest:373 - Clicked on Normal option for Three of Six Questions
[logsAndroid_Samsung INFO ] 2023-12-21 09:52:23.553 BaseTest:353 - Four of Six Questions is displayed
[logsAndroid_Samsung INFO ] 2023-12-21 09:52:23.824 BaseTest:373 - Clicked on Nails are Normal option for Four of Six Questions
[logsAndroid_Samsung INFO ] 2023-12-21 09:52:26.115 BaseTest:353 - Five of Six Questions is displayed
[logsAndroid_Samsung INFO ] 2023-12-21 09:52:26.418 BaseTest:373 - Clicked on Nails are Normal option for Five of Six Questions
[logsAndroid_Samsung INFO ] 2023-12-21 09:52:28.672 BaseTest:353 - Six of Six Questions is displayed
[logsAndroid_Samsung INFO ] 2023-12-21 09:52:28.949 BaseTest:373 - Clicked on No Oedema option for Six of Six Questions
[logsAndroid_Samsung INFO ] 2023-12-21 09:52:31.786 BaseTest:353 - Physical Examination Summary Header is displayed
[logsAndroid_Samsung INFO ] 2023-12-21 09:52:32.105 BaseTest:373 - Clicked on Confirm Button
[logsAndroid_Samsung INFO ] 2023-12-21 09:52:33.877 BaseTest:353 - Medical history question 1 is displayed
[logsAndroid_Samsung INFO ] 2023-12-21 09:52:34.087 BaseTest:353 - Pregnancy status question is displayed
[logsAndroid_Samsung INFO ] 2023-12-21 09:52:34.293 BaseTest:373 - Clicked on 'No' for pregnancy status
[logsAndroid_Samsung INFO ] 2023-12-21 09:52:36.074 BaseTest:353 - Medical history question 2 is displayed
[logsAndroid_Samsung INFO ] 2023-12-21 09:52:36.314 BaseTest:353 - Allergy question is displayed
[logsAndroid_Samsung INFO ] 2023-12-21 09:52:36.618 BaseTest:373 - Clicked on 'No Known Allergies'
[logsAndroid_Samsung INFO ] 2023-12-21 09:52:38.605 BaseTest:353 - Medical history question 3 is displayed
[logsAndroid_Samsung INFO ] 2023-12-21 09:52:38.855 BaseTest:353 - Alcohol consumption question is displayed
[logsAndroid_Samsung INFO ] 2023-12-21 09:52:39.077 BaseTest:373 - Clicked on 'No' for alcohol consumption
[logsAndroid_Samsung INFO ] 2023-12-21 09:52:41.397 BaseTest:353 - Medical history question 4 is displayed
[logsAndroid_Samsung INFO ] 2023-12-21 09:52:41.666 BaseTest:353 - Smoking question is displayed
[logsAndroid_Samsung INFO ] 2023-12-21 09:52:41.916 BaseTest:373 - Clicked on 'Never Smoker'
[logsAndroid_Samsung INFO ] 2023-12-21 09:52:44.242 BaseTest:353 - Medical history question 5 is displayed
[logsAndroid_Samsung INFO ] 2023-12-21 09:52:44.488 BaseTest:353 - Medicine question is displayed
[logsAndroid_Samsung INFO ] 2023-12-21 09:52:44.718 BaseTest:373 - Clicked on 'No' for medicine history
[logsAndroid_Samsung INFO ] 2023-12-21 09:52:47.037 BaseTest:353 - Medical history question 6 is displayed
[logsAndroid_Samsung INFO ] 2023-12-21 09:52:47.367 BaseTest:353 - History question is displayed
[logsAndroid_Samsung INFO ] 2023-12-21 09:52:47.646 BaseTest:373 - Clicked on 'None' for history
[logsAndroid_Samsung INFO ] 2023-12-21 09:52:49.938 BaseTest:373 - Clicked on Submit for history
[logsAndroid_Samsung INFO ] 2023-12-21 09:52:52.236 BaseTest:373 - Clicked on 'Other' option
[logsAndroid_Samsung INFO ] 2023-12-21 09:52:55.474 BaseTest:373 - Clicked on Submit button
[logsAndroid_Samsung INFO ] 2023-12-21 09:52:57.738 BaseTest:353 - Medical History Summary Screen Header is displayed
[logsAndroid_Samsung INFO ] 2023-12-21 09:52:57.976 BaseTest:373 - Clicked on Patient History Change Button
[logsAndroid_Samsung INFO ] 2023-12-21 09:52:59.846 BaseTest:353 - Medical History Header is displayed
[logsAndroid_Samsung INFO ] 2023-12-21 09:53:03.912 BaseTest:161 - video path: videos\Android_Samsung\2023-12-21-09-47-26\StartVisit3And4StepsTest\IDA4_2652_verifyPatientHistoryScreenChangeButton.mp4
[logsAndroid_Samsung INFO ] 2023-12-21 09:53:04.641 StartVisit3And4StepsTest:32 - 
****** starting test:IDA4_2653_verifyFamilyHistoryScreenChangeButton******

[logsAndroid_Samsung INFO ] 2023-12-21 09:53:53.333 StartVisit3And4StepsTest:62 - Handling app permissions and completing app setup
[logsAndroid_Samsung INFO ] 2023-12-21 11:32:57.831 BaseTest:271 - log path: logs\Android_Samsung
[logsAndroid_Samsung INFO ] 2023-12-21 11:32:57.849 BaseTest:277 - load config.properties
[logsAndroid_Samsung INFO ] 2023-12-21 11:33:12.918 BaseTest:315 - driver initialized: AndroidDriver:  on ANDROID (133a1bd8-19b7-4e1c-acdb-932bae9a47c5)
[logsAndroid_Samsung INFO ] 2023-12-21 11:33:13.895 StartVisit3And4StepsTest:32 - 
****** starting test:IDA4_2652_verifyPatientHistoryScreenChangeButton******

[logsAndroid_Samsung INFO ] 2023-12-21 11:34:21.288 StartVisit3And4StepsTest:62 - Handling app permissions and completing app setup
[logsAndroid_Samsung INFO ] 2023-12-21 11:44:49.916 BaseTest:271 - log path: logs\Android_Samsung
[logsAndroid_Samsung INFO ] 2023-12-21 11:44:49.936 BaseTest:277 - load config.properties
[logsAndroid_Samsung INFO ] 2023-12-21 11:45:00.893 BaseTest:315 - driver initialized: AndroidDriver:  on ANDROID (89504da4-d6ef-426e-b0b8-fea3c0234a66)
[logsAndroid_Samsung INFO ] 2023-12-21 11:45:01.855 StartVisit3And4StepsTest:32 - 
****** starting test:IDA4_2652_verifyPatientHistoryScreenChangeButton******

[logsAndroid_Samsung INFO ] 2023-12-21 11:46:05.157 StartVisit3And4StepsTest:62 - Handling app permissions and completing app setup
[logsAndroid_Samsung INFO ] 2023-12-21 11:49:12.090 BaseTest:271 - log path: logs\Android_Samsung
[logsAndroid_Samsung INFO ] 2023-12-21 11:49:12.098 BaseTest:277 - load config.properties
[logsAndroid_Samsung INFO ] 2023-12-21 11:49:22.365 BaseTest:315 - driver initialized: AndroidDriver:  on ANDROID (7e67eb6d-3b0a-46a9-a507-a6113b04851c)
[logsAndroid_Samsung INFO ] 2023-12-21 11:49:23.212 AppointmentsTest:26 - 
****** starting test:IDA4_2397_verifyAppointmentDetailsScreenIsDisplayed******

[logsAndroid_Samsung INFO ] 2023-12-21 11:50:37.194 BaseTest:353 - 
[logsAndroid_Samsung ERROR] 2023-12-21 11:56:23.387 TestListener:33 - org.openqa.selenium.TimeoutException: Expected condition failed: waiting for visibility of Located by By.chained({By.xpath: //android.widget.TextView[@text='Appointment details']}) (tried for 300 second(s) with 500 milliseconds interval)
	at org.openqa.selenium.support.ui.WebDriverWait.timeoutException(WebDriverWait.java:84)
	at org.openqa.selenium.support.ui.FluentWait.until(FluentWait.java:230)
	at com.intelehealth.base.BaseTest.waitForVisibility(BaseTest.java:335)
	at com.intelehealth.base.BaseTest.isDisplayed(BaseTest.java:352)
	at com.intelehealth.pages.AppointmentsPage.verifyAppointmentDetailsScreenIsDisplayed(AppointmentsPage.java:363)
	at com.intelehealth.tests.AppointmentsTest.IDA4_2397_verifyAppointmentDetailsScreenIsDisplayed(AppointmentsTest.java:55)
	at java.base/jdk.internal.reflect.NativeMethodAccessorImpl.invoke0(Native Method)
	at java.base/jdk.internal.reflect.NativeMethodAccessorImpl.invoke(NativeMethodAccessorImpl.java:77)
	at java.base/jdk.internal.reflect.DelegatingMethodAccessorImpl.invoke(DelegatingMethodAccessorImpl.java:43)
	at java.base/java.lang.reflect.Method.invoke(Method.java:568)
	at org.testng.internal.invokers.MethodInvocationHelper.invokeMethod(MethodInvocationHelper.java:139)
	at org.testng.internal.invokers.TestInvoker.invokeMethod(TestInvoker.java:664)
	at org.testng.internal.invokers.TestInvoker.invokeTestMethod(TestInvoker.java:227)
	at org.testng.internal.invokers.MethodRunner.runInSequence(MethodRunner.java:50)
	at org.testng.internal.invokers.TestInvoker$MethodInvocationAgent.invoke(TestInvoker.java:957)
	at org.testng.internal.invokers.TestInvoker.invokeTestMethods(TestInvoker.java:200)
	at org.testng.internal.invokers.TestMethodWorker.invokeTestMethods(TestMethodWorker.java:148)
	at org.testng.internal.invokers.TestMethodWorker.run(TestMethodWorker.java:128)
	at java.base/java.util.ArrayList.forEach(ArrayList.java:1511)
	at org.testng.TestRunner.privateRun(TestRunner.java:848)
	at org.testng.TestRunner.run(TestRunner.java:621)
	at org.testng.SuiteRunner.runTest(SuiteRunner.java:443)
	at org.testng.SuiteRunner$SuiteWorker.run(SuiteRunner.java:481)
	at org.testng.internal.thread.ThreadUtil.lambda$execute$0(ThreadUtil.java:58)
	at java.base/java.util.concurrent.FutureTask.run(FutureTask.java:264)
	at java.base/java.util.concurrent.ThreadPoolExecutor.runWorker(ThreadPoolExecutor.java:1136)
	at java.base/java.util.concurrent.ThreadPoolExecutor$Worker.run(ThreadPoolExecutor.java:635)
	at java.base/java.lang.Thread.run(Thread.java:833)
Caused by: org.openqa.selenium.NoSuchElementException: Can't locate an element by this strategy: By.chained({By.xpath: //android.widget.TextView[@text='Appointment details']})
	at io.appium.java_client.pagefactory.AppiumElementLocator.findElement(AppiumElementLocator.java:166)
	at io.appium.java_client.pagefactory.interceptors.InterceptorOfASingleElement.call(InterceptorOfASingleElement.java:64)
	at io.appium.java_client.proxy.Interceptor.intercept(Interceptor.java:78)
	at org.openqa.selenium.remote.RemoteWebElement$ByteBuddy$kSIBdTPH.isDisplayed(Unknown Source)
	at org.openqa.selenium.support.ui.ExpectedConditions.elementIfVisible(ExpectedConditions.java:304)
	at org.openqa.selenium.support.ui.ExpectedConditions.access$000(ExpectedConditions.java:37)
	at org.openqa.selenium.support.ui.ExpectedConditions$10.apply(ExpectedConditions.java:290)
	at org.openqa.selenium.support.ui.ExpectedConditions$10.apply(ExpectedConditions.java:287)
	at org.openqa.selenium.support.ui.FluentWait.until(FluentWait.java:205)
	... 26 more
Caused by: org.openqa.selenium.TimeoutException: Expected condition failed: waiting for io.appium.java_client.pagefactory.AppiumElementLocator$WaitingFunction@14014bb (tried for 1 second(s) with 500 milliseconds interval)
	at org.openqa.selenium.support.ui.FluentWait.timeoutException(FluentWait.java:262)
	at org.openqa.selenium.support.ui.FluentWait.until(FluentWait.java:230)
	at io.appium.java_client.pagefactory.AppiumElementLocator.waitFor(AppiumElementLocator.java:135)
	at io.appium.java_client.pagefactory.AppiumElementLocator.findElement(AppiumElementLocator.java:160)
	... 34 more
Caused by: org.openqa.selenium.NoSuchElementException: Cannot locate an element using By.chained({By.xpath: //android.widget.TextView[@text='Appointment details']})
For documentation on this error, please visit: https://www.selenium.dev/documentation/webdriver/troubleshooting/errors#no-such-element-exception
Build info: version: '4.13.0', revision: 'ba948ece5b*'
System info: os.name: 'Windows 10', os.arch: 'amd64', os.version: '10.0', java.version: '17.0.8.1'
Driver info: driver.version: RemoteWebDriver
	at io.appium.java_client.pagefactory.bys.builder.ByChained.findElement(ByChained.java:77)
	at org.openqa.selenium.remote.ElementLocation$ElementFinder$1.findElement(ElementLocation.java:139)
	at org.openqa.selenium.remote.ElementLocation.findElement(ElementLocation.java:59)
	at org.openqa.selenium.remote.RemoteWebDriver.findElement(RemoteWebDriver.java:359)
	at org.openqa.selenium.remote.RemoteWebDriver.findElement(RemoteWebDriver.java:353)
	at io.appium.java_client.pagefactory.bys.ContentMappedBy.findElement(ContentMappedBy.java:53)
	at org.openqa.selenium.remote.ElementLocation$ElementFinder$1.findElement(ElementLocation.java:139)
	at org.openqa.selenium.remote.ElementLocation.findElement(ElementLocation.java:59)
	at org.openqa.selenium.remote.RemoteWebDriver.findElement(RemoteWebDriver.java:359)
	at org.openqa.selenium.remote.RemoteWebDriver.findElement(RemoteWebDriver.java:353)
	at io.appium.java_client.pagefactory.AppiumElementLocator.lambda$findElement$1(AppiumElementLocator.java:160)
	at io.appium.java_client.pagefactory.AppiumElementLocator$WaitingFunction.apply(AppiumElementLocator.java:217)
	at io.appium.java_client.pagefactory.AppiumElementLocator$WaitingFunction.apply(AppiumElementLocator.java:210)
	at org.openqa.selenium.support.ui.FluentWait.until(FluentWait.java:205)
	... 36 more

[logsAndroid_Samsung INFO ] 2023-12-21 11:56:25.378 BaseTest:161 - video path: videos\Android_Samsung\2023-12-21-11-49-12\AppointmentsTest\IDA4_2397_verifyAppointmentDetailsScreenIsDisplayed.mp4
[logsAndroid_Samsung INFO ] 2023-12-21 11:56:26.271 AppointmentsTest:26 - 
****** starting test:IDA4_2404_verifyOverAllTabSection******

[logsAndroid_Samsung INFO ] 2023-12-21 11:57:27.406 BaseTest:353 - 
[logsAndroid_Samsung INFO ] 2023-12-21 11:57:28.897 BaseTest:353 - 
[logsAndroid_Samsung INFO ] 2023-12-21 11:57:29.453 BaseTest:353 - 
[logsAndroid_Samsung INFO ] 2023-12-21 11:57:32.463 BaseTest:161 - video path: videos\Android_Samsung\2023-12-21-11-49-12\AppointmentsTest\IDA4_2404_verifyOverAllTabSection.mp4
[logsAndroid_Samsung INFO ] 2023-12-21 11:57:33.820 AppointmentsTest:26 - 
****** starting test:IDA4_2406_verifySpecificRadioButtonForAppointments******

[logsAndroid_Samsung INFO ] 2023-12-21 11:58:43.734 BaseTest:353 - 
[logsAndroid_Samsung INFO ] 2023-12-21 11:58:44.228 BaseTest:353 - 
[logsAndroid_Samsung INFO ] 2023-12-21 11:58:46.896 BaseTest:161 - video path: videos\Android_Samsung\2023-12-21-11-49-12\AppointmentsTest\IDA4_2406_verifySpecificRadioButtonForAppointments.mp4
[logsAndroid_Samsung INFO ] 2023-12-21 11:58:48.260 AppointmentsTest:26 - 
****** starting test:IDA4_2408_verifyAllTabCalenderFilter******

[logsAndroid_Samsung INFO ] 2023-12-21 12:01:47.483 BaseTest:353 - 
[logsAndroid_Samsung INFO ] 2023-12-21 12:01:50.620 BaseTest:161 - video path: videos\Android_Samsung\2023-12-21-11-49-12\AppointmentsTest\IDA4_2408_verifyAllTabCalenderFilter.mp4
[logsAndroid_Samsung INFO ] 2023-12-21 12:01:51.665 AppointmentsTest:26 - 
****** starting test:IDA4_2374_verifyCountOfCancelledTab******

[logsAndroid_Samsung ERROR] 2023-12-21 12:03:03.918 TestListener:33 - java.lang.AssertionError: Cancelled count and canclled title count don't match expected [Cancelled (0)] but found [0]
	at org.testng.Assert.fail(Assert.java:111)
	at org.testng.Assert.failNotEquals(Assert.java:1578)
	at org.testng.Assert.assertEqualsImpl(Assert.java:150)
	at org.testng.Assert.assertEquals(Assert.java:132)
	at org.testng.Assert.assertEquals(Assert.java:656)
	at com.intelehealth.pages.AppointmentsPage.verifyCountOfCancelledTab(AppointmentsPage.java:459)
	at com.intelehealth.tests.AppointmentsTest.IDA4_2374_verifyCountOfCancelledTab(AppointmentsTest.java:77)
	at java.base/jdk.internal.reflect.NativeMethodAccessorImpl.invoke0(Native Method)
	at java.base/jdk.internal.reflect.NativeMethodAccessorImpl.invoke(NativeMethodAccessorImpl.java:77)
	at java.base/jdk.internal.reflect.DelegatingMethodAccessorImpl.invoke(DelegatingMethodAccessorImpl.java:43)
	at java.base/java.lang.reflect.Method.invoke(Method.java:568)
	at org.testng.internal.invokers.MethodInvocationHelper.invokeMethod(MethodInvocationHelper.java:139)
	at org.testng.internal.invokers.TestInvoker.invokeMethod(TestInvoker.java:664)
	at org.testng.internal.invokers.TestInvoker.invokeTestMethod(TestInvoker.java:227)
	at org.testng.internal.invokers.MethodRunner.runInSequence(MethodRunner.java:50)
	at org.testng.internal.invokers.TestInvoker$MethodInvocationAgent.invoke(TestInvoker.java:957)
	at org.testng.internal.invokers.TestInvoker.invokeTestMethods(TestInvoker.java:200)
	at org.testng.internal.invokers.TestMethodWorker.invokeTestMethods(TestMethodWorker.java:148)
	at org.testng.internal.invokers.TestMethodWorker.run(TestMethodWorker.java:128)
	at java.base/java.util.ArrayList.forEach(ArrayList.java:1511)
	at org.testng.TestRunner.privateRun(TestRunner.java:848)
	at org.testng.TestRunner.run(TestRunner.java:621)
	at org.testng.SuiteRunner.runTest(SuiteRunner.java:443)
	at org.testng.SuiteRunner$SuiteWorker.run(SuiteRunner.java:481)
	at org.testng.internal.thread.ThreadUtil.lambda$execute$0(ThreadUtil.java:58)
	at java.base/java.util.concurrent.FutureTask.run(FutureTask.java:264)
	at java.base/java.util.concurrent.ThreadPoolExecutor.runWorker(ThreadPoolExecutor.java:1136)
	at java.base/java.util.concurrent.ThreadPoolExecutor$Worker.run(ThreadPoolExecutor.java:635)
	at java.base/java.lang.Thread.run(Thread.java:833)

[logsAndroid_Samsung INFO ] 2023-12-21 12:03:07.503 BaseTest:161 - video path: videos\Android_Samsung\2023-12-21-11-49-12\AppointmentsTest\IDA4_2374_verifyCountOfCancelledTab.mp4
[logsAndroid_Samsung INFO ] 2023-12-21 12:03:08.618 AppointmentsTest:26 - 
****** starting test:IDA4_2373_verifyCancelledTab******

[logsAndroid_Samsung INFO ] 2023-12-21 12:04:21.013 BaseTest:353 - 
[logsAndroid_Samsung INFO ] 2023-12-21 12:04:21.387 BaseTest:353 - 
[logsAndroid_Samsung ERROR] 2023-12-21 12:05:27.287 TestListener:33 - java.lang.AssertionError: Completed count and completed title count don't match expected [Completed (0)] but found [0]
	at org.testng.Assert.fail(Assert.java:111)
	at org.testng.Assert.failNotEquals(Assert.java:1578)
	at org.testng.Assert.assertEqualsImpl(Assert.java:150)
	at org.testng.Assert.assertEquals(Assert.java:132)
	at org.testng.Assert.assertEquals(Assert.java:656)
	at com.intelehealth.pages.AppointmentsPage.verifyCancelledTabFunctionality(AppointmentsPage.java:511)
	at com.intelehealth.tests.AppointmentsTest.IDA4_2373_verifyCancelledTab(AppointmentsTest.java:82)
	at java.base/jdk.internal.reflect.NativeMethodAccessorImpl.invoke0(Native Method)
	at java.base/jdk.internal.reflect.NativeMethodAccessorImpl.invoke(NativeMethodAccessorImpl.java:77)
	at java.base/jdk.internal.reflect.DelegatingMethodAccessorImpl.invoke(DelegatingMethodAccessorImpl.java:43)
	at java.base/java.lang.reflect.Method.invoke(Method.java:568)
	at org.testng.internal.invokers.MethodInvocationHelper.invokeMethod(MethodInvocationHelper.java:139)
	at org.testng.internal.invokers.TestInvoker.invokeMethod(TestInvoker.java:664)
	at org.testng.internal.invokers.TestInvoker.invokeTestMethod(TestInvoker.java:227)
	at org.testng.internal.invokers.MethodRunner.runInSequence(MethodRunner.java:50)
	at org.testng.internal.invokers.TestInvoker$MethodInvocationAgent.invoke(TestInvoker.java:957)
	at org.testng.internal.invokers.TestInvoker.invokeTestMethods(TestInvoker.java:200)
	at org.testng.internal.invokers.TestMethodWorker.invokeTestMethods(TestMethodWorker.java:148)
	at org.testng.internal.invokers.TestMethodWorker.run(TestMethodWorker.java:128)
	at java.base/java.util.ArrayList.forEach(ArrayList.java:1511)
	at org.testng.TestRunner.privateRun(TestRunner.java:848)
	at org.testng.TestRunner.run(TestRunner.java:621)
	at org.testng.SuiteRunner.runTest(SuiteRunner.java:443)
	at org.testng.SuiteRunner$SuiteWorker.run(SuiteRunner.java:481)
	at org.testng.internal.thread.ThreadUtil.lambda$execute$0(ThreadUtil.java:58)
	at java.base/java.util.concurrent.FutureTask.run(FutureTask.java:264)
	at java.base/java.util.concurrent.ThreadPoolExecutor.runWorker(ThreadPoolExecutor.java:1136)
	at java.base/java.util.concurrent.ThreadPoolExecutor$Worker.run(ThreadPoolExecutor.java:635)
	at java.base/java.lang.Thread.run(Thread.java:833)

[logsAndroid_Samsung INFO ] 2023-12-21 12:05:29.931 BaseTest:161 - video path: videos\Android_Samsung\2023-12-21-11-49-12\AppointmentsTest\IDA4_2373_verifyCancelledTab.mp4
[logsAndroid_Samsung INFO ] 2023-12-21 12:05:30.816 AppointmentsTest:26 - 
****** starting test:IDA4_2380_verifyCancelAppointment******

[logsAndroid_Samsung INFO ] 2023-12-21 12:06:41.435 BaseTest:161 - video path: videos\Android_Samsung\2023-12-21-11-49-12\AppointmentsTest\IDA4_2380_verifyCancelAppointment.mp4
[logsAndroid_Samsung INFO ] 2023-12-21 12:06:42.401 AppointmentsTest:26 - 
****** starting test:IDA4_2382_verifyYesButtonFunctionality******

[logsAndroid_Samsung INFO ] 2023-12-21 12:08:12.826 BaseTest:161 - video path: videos\Android_Samsung\2023-12-21-11-49-12\AppointmentsTest\IDA4_2382_verifyYesButtonFunctionality.mp4
[logsAndroid_Samsung INFO ] 2023-12-21 12:08:14.209 AppointmentsTest:26 - 
****** starting test:IDA4_2391_verifyCompletedTabFunctionality******

[logsAndroid_Samsung INFO ] 2023-12-21 12:09:24.926 BaseTest:161 - video path: videos\Android_Samsung\2023-12-21-11-49-12\AppointmentsTest\IDA4_2391_verifyCompletedTabFunctionality.mp4
[logsAndroid_Samsung INFO ] 2023-12-21 12:09:26.215 AppointmentsTest:26 - 
****** starting test:IDA4_2385_verifycancelAppointmentSaveButton******

[logsAndroid_Samsung ERROR] 2023-12-21 12:11:51.909 TestListener:33 - org.openqa.selenium.NoSuchElementException: Can't locate an element by this strategy: By.chained({AppiumBy.accessibilityId: Home Fragment Appointment Icon ImageView})
	at io.appium.java_client.pagefactory.AppiumElementLocator.findElement(AppiumElementLocator.java:166)
	at io.appium.java_client.pagefactory.interceptors.InterceptorOfASingleElement.call(InterceptorOfASingleElement.java:64)
	at io.appium.java_client.proxy.Interceptor.intercept(Interceptor.java:78)
	at org.openqa.selenium.remote.RemoteWebElement$ByteBuddy$G33nVkg8.click(Unknown Source)
	at com.intelehealth.base.BaseTest.click(BaseTest.java:441)
	at com.intelehealth.pages.AppointmentsPage.verifyAppointmentSaveButton(AppointmentsPage.java:661)
	at com.intelehealth.tests.AppointmentsTest.IDA4_2385_verifycancelAppointmentSaveButton(AppointmentsTest.java:103)
	at java.base/jdk.internal.reflect.NativeMethodAccessorImpl.invoke0(Native Method)
	at java.base/jdk.internal.reflect.NativeMethodAccessorImpl.invoke(NativeMethodAccessorImpl.java:77)
	at java.base/jdk.internal.reflect.DelegatingMethodAccessorImpl.invoke(DelegatingMethodAccessorImpl.java:43)
	at java.base/java.lang.reflect.Method.invoke(Method.java:568)
	at org.testng.internal.invokers.MethodInvocationHelper.invokeMethod(MethodInvocationHelper.java:139)
	at org.testng.internal.invokers.TestInvoker.invokeMethod(TestInvoker.java:664)
	at org.testng.internal.invokers.TestInvoker.invokeTestMethod(TestInvoker.java:227)
	at org.testng.internal.invokers.MethodRunner.runInSequence(MethodRunner.java:50)
	at org.testng.internal.invokers.TestInvoker$MethodInvocationAgent.invoke(TestInvoker.java:957)
	at org.testng.internal.invokers.TestInvoker.invokeTestMethods(TestInvoker.java:200)
	at org.testng.internal.invokers.TestMethodWorker.invokeTestMethods(TestMethodWorker.java:148)
	at org.testng.internal.invokers.TestMethodWorker.run(TestMethodWorker.java:128)
	at java.base/java.util.ArrayList.forEach(ArrayList.java:1511)
	at org.testng.TestRunner.privateRun(TestRunner.java:848)
	at org.testng.TestRunner.run(TestRunner.java:621)
	at org.testng.SuiteRunner.runTest(SuiteRunner.java:443)
	at org.testng.SuiteRunner$SuiteWorker.run(SuiteRunner.java:481)
	at org.testng.internal.thread.ThreadUtil.lambda$execute$0(ThreadUtil.java:58)
	at java.base/java.util.concurrent.FutureTask.run(FutureTask.java:264)
	at java.base/java.util.concurrent.ThreadPoolExecutor.runWorker(ThreadPoolExecutor.java:1136)
	at java.base/java.util.concurrent.ThreadPoolExecutor$Worker.run(ThreadPoolExecutor.java:635)
	at java.base/java.lang.Thread.run(Thread.java:833)
Caused by: org.openqa.selenium.TimeoutException: Expected condition failed: waiting for io.appium.java_client.pagefactory.AppiumElementLocator$WaitingFunction@4c20c557 (tried for 1 second(s) with 500 milliseconds interval)
	at org.openqa.selenium.support.ui.FluentWait.timeoutException(FluentWait.java:262)
	at org.openqa.selenium.support.ui.FluentWait.until(FluentWait.java:230)
	at io.appium.java_client.pagefactory.AppiumElementLocator.waitFor(AppiumElementLocator.java:135)
	at io.appium.java_client.pagefactory.AppiumElementLocator.findElement(AppiumElementLocator.java:160)
	... 28 more
Caused by: org.openqa.selenium.NoSuchElementException: Cannot locate an element using By.chained({AppiumBy.accessibilityId: Home Fragment Appointment Icon ImageView})
For documentation on this error, please visit: https://www.selenium.dev/documentation/webdriver/troubleshooting/errors#no-such-element-exception
Build info: version: '4.13.0', revision: 'ba948ece5b*'
System info: os.name: 'Windows 10', os.arch: 'amd64', os.version: '10.0', java.version: '17.0.8.1'
Driver info: driver.version: RemoteWebDriver
	at io.appium.java_client.pagefactory.bys.builder.ByChained.findElement(ByChained.java:77)
	at org.openqa.selenium.remote.ElementLocation$ElementFinder$1.findElement(ElementLocation.java:139)
	at org.openqa.selenium.remote.ElementLocation.findElement(ElementLocation.java:59)
	at org.openqa.selenium.remote.RemoteWebDriver.findElement(RemoteWebDriver.java:359)
	at org.openqa.selenium.remote.RemoteWebDriver.findElement(RemoteWebDriver.java:353)
	at io.appium.java_client.pagefactory.bys.ContentMappedBy.findElement(ContentMappedBy.java:53)
	at org.openqa.selenium.remote.ElementLocation$ElementFinder$1.findElement(ElementLocation.java:139)
	at org.openqa.selenium.remote.ElementLocation.findElement(ElementLocation.java:59)
	at org.openqa.selenium.remote.RemoteWebDriver.findElement(RemoteWebDriver.java:359)
	at org.openqa.selenium.remote.RemoteWebDriver.findElement(RemoteWebDriver.java:353)
	at io.appium.java_client.pagefactory.AppiumElementLocator.lambda$findElement$1(AppiumElementLocator.java:160)
	at io.appium.java_client.pagefactory.AppiumElementLocator$WaitingFunction.apply(AppiumElementLocator.java:217)
	at io.appium.java_client.pagefactory.AppiumElementLocator$WaitingFunction.apply(AppiumElementLocator.java:210)
	at org.openqa.selenium.support.ui.FluentWait.until(FluentWait.java:205)
	... 30 more

[logsAndroid_Samsung INFO ] 2023-12-21 12:11:54.604 BaseTest:161 - video path: videos\Android_Samsung\2023-12-21-11-49-12\AppointmentsTest\IDA4_2385_verifycancelAppointmentSaveButton.mp4
[logsAndroid_Samsung INFO ] 2023-12-21 12:11:55.640 AppointmentsTest:26 - 
****** starting test:IDA4_2388_verifyScheduleAppointmentScreenIsDisplayed******

[logsAndroid_Samsung ERROR] 2023-12-21 12:13:47.608 TestListener:33 - org.openqa.selenium.WebDriverException: An unknown server-side error occurred while processing the command. Original error: Timed out after 37771ms waiting for the root AccessibilityNodeInfo in the active window. Make sure the active window is not constantly hogging the main UI thread (e.g. the application is being idle long enough), so the accessibility manager could do its work
Build info: version: '4.13.0', revision: 'ba948ece5b*'
System info: os.name: 'Windows 10', os.arch: 'amd64', os.version: '10.0', java.version: '17.0.8.1'
Driver info: io.appium.java_client.android.AndroidDriver
Command: [7e67eb6d-3b0a-46a9-a507-a6113b04851c, findElement {using=accessibility id, value=Home Fragment Appointment Icon ImageView}]
Capabilities {appium:automationName: UiAutomator2, appium:avd: Samsung, appium:avdLaunchTimeout: 120000, appium:databaseEnabled: false, appium:desired: {automationName: UiAutomator2, avd: Samsung, avdLaunchTimeout: 120000, deviceName: Samsung, platformName: ANDROID, systemPort: 10000, udid: emulator-5554}, appium:deviceApiLevel: 31, appium:deviceManufacturer: Google, appium:deviceModel: sdk_gphone64_x86_64, appium:deviceName: emulator-5554, appium:deviceScreenDensity: 440, appium:deviceScreenSize: 1080x2340, appium:deviceUDID: emulator-5554, appium:javascriptEnabled: true, appium:locationContextEnabled: false, appium:networkConnectionEnabled: true, appium:pixelRatio: 2.75, appium:platformVersion: 12, appium:statBarHeight: 66, appium:systemPort: 10000, appium:takesScreenshot: true, appium:udid: emulator-5554, appium:viewportRect: {height: 2142, left: 0, top: 66, width: 1080}, appium:warnings: {}, appium:webStorageEnabled: false, platformName: ANDROID}
Session ID: 7e67eb6d-3b0a-46a9-a507-a6113b04851c
	at java.base/jdk.internal.reflect.NativeConstructorAccessorImpl.newInstance0(Native Method)
	at java.base/jdk.internal.reflect.NativeConstructorAccessorImpl.newInstance(NativeConstructorAccessorImpl.java:77)
	at java.base/jdk.internal.reflect.DelegatingConstructorAccessorImpl.newInstance(DelegatingConstructorAccessorImpl.java:45)
	at java.base/java.lang.reflect.Constructor.newInstanceWithCaller(Constructor.java:499)
	at java.base/java.lang.reflect.Constructor.newInstance(Constructor.java:480)
	at org.openqa.selenium.remote.codec.w3c.W3CHttpResponseCodec.createException(W3CHttpResponseCodec.java:200)
	at org.openqa.selenium.remote.codec.w3c.W3CHttpResponseCodec.decode(W3CHttpResponseCodec.java:133)
	at org.openqa.selenium.remote.codec.w3c.W3CHttpResponseCodec.decode(W3CHttpResponseCodec.java:52)
	at org.openqa.selenium.remote.HttpCommandExecutor.execute(HttpCommandExecutor.java:191)
	at io.appium.java_client.remote.AppiumCommandExecutor.execute(AppiumCommandExecutor.java:250)
	at org.openqa.selenium.remote.RemoteWebDriver.execute(RemoteWebDriver.java:602)
	at org.openqa.selenium.remote.ElementLocation$ElementFinder$2.findElement(ElementLocation.java:165)
	at org.openqa.selenium.remote.ElementLocation.findElement(ElementLocation.java:59)
	at org.openqa.selenium.remote.RemoteWebDriver.findElement(RemoteWebDriver.java:359)
	at org.openqa.selenium.remote.RemoteWebDriver.findElement(RemoteWebDriver.java:353)
	at io.appium.java_client.pagefactory.bys.builder.ByChained.lambda$getSearchingFunction$0(ByChained.java:41)
	at org.openqa.selenium.support.ui.FluentWait.until(FluentWait.java:205)
	at io.appium.java_client.pagefactory.bys.builder.ByChained.findElement(ByChained.java:75)
	at org.openqa.selenium.remote.ElementLocation$ElementFinder$1.findElement(ElementLocation.java:139)
	at org.openqa.selenium.remote.ElementLocation.findElement(ElementLocation.java:59)
	at org.openqa.selenium.remote.RemoteWebDriver.findElement(RemoteWebDriver.java:359)
	at org.openqa.selenium.remote.RemoteWebDriver.findElement(RemoteWebDriver.java:353)
	at io.appium.java_client.pagefactory.bys.ContentMappedBy.findElement(ContentMappedBy.java:53)
	at org.openqa.selenium.remote.ElementLocation$ElementFinder$1.findElement(ElementLocation.java:139)
	at org.openqa.selenium.remote.ElementLocation.findElement(ElementLocation.java:59)
	at org.openqa.selenium.remote.RemoteWebDriver.findElement(RemoteWebDriver.java:359)
	at org.openqa.selenium.remote.RemoteWebDriver.findElement(RemoteWebDriver.java:353)
	at io.appium.java_client.pagefactory.AppiumElementLocator.lambda$findElement$1(AppiumElementLocator.java:160)
	at io.appium.java_client.pagefactory.AppiumElementLocator$WaitingFunction.apply(AppiumElementLocator.java:217)
	at io.appium.java_client.pagefactory.AppiumElementLocator$WaitingFunction.apply(AppiumElementLocator.java:210)
	at org.openqa.selenium.support.ui.FluentWait.until(FluentWait.java:205)
	at io.appium.java_client.pagefactory.AppiumElementLocator.waitFor(AppiumElementLocator.java:135)
	at io.appium.java_client.pagefactory.AppiumElementLocator.findElement(AppiumElementLocator.java:160)
	at io.appium.java_client.pagefactory.interceptors.InterceptorOfASingleElement.call(InterceptorOfASingleElement.java:64)
	at io.appium.java_client.proxy.Interceptor.intercept(Interceptor.java:78)
	at org.openqa.selenium.remote.RemoteWebElement$ByteBuddy$IdhyeNTw.isDisplayed(Unknown Source)
	at org.openqa.selenium.support.ui.ExpectedConditions.elementIfVisible(ExpectedConditions.java:304)
	at org.openqa.selenium.support.ui.ExpectedConditions.access$000(ExpectedConditions.java:37)
	at org.openqa.selenium.support.ui.ExpectedConditions$10.apply(ExpectedConditions.java:290)
	at org.openqa.selenium.support.ui.ExpectedConditions$10.apply(ExpectedConditions.java:287)
	at org.openqa.selenium.support.ui.FluentWait.until(FluentWait.java:205)
	at com.intelehealth.base.BaseTest.waitForVisibility(BaseTest.java:335)
	at com.intelehealth.base.BaseTest.click(BaseTest.java:440)
	at com.intelehealth.pages.AppointmentsPage.verifySchedulaAppointmentPageIsDisplayed(AppointmentsPage.java:705)
	at com.intelehealth.tests.AppointmentsTest.IDA4_2388_verifyScheduleAppointmentScreenIsDisplayed(AppointmentsTest.java:109)
	at java.base/jdk.internal.reflect.NativeMethodAccessorImpl.invoke0(Native Method)
	at java.base/jdk.internal.reflect.NativeMethodAccessorImpl.invoke(NativeMethodAccessorImpl.java:77)
	at java.base/jdk.internal.reflect.DelegatingMethodAccessorImpl.invoke(DelegatingMethodAccessorImpl.java:43)
	at java.base/java.lang.reflect.Method.invoke(Method.java:568)
	at org.testng.internal.invokers.MethodInvocationHelper.invokeMethod(MethodInvocationHelper.java:139)
	at org.testng.internal.invokers.TestInvoker.invokeMethod(TestInvoker.java:664)
	at org.testng.internal.invokers.TestInvoker.invokeTestMethod(TestInvoker.java:227)
	at org.testng.internal.invokers.MethodRunner.runInSequence(MethodRunner.java:50)
	at org.testng.internal.invokers.TestInvoker$MethodInvocationAgent.invoke(TestInvoker.java:957)
	at org.testng.internal.invokers.TestInvoker.invokeTestMethods(TestInvoker.java:200)
	at org.testng.internal.invokers.TestMethodWorker.invokeTestMethods(TestMethodWorker.java:148)
	at org.testng.internal.invokers.TestMethodWorker.run(TestMethodWorker.java:128)
	at java.base/java.util.ArrayList.forEach(ArrayList.java:1511)
	at org.testng.TestRunner.privateRun(TestRunner.java:848)
	at org.testng.TestRunner.run(TestRunner.java:621)
	at org.testng.SuiteRunner.runTest(SuiteRunner.java:443)
	at org.testng.SuiteRunner$SuiteWorker.run(SuiteRunner.java:481)
	at org.testng.internal.thread.ThreadUtil.lambda$execute$0(ThreadUtil.java:58)
	at java.base/java.util.concurrent.FutureTask.run(FutureTask.java:264)
	at java.base/java.util.concurrent.ThreadPoolExecutor.runWorker(ThreadPoolExecutor.java:1136)
	at java.base/java.util.concurrent.ThreadPoolExecutor$Worker.run(ThreadPoolExecutor.java:635)
	at java.base/java.lang.Thread.run(Thread.java:833)

[logsAndroid_Samsung INFO ] 2023-12-21 12:13:50.083 BaseTest:161 - video path: videos\Android_Samsung\2023-12-21-11-49-12\AppointmentsTest\IDA4_2388_verifyScheduleAppointmentScreenIsDisplayed.mp4
[logsAndroid_Samsung INFO ] 2023-12-21 12:13:50.921 AppointmentsTest:26 - 
****** starting test:IDA4_2386_verifyCancelledAppointment******

[logsAndroid_Samsung ERROR] 2023-12-21 12:15:46.719 TestListener:33 - org.openqa.selenium.WebDriverException: An unknown server-side error occurred while processing the command. Original error: Timed out after 37774ms waiting for the root AccessibilityNodeInfo in the active window. Make sure the active window is not constantly hogging the main UI thread (e.g. the application is being idle long enough), so the accessibility manager could do its work
Build info: version: '4.13.0', revision: 'ba948ece5b*'
System info: os.name: 'Windows 10', os.arch: 'amd64', os.version: '10.0', java.version: '17.0.8.1'
Driver info: io.appium.java_client.android.AndroidDriver
Command: [7e67eb6d-3b0a-46a9-a507-a6113b04851c, findElement {using=accessibility id, value=Home Fragment Appointment Icon ImageView}]
Capabilities {appium:automationName: UiAutomator2, appium:avd: Samsung, appium:avdLaunchTimeout: 120000, appium:databaseEnabled: false, appium:desired: {automationName: UiAutomator2, avd: Samsung, avdLaunchTimeout: 120000, deviceName: Samsung, platformName: ANDROID, systemPort: 10000, udid: emulator-5554}, appium:deviceApiLevel: 31, appium:deviceManufacturer: Google, appium:deviceModel: sdk_gphone64_x86_64, appium:deviceName: emulator-5554, appium:deviceScreenDensity: 440, appium:deviceScreenSize: 1080x2340, appium:deviceUDID: emulator-5554, appium:javascriptEnabled: true, appium:locationContextEnabled: false, appium:networkConnectionEnabled: true, appium:pixelRatio: 2.75, appium:platformVersion: 12, appium:statBarHeight: 66, appium:systemPort: 10000, appium:takesScreenshot: true, appium:udid: emulator-5554, appium:viewportRect: {height: 2142, left: 0, top: 66, width: 1080}, appium:warnings: {}, appium:webStorageEnabled: false, platformName: ANDROID}
Session ID: 7e67eb6d-3b0a-46a9-a507-a6113b04851c
	at java.base/jdk.internal.reflect.NativeConstructorAccessorImpl.newInstance0(Native Method)
	at java.base/jdk.internal.reflect.NativeConstructorAccessorImpl.newInstance(NativeConstructorAccessorImpl.java:77)
	at java.base/jdk.internal.reflect.DelegatingConstructorAccessorImpl.newInstance(DelegatingConstructorAccessorImpl.java:45)
	at java.base/java.lang.reflect.Constructor.newInstanceWithCaller(Constructor.java:499)
	at java.base/java.lang.reflect.Constructor.newInstance(Constructor.java:480)
	at org.openqa.selenium.remote.codec.w3c.W3CHttpResponseCodec.createException(W3CHttpResponseCodec.java:200)
	at org.openqa.selenium.remote.codec.w3c.W3CHttpResponseCodec.decode(W3CHttpResponseCodec.java:133)
	at org.openqa.selenium.remote.codec.w3c.W3CHttpResponseCodec.decode(W3CHttpResponseCodec.java:52)
	at org.openqa.selenium.remote.HttpCommandExecutor.execute(HttpCommandExecutor.java:191)
	at io.appium.java_client.remote.AppiumCommandExecutor.execute(AppiumCommandExecutor.java:250)
	at org.openqa.selenium.remote.RemoteWebDriver.execute(RemoteWebDriver.java:602)
	at org.openqa.selenium.remote.ElementLocation$ElementFinder$2.findElement(ElementLocation.java:165)
	at org.openqa.selenium.remote.ElementLocation.findElement(ElementLocation.java:59)
	at org.openqa.selenium.remote.RemoteWebDriver.findElement(RemoteWebDriver.java:359)
	at org.openqa.selenium.remote.RemoteWebDriver.findElement(RemoteWebDriver.java:353)
	at io.appium.java_client.pagefactory.bys.builder.ByChained.lambda$getSearchingFunction$0(ByChained.java:41)
	at org.openqa.selenium.support.ui.FluentWait.until(FluentWait.java:205)
	at io.appium.java_client.pagefactory.bys.builder.ByChained.findElement(ByChained.java:75)
	at org.openqa.selenium.remote.ElementLocation$ElementFinder$1.findElement(ElementLocation.java:139)
	at org.openqa.selenium.remote.ElementLocation.findElement(ElementLocation.java:59)
	at org.openqa.selenium.remote.RemoteWebDriver.findElement(RemoteWebDriver.java:359)
	at org.openqa.selenium.remote.RemoteWebDriver.findElement(RemoteWebDriver.java:353)
	at io.appium.java_client.pagefactory.bys.ContentMappedBy.findElement(ContentMappedBy.java:53)
	at org.openqa.selenium.remote.ElementLocation$ElementFinder$1.findElement(ElementLocation.java:139)
	at org.openqa.selenium.remote.ElementLocation.findElement(ElementLocation.java:59)
	at org.openqa.selenium.remote.RemoteWebDriver.findElement(RemoteWebDriver.java:359)
	at org.openqa.selenium.remote.RemoteWebDriver.findElement(RemoteWebDriver.java:353)
	at io.appium.java_client.pagefactory.AppiumElementLocator.lambda$findElement$1(AppiumElementLocator.java:160)
	at io.appium.java_client.pagefactory.AppiumElementLocator$WaitingFunction.apply(AppiumElementLocator.java:217)
	at io.appium.java_client.pagefactory.AppiumElementLocator$WaitingFunction.apply(AppiumElementLocator.java:210)
	at org.openqa.selenium.support.ui.FluentWait.until(FluentWait.java:205)
	at io.appium.java_client.pagefactory.AppiumElementLocator.waitFor(AppiumElementLocator.java:135)
	at io.appium.java_client.pagefactory.AppiumElementLocator.findElement(AppiumElementLocator.java:160)
	at io.appium.java_client.pagefactory.interceptors.InterceptorOfASingleElement.call(InterceptorOfASingleElement.java:64)
	at io.appium.java_client.proxy.Interceptor.intercept(Interceptor.java:78)
	at org.openqa.selenium.remote.RemoteWebElement$ByteBuddy$suCIf1c7.isDisplayed(Unknown Source)
	at org.openqa.selenium.support.ui.ExpectedConditions.elementIfVisible(ExpectedConditions.java:304)
	at org.openqa.selenium.support.ui.ExpectedConditions.access$000(ExpectedConditions.java:37)
	at org.openqa.selenium.support.ui.ExpectedConditions$10.apply(ExpectedConditions.java:290)
	at org.openqa.selenium.support.ui.ExpectedConditions$10.apply(ExpectedConditions.java:287)
	at org.openqa.selenium.support.ui.FluentWait.until(FluentWait.java:205)
	at com.intelehealth.base.BaseTest.waitForVisibility(BaseTest.java:335)
	at com.intelehealth.base.BaseTest.click(BaseTest.java:440)
	at com.intelehealth.pages.AppointmentsPage.verifyCancelledTab(AppointmentsPage.java:743)
	at com.intelehealth.tests.AppointmentsTest.IDA4_2386_verifyCancelledAppointment(AppointmentsTest.java:114)
	at java.base/jdk.internal.reflect.NativeMethodAccessorImpl.invoke0(Native Method)
	at java.base/jdk.internal.reflect.NativeMethodAccessorImpl.invoke(NativeMethodAccessorImpl.java:77)
	at java.base/jdk.internal.reflect.DelegatingMethodAccessorImpl.invoke(DelegatingMethodAccessorImpl.java:43)
	at java.base/java.lang.reflect.Method.invoke(Method.java:568)
	at org.testng.internal.invokers.MethodInvocationHelper.invokeMethod(MethodInvocationHelper.java:139)
	at org.testng.internal.invokers.TestInvoker.invokeMethod(TestInvoker.java:664)
	at org.testng.internal.invokers.TestInvoker.invokeTestMethod(TestInvoker.java:227)
	at org.testng.internal.invokers.MethodRunner.runInSequence(MethodRunner.java:50)
	at org.testng.internal.invokers.TestInvoker$MethodInvocationAgent.invoke(TestInvoker.java:957)
	at org.testng.internal.invokers.TestInvoker.invokeTestMethods(TestInvoker.java:200)
	at org.testng.internal.invokers.TestMethodWorker.invokeTestMethods(TestMethodWorker.java:148)
	at org.testng.internal.invokers.TestMethodWorker.run(TestMethodWorker.java:128)
	at java.base/java.util.ArrayList.forEach(ArrayList.java:1511)
	at org.testng.TestRunner.privateRun(TestRunner.java:848)
	at org.testng.TestRunner.run(TestRunner.java:621)
	at org.testng.SuiteRunner.runTest(SuiteRunner.java:443)
	at org.testng.SuiteRunner$SuiteWorker.run(SuiteRunner.java:481)
	at org.testng.internal.thread.ThreadUtil.lambda$execute$0(ThreadUtil.java:58)
	at java.base/java.util.concurrent.FutureTask.run(FutureTask.java:264)
	at java.base/java.util.concurrent.ThreadPoolExecutor.runWorker(ThreadPoolExecutor.java:1136)
	at java.base/java.util.concurrent.ThreadPoolExecutor$Worker.run(ThreadPoolExecutor.java:635)
	at java.base/java.lang.Thread.run(Thread.java:833)

[logsAndroid_Samsung INFO ] 2023-12-21 12:15:50.375 BaseTest:161 - video path: videos\Android_Samsung\2023-12-21-11-49-12\AppointmentsTest\IDA4_2386_verifyCancelledAppointment.mp4
[logsAndroid_Samsung INFO ] 2023-12-21 12:15:51.269 AppointmentsTest:26 - 
****** starting test:IDA4_2375_verifyCancelledSection******

[logsAndroid_Samsung ERROR] 2023-12-21 12:17:12.656 TestListener:33 - java.lang.NumberFormatException: For input string: "Cancelled (0)"
	at java.base/java.lang.NumberFormatException.forInputString(NumberFormatException.java:67)
	at java.base/java.lang.Integer.parseInt(Integer.java:668)
	at java.base/java.lang.Integer.parseInt(Integer.java:786)
	at com.intelehealth.pages.AppointmentsPage.verifyCancelledSection(AppointmentsPage.java:810)
	at com.intelehealth.tests.AppointmentsTest.IDA4_2375_verifyCancelledSection(AppointmentsTest.java:118)
	at java.base/jdk.internal.reflect.NativeMethodAccessorImpl.invoke0(Native Method)
	at java.base/jdk.internal.reflect.NativeMethodAccessorImpl.invoke(NativeMethodAccessorImpl.java:77)
	at java.base/jdk.internal.reflect.DelegatingMethodAccessorImpl.invoke(DelegatingMethodAccessorImpl.java:43)
	at java.base/java.lang.reflect.Method.invoke(Method.java:568)
	at org.testng.internal.invokers.MethodInvocationHelper.invokeMethod(MethodInvocationHelper.java:139)
	at org.testng.internal.invokers.TestInvoker.invokeMethod(TestInvoker.java:664)
	at org.testng.internal.invokers.TestInvoker.invokeTestMethod(TestInvoker.java:227)
	at org.testng.internal.invokers.MethodRunner.runInSequence(MethodRunner.java:50)
	at org.testng.internal.invokers.TestInvoker$MethodInvocationAgent.invoke(TestInvoker.java:957)
	at org.testng.internal.invokers.TestInvoker.invokeTestMethods(TestInvoker.java:200)
	at org.testng.internal.invokers.TestMethodWorker.invokeTestMethods(TestMethodWorker.java:148)
	at org.testng.internal.invokers.TestMethodWorker.run(TestMethodWorker.java:128)
	at java.base/java.util.ArrayList.forEach(ArrayList.java:1511)
	at org.testng.TestRunner.privateRun(TestRunner.java:848)
	at org.testng.TestRunner.run(TestRunner.java:621)
	at org.testng.SuiteRunner.runTest(SuiteRunner.java:443)
	at org.testng.SuiteRunner$SuiteWorker.run(SuiteRunner.java:481)
	at org.testng.internal.thread.ThreadUtil.lambda$execute$0(ThreadUtil.java:58)
	at java.base/java.util.concurrent.FutureTask.run(FutureTask.java:264)
	at java.base/java.util.concurrent.ThreadPoolExecutor.runWorker(ThreadPoolExecutor.java:1136)
	at java.base/java.util.concurrent.ThreadPoolExecutor$Worker.run(ThreadPoolExecutor.java:635)
	at java.base/java.lang.Thread.run(Thread.java:833)

[logsAndroid_Samsung INFO ] 2023-12-21 12:17:17.286 BaseTest:161 - video path: videos\Android_Samsung\2023-12-21-11-49-12\AppointmentsTest\IDA4_2375_verifyCancelledSection.mp4
[logsAndroid_Samsung INFO ] 2023-12-21 12:17:18.473 AppointmentsTest:26 - 
****** starting test:IDA4_2371_verifyRescheduledAppointmentDisplaysUnderTodaysTabOfUpcomingSection******

[logsAndroid_Samsung ERROR] 2023-12-21 12:19:12.513 TestListener:33 - org.openqa.selenium.WebDriverException: An unknown server-side error occurred while processing the command. Original error: Timed out after 37775ms waiting for the root AccessibilityNodeInfo in the active window. Make sure the active window is not constantly hogging the main UI thread (e.g. the application is being idle long enough), so the accessibility manager could do its work
Build info: version: '4.13.0', revision: 'ba948ece5b*'
System info: os.name: 'Windows 10', os.arch: 'amd64', os.version: '10.0', java.version: '17.0.8.1'
Driver info: io.appium.java_client.android.AndroidDriver
Command: [7e67eb6d-3b0a-46a9-a507-a6113b04851c, findElement {using=id, value=org.intelehealth.app:id/ivInternetCustomToolbar}]
Capabilities {appium:automationName: UiAutomator2, appium:avd: Samsung, appium:avdLaunchTimeout: 120000, appium:databaseEnabled: false, appium:desired: {automationName: UiAutomator2, avd: Samsung, avdLaunchTimeout: 120000, deviceName: Samsung, platformName: ANDROID, systemPort: 10000, udid: emulator-5554}, appium:deviceApiLevel: 31, appium:deviceManufacturer: Google, appium:deviceModel: sdk_gphone64_x86_64, appium:deviceName: emulator-5554, appium:deviceScreenDensity: 440, appium:deviceScreenSize: 1080x2340, appium:deviceUDID: emulator-5554, appium:javascriptEnabled: true, appium:locationContextEnabled: false, appium:networkConnectionEnabled: true, appium:pixelRatio: 2.75, appium:platformVersion: 12, appium:statBarHeight: 66, appium:systemPort: 10000, appium:takesScreenshot: true, appium:udid: emulator-5554, appium:viewportRect: {height: 2142, left: 0, top: 66, width: 1080}, appium:warnings: {}, appium:webStorageEnabled: false, platformName: ANDROID}
Session ID: 7e67eb6d-3b0a-46a9-a507-a6113b04851c
	at java.base/jdk.internal.reflect.NativeConstructorAccessorImpl.newInstance0(Native Method)
	at java.base/jdk.internal.reflect.NativeConstructorAccessorImpl.newInstance(NativeConstructorAccessorImpl.java:77)
	at java.base/jdk.internal.reflect.DelegatingConstructorAccessorImpl.newInstance(DelegatingConstructorAccessorImpl.java:45)
	at java.base/java.lang.reflect.Constructor.newInstanceWithCaller(Constructor.java:499)
	at java.base/java.lang.reflect.Constructor.newInstance(Constructor.java:480)
	at org.openqa.selenium.remote.codec.w3c.W3CHttpResponseCodec.createException(W3CHttpResponseCodec.java:200)
	at org.openqa.selenium.remote.codec.w3c.W3CHttpResponseCodec.decode(W3CHttpResponseCodec.java:133)
	at org.openqa.selenium.remote.codec.w3c.W3CHttpResponseCodec.decode(W3CHttpResponseCodec.java:52)
	at org.openqa.selenium.remote.HttpCommandExecutor.execute(HttpCommandExecutor.java:191)
	at io.appium.java_client.remote.AppiumCommandExecutor.execute(AppiumCommandExecutor.java:250)
	at org.openqa.selenium.remote.RemoteWebDriver.execute(RemoteWebDriver.java:602)
	at org.openqa.selenium.remote.ElementLocation$ElementFinder$2.findElement(ElementLocation.java:165)
	at org.openqa.selenium.remote.ElementLocation.findElement(ElementLocation.java:59)
	at org.openqa.selenium.remote.RemoteWebDriver.findElement(RemoteWebDriver.java:359)
	at org.openqa.selenium.remote.RemoteWebDriver.findElement(RemoteWebDriver.java:353)
	at io.appium.java_client.pagefactory.bys.builder.ByChained.lambda$getSearchingFunction$0(ByChained.java:41)
	at org.openqa.selenium.support.ui.FluentWait.until(FluentWait.java:205)
	at io.appium.java_client.pagefactory.bys.builder.ByChained.findElement(ByChained.java:75)
	at org.openqa.selenium.remote.ElementLocation$ElementFinder$1.findElement(ElementLocation.java:139)
	at org.openqa.selenium.remote.ElementLocation.findElement(ElementLocation.java:59)
	at org.openqa.selenium.remote.RemoteWebDriver.findElement(RemoteWebDriver.java:359)
	at org.openqa.selenium.remote.RemoteWebDriver.findElement(RemoteWebDriver.java:353)
	at io.appium.java_client.pagefactory.bys.ContentMappedBy.findElement(ContentMappedBy.java:53)
	at org.openqa.selenium.remote.ElementLocation$ElementFinder$1.findElement(ElementLocation.java:139)
	at org.openqa.selenium.remote.ElementLocation.findElement(ElementLocation.java:59)
	at org.openqa.selenium.remote.RemoteWebDriver.findElement(RemoteWebDriver.java:359)
	at org.openqa.selenium.remote.RemoteWebDriver.findElement(RemoteWebDriver.java:353)
	at io.appium.java_client.pagefactory.AppiumElementLocator.lambda$findElement$1(AppiumElementLocator.java:160)
	at io.appium.java_client.pagefactory.AppiumElementLocator$WaitingFunction.apply(AppiumElementLocator.java:217)
	at io.appium.java_client.pagefactory.AppiumElementLocator$WaitingFunction.apply(AppiumElementLocator.java:210)
	at org.openqa.selenium.support.ui.FluentWait.until(FluentWait.java:205)
	at io.appium.java_client.pagefactory.AppiumElementLocator.waitFor(AppiumElementLocator.java:135)
	at io.appium.java_client.pagefactory.AppiumElementLocator.findElement(AppiumElementLocator.java:160)
	at io.appium.java_client.pagefactory.interceptors.InterceptorOfASingleElement.call(InterceptorOfASingleElement.java:64)
	at io.appium.java_client.proxy.Interceptor.intercept(Interceptor.java:78)
	at org.openqa.selenium.remote.RemoteWebElement$ByteBuddy$SSewb8wy.isDisplayed(Unknown Source)
	at org.openqa.selenium.support.ui.ExpectedConditions.elementIfVisible(ExpectedConditions.java:304)
	at org.openqa.selenium.support.ui.ExpectedConditions.access$000(ExpectedConditions.java:37)
	at org.openqa.selenium.support.ui.ExpectedConditions$10.apply(ExpectedConditions.java:290)
	at org.openqa.selenium.support.ui.ExpectedConditions$10.apply(ExpectedConditions.java:287)
	at org.openqa.selenium.support.ui.FluentWait.until(FluentWait.java:205)
	at com.intelehealth.base.BaseTest.waitForVisibility(BaseTest.java:335)
	at com.intelehealth.base.BaseTest.click(BaseTest.java:372)
	at com.intelehealth.pages.AppointmentsPage.refreshAppointments(AppointmentsPage.java:818)
	at com.intelehealth.pages.AppointmentsPage.verifyRescheduledAppointmentDisplaysUnderTodaysTabOfUpcomingSection(AppointmentsPage.java:1210)
	at com.intelehealth.tests.AppointmentsTest.IDA4_2371_verifyRescheduledAppointmentDisplaysUnderTodaysTabOfUpcomingSection(AppointmentsTest.java:194)
	at java.base/jdk.internal.reflect.NativeMethodAccessorImpl.invoke0(Native Method)
	at java.base/jdk.internal.reflect.NativeMethodAccessorImpl.invoke(NativeMethodAccessorImpl.java:77)
	at java.base/jdk.internal.reflect.DelegatingMethodAccessorImpl.invoke(DelegatingMethodAccessorImpl.java:43)
	at java.base/java.lang.reflect.Method.invoke(Method.java:568)
	at org.testng.internal.invokers.MethodInvocationHelper.invokeMethod(MethodInvocationHelper.java:139)
	at org.testng.internal.invokers.TestInvoker.invokeMethod(TestInvoker.java:664)
	at org.testng.internal.invokers.TestInvoker.invokeTestMethod(TestInvoker.java:227)
	at org.testng.internal.invokers.MethodRunner.runInSequence(MethodRunner.java:50)
	at org.testng.internal.invokers.TestInvoker$MethodInvocationAgent.invoke(TestInvoker.java:957)
	at org.testng.internal.invokers.TestInvoker.invokeTestMethods(TestInvoker.java:200)
	at org.testng.internal.invokers.TestMethodWorker.invokeTestMethods(TestMethodWorker.java:148)
	at org.testng.internal.invokers.TestMethodWorker.run(TestMethodWorker.java:128)
	at java.base/java.util.ArrayList.forEach(ArrayList.java:1511)
	at org.testng.TestRunner.privateRun(TestRunner.java:848)
	at org.testng.TestRunner.run(TestRunner.java:621)
	at org.testng.SuiteRunner.runTest(SuiteRunner.java:443)
	at org.testng.SuiteRunner$SuiteWorker.run(SuiteRunner.java:481)
	at org.testng.internal.thread.ThreadUtil.lambda$execute$0(ThreadUtil.java:58)
	at java.base/java.util.concurrent.FutureTask.run(FutureTask.java:264)
	at java.base/java.util.concurrent.ThreadPoolExecutor.runWorker(ThreadPoolExecutor.java:1136)
	at java.base/java.util.concurrent.ThreadPoolExecutor$Worker.run(ThreadPoolExecutor.java:635)
	at java.base/java.lang.Thread.run(Thread.java:833)

[logsAndroid_Samsung INFO ] 2023-12-21 12:19:15.338 BaseTest:161 - video path: videos\Android_Samsung\2023-12-21-11-49-12\AppointmentsTest\IDA4_2371_verifyRescheduledAppointmentDisplaysUnderTodaysTabOfUpcomingSection.mp4
[logsAndroid_Samsung INFO ] 2023-12-21 12:36:49.108 BaseTest:271 - log path: logs\Android_Samsung
[logsAndroid_Samsung INFO ] 2023-12-21 12:36:49.121 BaseTest:277 - load config.properties
[logsAndroid_Samsung INFO ] 2023-12-21 12:37:01.851 BaseTest:315 - driver initialized: AndroidDriver:  on ANDROID (cf5efbe5-785d-4664-8ea2-b0236a1e850f)
[logsAndroid_Samsung INFO ] 2023-12-21 12:37:02.657 AppointmentsTest:26 - 
****** starting test:IDA4_2374_verifyCountOfCancelledTab******

[logsAndroid_Samsung ERROR] 2023-12-21 12:38:22.727 TestListener:33 - java.lang.AssertionError: Cancelled count and canclled title count don't match expected [0] but found [0]
	at org.testng.Assert.fail(Assert.java:111)
	at org.testng.Assert.failNotEquals(Assert.java:1578)
	at org.testng.Assert.assertEqualsImpl(Assert.java:150)
	at org.testng.Assert.assertEquals(Assert.java:132)
	at com.intelehealth.pages.AppointmentsPage.verifyCountOfCancelledTab(AppointmentsPage.java:459)
	at com.intelehealth.tests.AppointmentsTest.IDA4_2374_verifyCountOfCancelledTab(AppointmentsTest.java:77)
	at java.base/jdk.internal.reflect.NativeMethodAccessorImpl.invoke0(Native Method)
	at java.base/jdk.internal.reflect.NativeMethodAccessorImpl.invoke(NativeMethodAccessorImpl.java:77)
	at java.base/jdk.internal.reflect.DelegatingMethodAccessorImpl.invoke(DelegatingMethodAccessorImpl.java:43)
	at java.base/java.lang.reflect.Method.invoke(Method.java:568)
	at org.testng.internal.invokers.MethodInvocationHelper.invokeMethod(MethodInvocationHelper.java:139)
	at org.testng.internal.invokers.TestInvoker.invokeMethod(TestInvoker.java:664)
	at org.testng.internal.invokers.TestInvoker.invokeTestMethod(TestInvoker.java:227)
	at org.testng.internal.invokers.MethodRunner.runInSequence(MethodRunner.java:50)
	at org.testng.internal.invokers.TestInvoker$MethodInvocationAgent.invoke(TestInvoker.java:957)
	at org.testng.internal.invokers.TestInvoker.invokeTestMethods(TestInvoker.java:200)
	at org.testng.internal.invokers.TestMethodWorker.invokeTestMethods(TestMethodWorker.java:148)
	at org.testng.internal.invokers.TestMethodWorker.run(TestMethodWorker.java:128)
	at java.base/java.util.ArrayList.forEach(ArrayList.java:1511)
	at org.testng.TestRunner.privateRun(TestRunner.java:848)
	at org.testng.TestRunner.run(TestRunner.java:621)
	at org.testng.SuiteRunner.runTest(SuiteRunner.java:443)
	at org.testng.SuiteRunner$SuiteWorker.run(SuiteRunner.java:481)
	at org.testng.internal.thread.ThreadUtil.lambda$execute$0(ThreadUtil.java:58)
	at java.base/java.util.concurrent.FutureTask.run(FutureTask.java:264)
	at java.base/java.util.concurrent.ThreadPoolExecutor.runWorker(ThreadPoolExecutor.java:1136)
	at java.base/java.util.concurrent.ThreadPoolExecutor$Worker.run(ThreadPoolExecutor.java:635)
	at java.base/java.lang.Thread.run(Thread.java:833)

[logsAndroid_Samsung INFO ] 2023-12-21 12:38:26.117 BaseTest:161 - video path: videos\Android_Samsung\2023-12-21-12-36-49\AppointmentsTest\IDA4_2374_verifyCountOfCancelledTab.mp4
[logsAndroid_Samsung INFO ] 2023-12-21 12:38:27.145 AppointmentsTest:26 - 
****** starting test:IDA4_2373_verifyCancelledTab******

[logsAndroid_Samsung INFO ] 2023-12-21 12:39:34.972 BaseTest:353 - 
[logsAndroid_Samsung INFO ] 2023-12-21 12:39:35.418 BaseTest:353 - 
[logsAndroid_Samsung ERROR] 2023-12-21 12:40:36.699 TestListener:33 - java.lang.AssertionError: Completed count and completed title count don't match expected [Completed (0)] but found [0]
	at org.testng.Assert.fail(Assert.java:111)
	at org.testng.Assert.failNotEquals(Assert.java:1578)
	at org.testng.Assert.assertEqualsImpl(Assert.java:150)
	at org.testng.Assert.assertEquals(Assert.java:132)
	at org.testng.Assert.assertEquals(Assert.java:656)
	at com.intelehealth.pages.AppointmentsPage.verifyCancelledTabFunctionality(AppointmentsPage.java:511)
	at com.intelehealth.tests.AppointmentsTest.IDA4_2373_verifyCancelledTab(AppointmentsTest.java:82)
	at java.base/jdk.internal.reflect.NativeMethodAccessorImpl.invoke0(Native Method)
	at java.base/jdk.internal.reflect.NativeMethodAccessorImpl.invoke(NativeMethodAccessorImpl.java:77)
	at java.base/jdk.internal.reflect.DelegatingMethodAccessorImpl.invoke(DelegatingMethodAccessorImpl.java:43)
	at java.base/java.lang.reflect.Method.invoke(Method.java:568)
	at org.testng.internal.invokers.MethodInvocationHelper.invokeMethod(MethodInvocationHelper.java:139)
	at org.testng.internal.invokers.TestInvoker.invokeMethod(TestInvoker.java:664)
	at org.testng.internal.invokers.TestInvoker.invokeTestMethod(TestInvoker.java:227)
	at org.testng.internal.invokers.MethodRunner.runInSequence(MethodRunner.java:50)
	at org.testng.internal.invokers.TestInvoker$MethodInvocationAgent.invoke(TestInvoker.java:957)
	at org.testng.internal.invokers.TestInvoker.invokeTestMethods(TestInvoker.java:200)
	at org.testng.internal.invokers.TestMethodWorker.invokeTestMethods(TestMethodWorker.java:148)
	at org.testng.internal.invokers.TestMethodWorker.run(TestMethodWorker.java:128)
	at java.base/java.util.ArrayList.forEach(ArrayList.java:1511)
	at org.testng.TestRunner.privateRun(TestRunner.java:848)
	at org.testng.TestRunner.run(TestRunner.java:621)
	at org.testng.SuiteRunner.runTest(SuiteRunner.java:443)
	at org.testng.SuiteRunner$SuiteWorker.run(SuiteRunner.java:481)
	at org.testng.internal.thread.ThreadUtil.lambda$execute$0(ThreadUtil.java:58)
	at java.base/java.util.concurrent.FutureTask.run(FutureTask.java:264)
	at java.base/java.util.concurrent.ThreadPoolExecutor.runWorker(ThreadPoolExecutor.java:1136)
	at java.base/java.util.concurrent.ThreadPoolExecutor$Worker.run(ThreadPoolExecutor.java:635)
	at java.base/java.lang.Thread.run(Thread.java:833)

[logsAndroid_Samsung INFO ] 2023-12-21 12:40:39.954 BaseTest:161 - video path: videos\Android_Samsung\2023-12-21-12-36-49\AppointmentsTest\IDA4_2373_verifyCancelledTab.mp4
[logsAndroid_Samsung INFO ] 2023-12-21 12:40:40.823 AppointmentsTest:26 - 
****** starting test:IDA4_2380_verifyCancelAppointment******

[logsAndroid_Samsung INFO ] 2023-12-21 12:41:50.662 BaseTest:161 - video path: videos\Android_Samsung\2023-12-21-12-36-49\AppointmentsTest\IDA4_2380_verifyCancelAppointment.mp4
[logsAndroid_Samsung INFO ] 2023-12-21 12:41:51.814 AppointmentsTest:26 - 
****** starting test:IDA4_2382_verifyYesButtonFunctionality******

[logsAndroid_Samsung INFO ] 2023-12-21 12:42:50.655 BaseTest:271 - log path: logs\Android_Samsung
[logsAndroid_Samsung INFO ] 2023-12-21 12:42:50.664 BaseTest:277 - load config.properties
[logsAndroid_Samsung FATAL] 2023-12-21 12:42:54.624 BaseTest:317 - driver initialization failure. ABORT!!!
org.openqa.selenium.SessionNotCreatedException: Could not start a new session. Response code 500. Message: An unknown server-side error occurred while processing the command. Original error: UiAutomator2 Server cannot start because the local port #10000 is busy. Make sure the port you provide via 'systemPort' capability is not occupied. This situation might often be a result of an inaccurate sessions management, e.g. old automation sessions on the same device must always be closed before starting new ones. 
Host info: host: 'DESKTOP-LAAIDQD', ip: '192.168.43.151'
Build info: version: '4.13.0', revision: 'ba948ece5b*'
System info: os.name: 'Windows 10', os.arch: 'amd64', os.version: '10.0', java.version: '17.0.8.1'
Driver info: io.appium.java_client.android.AndroidDriver
Command: [null, newSession {capabilities=[{appium:automationName=UiAutomator2, appium:avd=Samsung, appium:avdLaunchTimeout=120000, appium:deviceName=Samsung, platformName=ANDROID, appium:systemPort=10000, appium:udid=emulator-5554}], desiredCapabilities=Capabilities {automationName: UiAutomator2, avd: Samsung, avdLaunchTimeout: 120000, deviceName: Samsung, platformName: ANDROID, systemPort: 10000, udid: emulator-5554}}]
Capabilities {automationName: UiAutomator2, avd: Samsung, avdLaunchTimeout: 120000, deviceName: Samsung, platformName: ANDROID, systemPort: 10000, udid: emulator-5554}
[logsAndroid_Samsung INFO ] 2023-12-21 12:43:35.030 BaseTest:271 - log path: logs\Android_Samsung
[logsAndroid_Samsung INFO ] 2023-12-21 12:43:35.050 BaseTest:277 - load config.properties
[logsAndroid_Samsung FATAL] 2023-12-21 12:44:12.151 BaseTest:317 - driver initialization failure. ABORT!!!
org.openqa.selenium.SessionNotCreatedException: Could not start a new session. Response code 500. Message: An unknown server-side error occurred while processing the command. Original error: The instrumentation process cannot be initialized within 30000ms timeout. Make sure the application under test does not crash and investigate the logcat output. You could also try to increase the value of 'uiautomator2ServerLaunchTimeout' capability 
Host info: host: 'DESKTOP-LAAIDQD', ip: '192.168.43.151'
Build info: version: '4.13.0', revision: 'ba948ece5b*'
System info: os.name: 'Windows 10', os.arch: 'amd64', os.version: '10.0', java.version: '17.0.8.1'
Driver info: io.appium.java_client.android.AndroidDriver
Command: [null, newSession {capabilities=[{appium:automationName=UiAutomator2, appium:avd=Samsung, appium:avdLaunchTimeout=120000, appium:deviceName=Samsung, platformName=ANDROID, appium:systemPort=10000, appium:udid=emulator-5554}], desiredCapabilities=Capabilities {automationName: UiAutomator2, avd: Samsung, avdLaunchTimeout: 120000, deviceName: Samsung, platformName: ANDROID, systemPort: 10000, udid: emulator-5554}}]
Capabilities {automationName: UiAutomator2, avd: Samsung, avdLaunchTimeout: 120000, deviceName: Samsung, platformName: ANDROID, systemPort: 10000, udid: emulator-5554}
[logsAndroid_Samsung INFO ] 2023-12-21 12:44:31.313 BaseTest:271 - log path: logs\Android_Samsung
[logsAndroid_Samsung INFO ] 2023-12-21 12:44:31.322 BaseTest:277 - load config.properties
[logsAndroid_Samsung INFO ] 2023-12-21 12:44:42.492 BaseTest:315 - driver initialized: AndroidDriver:  on ANDROID (e0d4115f-21ac-4575-acba-284557ff066f)
[logsAndroid_Samsung INFO ] 2023-12-21 12:44:43.541 AppointmentsTest:26 - 
****** starting test:IDA4_2374_verifyCountOfCancelledTab******

[logsAndroid_Samsung INFO ] 2023-12-21 14:36:40.604 BaseTest:271 - log path: logs\Android_Samsung
[logsAndroid_Samsung INFO ] 2023-12-21 14:36:40.615 BaseTest:277 - load config.properties
[logsAndroid_Samsung INFO ] 2023-12-21 14:36:51.856 BaseTest:315 - driver initialized: AndroidDriver:  on ANDROID (7c304fed-f5e0-43b9-8cb2-ed7e480abe8f)
[logsAndroid_Samsung INFO ] 2023-12-21 14:36:52.622 AppointmentsTest:26 - 
****** starting test:IDA4_2374_verifyCountOfCancelledTab******

[logsAndroid_Samsung ERROR] 2023-12-21 14:38:09.528 TestListener:33 - java.lang.AssertionError: Cancelled count and canclled title count don't match expected [0] but found [0]
	at org.testng.Assert.fail(Assert.java:111)
	at org.testng.Assert.failNotEquals(Assert.java:1578)
	at org.testng.Assert.assertEqualsImpl(Assert.java:150)
	at org.testng.Assert.assertEquals(Assert.java:132)
	at com.intelehealth.pages.AppointmentsPage.verifyCountOfCancelledTab(AppointmentsPage.java:461)
	at com.intelehealth.tests.AppointmentsTest.IDA4_2374_verifyCountOfCancelledTab(AppointmentsTest.java:77)
	at java.base/jdk.internal.reflect.NativeMethodAccessorImpl.invoke0(Native Method)
	at java.base/jdk.internal.reflect.NativeMethodAccessorImpl.invoke(NativeMethodAccessorImpl.java:77)
	at java.base/jdk.internal.reflect.DelegatingMethodAccessorImpl.invoke(DelegatingMethodAccessorImpl.java:43)
	at java.base/java.lang.reflect.Method.invoke(Method.java:568)
	at org.testng.internal.invokers.MethodInvocationHelper.invokeMethod(MethodInvocationHelper.java:139)
	at org.testng.internal.invokers.TestInvoker.invokeMethod(TestInvoker.java:664)
	at org.testng.internal.invokers.TestInvoker.invokeTestMethod(TestInvoker.java:227)
	at org.testng.internal.invokers.MethodRunner.runInSequence(MethodRunner.java:50)
	at org.testng.internal.invokers.TestInvoker$MethodInvocationAgent.invoke(TestInvoker.java:957)
	at org.testng.internal.invokers.TestInvoker.invokeTestMethods(TestInvoker.java:200)
	at org.testng.internal.invokers.TestMethodWorker.invokeTestMethods(TestMethodWorker.java:148)
	at org.testng.internal.invokers.TestMethodWorker.run(TestMethodWorker.java:128)
	at java.base/java.util.ArrayList.forEach(ArrayList.java:1511)
	at org.testng.TestRunner.privateRun(TestRunner.java:848)
	at org.testng.TestRunner.run(TestRunner.java:621)
	at org.testng.SuiteRunner.runTest(SuiteRunner.java:443)
	at org.testng.SuiteRunner$SuiteWorker.run(SuiteRunner.java:481)
	at org.testng.internal.thread.ThreadUtil.lambda$execute$0(ThreadUtil.java:58)
	at java.base/java.util.concurrent.FutureTask.run(FutureTask.java:264)
	at java.base/java.util.concurrent.ThreadPoolExecutor.runWorker(ThreadPoolExecutor.java:1136)
	at java.base/java.util.concurrent.ThreadPoolExecutor$Worker.run(ThreadPoolExecutor.java:635)
	at java.base/java.lang.Thread.run(Thread.java:833)

[logsAndroid_Samsung INFO ] 2023-12-21 14:38:13.993 BaseTest:161 - video path: videos\Android_Samsung\2023-12-21-14-36-40\AppointmentsTest\IDA4_2374_verifyCountOfCancelledTab.mp4
[logsAndroid_Samsung INFO ] 2023-12-21 14:38:14.855 AppointmentsTest:26 - 
****** starting test:IDA4_2373_verifyCancelledTab******

[logsAndroid_Samsung INFO ] 2023-12-21 14:39:06.436 BaseTest:353 - 
[logsAndroid_Samsung ERROR] 2023-12-21 14:40:00.568 TestListener:33 - java.lang.AssertionError: Completed count and completed title count don't match expected [Completed (0)] but found [0]
	at org.testng.Assert.fail(Assert.java:111)
	at org.testng.Assert.failNotEquals(Assert.java:1578)
	at org.testng.Assert.assertEqualsImpl(Assert.java:150)
	at org.testng.Assert.assertEquals(Assert.java:132)
	at org.testng.Assert.assertEquals(Assert.java:656)
	at com.intelehealth.pages.AppointmentsPage.verifyCancelledTabFunctionality(AppointmentsPage.java:513)
	at com.intelehealth.tests.AppointmentsTest.IDA4_2373_verifyCancelledTab(AppointmentsTest.java:82)
	at java.base/jdk.internal.reflect.NativeMethodAccessorImpl.invoke0(Native Method)
	at java.base/jdk.internal.reflect.NativeMethodAccessorImpl.invoke(NativeMethodAccessorImpl.java:77)
	at java.base/jdk.internal.reflect.DelegatingMethodAccessorImpl.invoke(DelegatingMethodAccessorImpl.java:43)
	at java.base/java.lang.reflect.Method.invoke(Method.java:568)
	at org.testng.internal.invokers.MethodInvocationHelper.invokeMethod(MethodInvocationHelper.java:139)
	at org.testng.internal.invokers.TestInvoker.invokeMethod(TestInvoker.java:664)
	at org.testng.internal.invokers.TestInvoker.invokeTestMethod(TestInvoker.java:227)
	at org.testng.internal.invokers.MethodRunner.runInSequence(MethodRunner.java:50)
	at org.testng.internal.invokers.TestInvoker$MethodInvocationAgent.invoke(TestInvoker.java:957)
	at org.testng.internal.invokers.TestInvoker.invokeTestMethods(TestInvoker.java:200)
	at org.testng.internal.invokers.TestMethodWorker.invokeTestMethods(TestMethodWorker.java:148)
	at org.testng.internal.invokers.TestMethodWorker.run(TestMethodWorker.java:128)
	at java.base/java.util.ArrayList.forEach(ArrayList.java:1511)
	at org.testng.TestRunner.privateRun(TestRunner.java:848)
	at org.testng.TestRunner.run(TestRunner.java:621)
	at org.testng.SuiteRunner.runTest(SuiteRunner.java:443)
	at org.testng.SuiteRunner$SuiteWorker.run(SuiteRunner.java:481)
	at org.testng.internal.thread.ThreadUtil.lambda$execute$0(ThreadUtil.java:58)
	at java.base/java.util.concurrent.FutureTask.run(FutureTask.java:264)
	at java.base/java.util.concurrent.ThreadPoolExecutor.runWorker(ThreadPoolExecutor.java:1136)
	at java.base/java.util.concurrent.ThreadPoolExecutor$Worker.run(ThreadPoolExecutor.java:635)
	at java.base/java.lang.Thread.run(Thread.java:833)

[logsAndroid_Samsung INFO ] 2023-12-21 14:40:02.885 BaseTest:161 - video path: videos\Android_Samsung\2023-12-21-14-36-40\AppointmentsTest\IDA4_2373_verifyCancelledTab.mp4
[logsAndroid_Samsung INFO ] 2023-12-21 14:40:03.708 AppointmentsTest:26 - 
****** starting test:IDA4_2380_verifyCancelAppointment******

[logsAndroid_Samsung INFO ] 2023-12-21 14:40:57.682 BaseTest:161 - video path: videos\Android_Samsung\2023-12-21-14-36-40\AppointmentsTest\IDA4_2380_verifyCancelAppointment.mp4
[logsAndroid_Samsung INFO ] 2023-12-21 14:40:58.546 AppointmentsTest:26 - 
****** starting test:IDA4_2382_verifyYesButtonFunctionality******

[logsAndroid_Samsung INFO ] 2023-12-21 14:42:15.253 BaseTest:161 - video path: videos\Android_Samsung\2023-12-21-14-36-40\AppointmentsTest\IDA4_2382_verifyYesButtonFunctionality.mp4
[logsAndroid_Samsung INFO ] 2023-12-21 14:42:17.495 AppointmentsTest:26 - 
****** starting test:IDA4_2391_verifyCompletedTabFunctionality******

[logsAndroid_Samsung INFO ] 2023-12-21 14:43:27.175 BaseTest:161 - video path: videos\Android_Samsung\2023-12-21-14-36-40\AppointmentsTest\IDA4_2391_verifyCompletedTabFunctionality.mp4
[logsAndroid_Samsung INFO ] 2023-12-21 14:43:28.317 AppointmentsTest:26 - 
****** starting test:IDA4_2385_verifycancelAppointmentSaveButton******

[logsAndroid_Samsung ERROR] 2023-12-21 14:45:15.967 TestListener:33 - org.openqa.selenium.WebDriverException: An unknown server-side error occurred while processing the command. Original error: Timed out after 37771ms waiting for the root AccessibilityNodeInfo in the active window. Make sure the active window is not constantly hogging the main UI thread (e.g. the application is being idle long enough), so the accessibility manager could do its work
Build info: version: '4.13.0', revision: 'ba948ece5b*'
System info: os.name: 'Windows 10', os.arch: 'amd64', os.version: '10.0', java.version: '17.0.8.1'
Driver info: io.appium.java_client.android.AndroidDriver
Command: [7c304fed-f5e0-43b9-8cb2-ed7e480abe8f, findElement {using=accessibility id, value=Home Fragment Appointment Icon ImageView}]
Capabilities {appium:automationName: UiAutomator2, appium:avd: Samsung, appium:avdLaunchTimeout: 120000, appium:databaseEnabled: false, appium:desired: {automationName: UiAutomator2, avd: Samsung, avdLaunchTimeout: 120000, deviceName: Samsung, platformName: ANDROID, systemPort: 10000, udid: emulator-5554}, appium:deviceApiLevel: 31, appium:deviceManufacturer: Google, appium:deviceModel: sdk_gphone64_x86_64, appium:deviceName: emulator-5554, appium:deviceScreenDensity: 440, appium:deviceScreenSize: 1080x2340, appium:deviceUDID: emulator-5554, appium:javascriptEnabled: true, appium:locationContextEnabled: false, appium:networkConnectionEnabled: true, appium:pixelRatio: 2.75, appium:platformVersion: 12, appium:statBarHeight: 66, appium:systemPort: 10000, appium:takesScreenshot: true, appium:udid: emulator-5554, appium:viewportRect: {height: 2142, left: 0, top: 66, width: 1080}, appium:warnings: {}, appium:webStorageEnabled: false, platformName: ANDROID}
Session ID: 7c304fed-f5e0-43b9-8cb2-ed7e480abe8f
	at java.base/jdk.internal.reflect.NativeConstructorAccessorImpl.newInstance0(Native Method)
	at java.base/jdk.internal.reflect.NativeConstructorAccessorImpl.newInstance(NativeConstructorAccessorImpl.java:77)
	at java.base/jdk.internal.reflect.DelegatingConstructorAccessorImpl.newInstance(DelegatingConstructorAccessorImpl.java:45)
	at java.base/java.lang.reflect.Constructor.newInstanceWithCaller(Constructor.java:499)
	at java.base/java.lang.reflect.Constructor.newInstance(Constructor.java:480)
	at org.openqa.selenium.remote.codec.w3c.W3CHttpResponseCodec.createException(W3CHttpResponseCodec.java:200)
	at org.openqa.selenium.remote.codec.w3c.W3CHttpResponseCodec.decode(W3CHttpResponseCodec.java:133)
	at org.openqa.selenium.remote.codec.w3c.W3CHttpResponseCodec.decode(W3CHttpResponseCodec.java:52)
	at org.openqa.selenium.remote.HttpCommandExecutor.execute(HttpCommandExecutor.java:191)
	at io.appium.java_client.remote.AppiumCommandExecutor.execute(AppiumCommandExecutor.java:250)
	at org.openqa.selenium.remote.RemoteWebDriver.execute(RemoteWebDriver.java:602)
	at org.openqa.selenium.remote.ElementLocation$ElementFinder$2.findElement(ElementLocation.java:165)
	at org.openqa.selenium.remote.ElementLocation.findElement(ElementLocation.java:59)
	at org.openqa.selenium.remote.RemoteWebDriver.findElement(RemoteWebDriver.java:359)
	at org.openqa.selenium.remote.RemoteWebDriver.findElement(RemoteWebDriver.java:353)
	at io.appium.java_client.pagefactory.bys.builder.ByChained.lambda$getSearchingFunction$0(ByChained.java:41)
	at org.openqa.selenium.support.ui.FluentWait.until(FluentWait.java:205)
	at io.appium.java_client.pagefactory.bys.builder.ByChained.findElement(ByChained.java:75)
	at org.openqa.selenium.remote.ElementLocation$ElementFinder$1.findElement(ElementLocation.java:139)
	at org.openqa.selenium.remote.ElementLocation.findElement(ElementLocation.java:59)
	at org.openqa.selenium.remote.RemoteWebDriver.findElement(RemoteWebDriver.java:359)
	at org.openqa.selenium.remote.RemoteWebDriver.findElement(RemoteWebDriver.java:353)
	at io.appium.java_client.pagefactory.bys.ContentMappedBy.findElement(ContentMappedBy.java:53)
	at org.openqa.selenium.remote.ElementLocation$ElementFinder$1.findElement(ElementLocation.java:139)
	at org.openqa.selenium.remote.ElementLocation.findElement(ElementLocation.java:59)
	at org.openqa.selenium.remote.RemoteWebDriver.findElement(RemoteWebDriver.java:359)
	at org.openqa.selenium.remote.RemoteWebDriver.findElement(RemoteWebDriver.java:353)
	at io.appium.java_client.pagefactory.AppiumElementLocator.lambda$findElement$1(AppiumElementLocator.java:160)
	at io.appium.java_client.pagefactory.AppiumElementLocator$WaitingFunction.apply(AppiumElementLocator.java:217)
	at io.appium.java_client.pagefactory.AppiumElementLocator$WaitingFunction.apply(AppiumElementLocator.java:210)
	at org.openqa.selenium.support.ui.FluentWait.until(FluentWait.java:205)
	at io.appium.java_client.pagefactory.AppiumElementLocator.waitFor(AppiumElementLocator.java:135)
	at io.appium.java_client.pagefactory.AppiumElementLocator.findElement(AppiumElementLocator.java:160)
	at io.appium.java_client.pagefactory.interceptors.InterceptorOfASingleElement.call(InterceptorOfASingleElement.java:64)
	at io.appium.java_client.proxy.Interceptor.intercept(Interceptor.java:78)
	at org.openqa.selenium.remote.RemoteWebElement$ByteBuddy$3OQKAYG1.isDisplayed(Unknown Source)
	at org.openqa.selenium.support.ui.ExpectedConditions.elementIfVisible(ExpectedConditions.java:304)
	at org.openqa.selenium.support.ui.ExpectedConditions.access$000(ExpectedConditions.java:37)
	at org.openqa.selenium.support.ui.ExpectedConditions$10.apply(ExpectedConditions.java:290)
	at org.openqa.selenium.support.ui.ExpectedConditions$10.apply(ExpectedConditions.java:287)
	at org.openqa.selenium.support.ui.FluentWait.until(FluentWait.java:205)
	at com.intelehealth.base.BaseTest.waitForVisibility(BaseTest.java:335)
	at com.intelehealth.base.BaseTest.click(BaseTest.java:440)
	at com.intelehealth.pages.AppointmentsPage.verifyAppointmentSaveButton(AppointmentsPage.java:663)
	at com.intelehealth.tests.AppointmentsTest.IDA4_2385_verifycancelAppointmentSaveButton(AppointmentsTest.java:103)
	at java.base/jdk.internal.reflect.NativeMethodAccessorImpl.invoke0(Native Method)
	at java.base/jdk.internal.reflect.NativeMethodAccessorImpl.invoke(NativeMethodAccessorImpl.java:77)
	at java.base/jdk.internal.reflect.DelegatingMethodAccessorImpl.invoke(DelegatingMethodAccessorImpl.java:43)
	at java.base/java.lang.reflect.Method.invoke(Method.java:568)
	at org.testng.internal.invokers.MethodInvocationHelper.invokeMethod(MethodInvocationHelper.java:139)
	at org.testng.internal.invokers.TestInvoker.invokeMethod(TestInvoker.java:664)
	at org.testng.internal.invokers.TestInvoker.invokeTestMethod(TestInvoker.java:227)
	at org.testng.internal.invokers.MethodRunner.runInSequence(MethodRunner.java:50)
	at org.testng.internal.invokers.TestInvoker$MethodInvocationAgent.invoke(TestInvoker.java:957)
	at org.testng.internal.invokers.TestInvoker.invokeTestMethods(TestInvoker.java:200)
	at org.testng.internal.invokers.TestMethodWorker.invokeTestMethods(TestMethodWorker.java:148)
	at org.testng.internal.invokers.TestMethodWorker.run(TestMethodWorker.java:128)
	at java.base/java.util.ArrayList.forEach(ArrayList.java:1511)
	at org.testng.TestRunner.privateRun(TestRunner.java:848)
	at org.testng.TestRunner.run(TestRunner.java:621)
	at org.testng.SuiteRunner.runTest(SuiteRunner.java:443)
	at org.testng.SuiteRunner$SuiteWorker.run(SuiteRunner.java:481)
	at org.testng.internal.thread.ThreadUtil.lambda$execute$0(ThreadUtil.java:58)
	at java.base/java.util.concurrent.FutureTask.run(FutureTask.java:264)
	at java.base/java.util.concurrent.ThreadPoolExecutor.runWorker(ThreadPoolExecutor.java:1136)
	at java.base/java.util.concurrent.ThreadPoolExecutor$Worker.run(ThreadPoolExecutor.java:635)
	at java.base/java.lang.Thread.run(Thread.java:833)

[logsAndroid_Samsung INFO ] 2023-12-21 14:45:18.737 BaseTest:161 - video path: videos\Android_Samsung\2023-12-21-14-36-40\AppointmentsTest\IDA4_2385_verifycancelAppointmentSaveButton.mp4
[logsAndroid_Samsung INFO ] 2023-12-21 14:45:20.106 AppointmentsTest:26 - 
****** starting test:IDA4_2388_verifyScheduleAppointmentScreenIsDisplayed******

[logsAndroid_Samsung ERROR] 2023-12-21 14:47:08.488 TestListener:33 - org.openqa.selenium.WebDriverException: An unknown server-side error occurred while processing the command. Original error: Timed out after 37798ms waiting for the root AccessibilityNodeInfo in the active window. Make sure the active window is not constantly hogging the main UI thread (e.g. the application is being idle long enough), so the accessibility manager could do its work
Build info: version: '4.13.0', revision: 'ba948ece5b*'
System info: os.name: 'Windows 10', os.arch: 'amd64', os.version: '10.0', java.version: '17.0.8.1'
Driver info: io.appium.java_client.android.AndroidDriver
Command: [7c304fed-f5e0-43b9-8cb2-ed7e480abe8f, findElement {using=accessibility id, value=Home Fragment Appointment Icon ImageView}]
Capabilities {appium:automationName: UiAutomator2, appium:avd: Samsung, appium:avdLaunchTimeout: 120000, appium:databaseEnabled: false, appium:desired: {automationName: UiAutomator2, avd: Samsung, avdLaunchTimeout: 120000, deviceName: Samsung, platformName: ANDROID, systemPort: 10000, udid: emulator-5554}, appium:deviceApiLevel: 31, appium:deviceManufacturer: Google, appium:deviceModel: sdk_gphone64_x86_64, appium:deviceName: emulator-5554, appium:deviceScreenDensity: 440, appium:deviceScreenSize: 1080x2340, appium:deviceUDID: emulator-5554, appium:javascriptEnabled: true, appium:locationContextEnabled: false, appium:networkConnectionEnabled: true, appium:pixelRatio: 2.75, appium:platformVersion: 12, appium:statBarHeight: 66, appium:systemPort: 10000, appium:takesScreenshot: true, appium:udid: emulator-5554, appium:viewportRect: {height: 2142, left: 0, top: 66, width: 1080}, appium:warnings: {}, appium:webStorageEnabled: false, platformName: ANDROID}
Session ID: 7c304fed-f5e0-43b9-8cb2-ed7e480abe8f
	at java.base/jdk.internal.reflect.NativeConstructorAccessorImpl.newInstance0(Native Method)
	at java.base/jdk.internal.reflect.NativeConstructorAccessorImpl.newInstance(NativeConstructorAccessorImpl.java:77)
	at java.base/jdk.internal.reflect.DelegatingConstructorAccessorImpl.newInstance(DelegatingConstructorAccessorImpl.java:45)
	at java.base/java.lang.reflect.Constructor.newInstanceWithCaller(Constructor.java:499)
	at java.base/java.lang.reflect.Constructor.newInstance(Constructor.java:480)
	at org.openqa.selenium.remote.codec.w3c.W3CHttpResponseCodec.createException(W3CHttpResponseCodec.java:200)
	at org.openqa.selenium.remote.codec.w3c.W3CHttpResponseCodec.decode(W3CHttpResponseCodec.java:133)
	at org.openqa.selenium.remote.codec.w3c.W3CHttpResponseCodec.decode(W3CHttpResponseCodec.java:52)
	at org.openqa.selenium.remote.HttpCommandExecutor.execute(HttpCommandExecutor.java:191)
	at io.appium.java_client.remote.AppiumCommandExecutor.execute(AppiumCommandExecutor.java:250)
	at org.openqa.selenium.remote.RemoteWebDriver.execute(RemoteWebDriver.java:602)
	at org.openqa.selenium.remote.ElementLocation$ElementFinder$2.findElement(ElementLocation.java:165)
	at org.openqa.selenium.remote.ElementLocation.findElement(ElementLocation.java:59)
	at org.openqa.selenium.remote.RemoteWebDriver.findElement(RemoteWebDriver.java:359)
	at org.openqa.selenium.remote.RemoteWebDriver.findElement(RemoteWebDriver.java:353)
	at io.appium.java_client.pagefactory.bys.builder.ByChained.lambda$getSearchingFunction$0(ByChained.java:41)
	at org.openqa.selenium.support.ui.FluentWait.until(FluentWait.java:205)
	at io.appium.java_client.pagefactory.bys.builder.ByChained.findElement(ByChained.java:75)
	at org.openqa.selenium.remote.ElementLocation$ElementFinder$1.findElement(ElementLocation.java:139)
	at org.openqa.selenium.remote.ElementLocation.findElement(ElementLocation.java:59)
	at org.openqa.selenium.remote.RemoteWebDriver.findElement(RemoteWebDriver.java:359)
	at org.openqa.selenium.remote.RemoteWebDriver.findElement(RemoteWebDriver.java:353)
	at io.appium.java_client.pagefactory.bys.ContentMappedBy.findElement(ContentMappedBy.java:53)
	at org.openqa.selenium.remote.ElementLocation$ElementFinder$1.findElement(ElementLocation.java:139)
	at org.openqa.selenium.remote.ElementLocation.findElement(ElementLocation.java:59)
	at org.openqa.selenium.remote.RemoteWebDriver.findElement(RemoteWebDriver.java:359)
	at org.openqa.selenium.remote.RemoteWebDriver.findElement(RemoteWebDriver.java:353)
	at io.appium.java_client.pagefactory.AppiumElementLocator.lambda$findElement$1(AppiumElementLocator.java:160)
	at io.appium.java_client.pagefactory.AppiumElementLocator$WaitingFunction.apply(AppiumElementLocator.java:217)
	at io.appium.java_client.pagefactory.AppiumElementLocator$WaitingFunction.apply(AppiumElementLocator.java:210)
	at org.openqa.selenium.support.ui.FluentWait.until(FluentWait.java:205)
	at io.appium.java_client.pagefactory.AppiumElementLocator.waitFor(AppiumElementLocator.java:135)
	at io.appium.java_client.pagefactory.AppiumElementLocator.findElement(AppiumElementLocator.java:160)
	at io.appium.java_client.pagefactory.interceptors.InterceptorOfASingleElement.call(InterceptorOfASingleElement.java:64)
	at io.appium.java_client.proxy.Interceptor.intercept(Interceptor.java:78)
	at org.openqa.selenium.remote.RemoteWebElement$ByteBuddy$zblZtcky.isDisplayed(Unknown Source)
	at org.openqa.selenium.support.ui.ExpectedConditions.elementIfVisible(ExpectedConditions.java:304)
	at org.openqa.selenium.support.ui.ExpectedConditions.access$000(ExpectedConditions.java:37)
	at org.openqa.selenium.support.ui.ExpectedConditions$10.apply(ExpectedConditions.java:290)
	at org.openqa.selenium.support.ui.ExpectedConditions$10.apply(ExpectedConditions.java:287)
	at org.openqa.selenium.support.ui.FluentWait.until(FluentWait.java:205)
	at com.intelehealth.base.BaseTest.waitForVisibility(BaseTest.java:335)
	at com.intelehealth.base.BaseTest.click(BaseTest.java:440)
	at com.intelehealth.pages.AppointmentsPage.verifySchedulaAppointmentPageIsDisplayed(AppointmentsPage.java:707)
	at com.intelehealth.tests.AppointmentsTest.IDA4_2388_verifyScheduleAppointmentScreenIsDisplayed(AppointmentsTest.java:109)
	at java.base/jdk.internal.reflect.NativeMethodAccessorImpl.invoke0(Native Method)
	at java.base/jdk.internal.reflect.NativeMethodAccessorImpl.invoke(NativeMethodAccessorImpl.java:77)
	at java.base/jdk.internal.reflect.DelegatingMethodAccessorImpl.invoke(DelegatingMethodAccessorImpl.java:43)
	at java.base/java.lang.reflect.Method.invoke(Method.java:568)
	at org.testng.internal.invokers.MethodInvocationHelper.invokeMethod(MethodInvocationHelper.java:139)
	at org.testng.internal.invokers.TestInvoker.invokeMethod(TestInvoker.java:664)
	at org.testng.internal.invokers.TestInvoker.invokeTestMethod(TestInvoker.java:227)
	at org.testng.internal.invokers.MethodRunner.runInSequence(MethodRunner.java:50)
	at org.testng.internal.invokers.TestInvoker$MethodInvocationAgent.invoke(TestInvoker.java:957)
	at org.testng.internal.invokers.TestInvoker.invokeTestMethods(TestInvoker.java:200)
	at org.testng.internal.invokers.TestMethodWorker.invokeTestMethods(TestMethodWorker.java:148)
	at org.testng.internal.invokers.TestMethodWorker.run(TestMethodWorker.java:128)
	at java.base/java.util.ArrayList.forEach(ArrayList.java:1511)
	at org.testng.TestRunner.privateRun(TestRunner.java:848)
	at org.testng.TestRunner.run(TestRunner.java:621)
	at org.testng.SuiteRunner.runTest(SuiteRunner.java:443)
	at org.testng.SuiteRunner$SuiteWorker.run(SuiteRunner.java:481)
	at org.testng.internal.thread.ThreadUtil.lambda$execute$0(ThreadUtil.java:58)
	at java.base/java.util.concurrent.FutureTask.run(FutureTask.java:264)
	at java.base/java.util.concurrent.ThreadPoolExecutor.runWorker(ThreadPoolExecutor.java:1136)
	at java.base/java.util.concurrent.ThreadPoolExecutor$Worker.run(ThreadPoolExecutor.java:635)
	at java.base/java.lang.Thread.run(Thread.java:833)

[logsAndroid_Samsung INFO ] 2023-12-21 14:47:12.986 BaseTest:161 - video path: videos\Android_Samsung\2023-12-21-14-36-40\AppointmentsTest\IDA4_2388_verifyScheduleAppointmentScreenIsDisplayed.mp4
[logsAndroid_Samsung INFO ] 2023-12-21 14:47:14.543 AppointmentsTest:26 - 
****** starting test:IDA4_2386_verifyCancelledAppointment******

[logsAndroid_Samsung INFO ] 2023-12-21 14:48:51.095 BaseTest:161 - video path: videos\Android_Samsung\2023-12-21-14-36-40\AppointmentsTest\IDA4_2386_verifyCancelledAppointment.mp4
[logsAndroid_Samsung INFO ] 2023-12-21 14:48:52.116 AppointmentsTest:26 - 
****** starting test:IDA4_2375_verifyCancelledSection******

[logsAndroid_Samsung ERROR] 2023-12-21 14:50:29.843 TestListener:33 - java.lang.NumberFormatException: For input string: "Cancelled (0)"
	at java.base/java.lang.NumberFormatException.forInputString(NumberFormatException.java:67)
	at java.base/java.lang.Integer.parseInt(Integer.java:668)
	at java.base/java.lang.Integer.parseInt(Integer.java:786)
	at com.intelehealth.pages.AppointmentsPage.verifyCancelledSection(AppointmentsPage.java:812)
	at com.intelehealth.tests.AppointmentsTest.IDA4_2375_verifyCancelledSection(AppointmentsTest.java:118)
	at java.base/jdk.internal.reflect.NativeMethodAccessorImpl.invoke0(Native Method)
	at java.base/jdk.internal.reflect.NativeMethodAccessorImpl.invoke(NativeMethodAccessorImpl.java:77)
	at java.base/jdk.internal.reflect.DelegatingMethodAccessorImpl.invoke(DelegatingMethodAccessorImpl.java:43)
	at java.base/java.lang.reflect.Method.invoke(Method.java:568)
	at org.testng.internal.invokers.MethodInvocationHelper.invokeMethod(MethodInvocationHelper.java:139)
	at org.testng.internal.invokers.TestInvoker.invokeMethod(TestInvoker.java:664)
	at org.testng.internal.invokers.TestInvoker.invokeTestMethod(TestInvoker.java:227)
	at org.testng.internal.invokers.MethodRunner.runInSequence(MethodRunner.java:50)
	at org.testng.internal.invokers.TestInvoker$MethodInvocationAgent.invoke(TestInvoker.java:957)
	at org.testng.internal.invokers.TestInvoker.invokeTestMethods(TestInvoker.java:200)
	at org.testng.internal.invokers.TestMethodWorker.invokeTestMethods(TestMethodWorker.java:148)
	at org.testng.internal.invokers.TestMethodWorker.run(TestMethodWorker.java:128)
	at java.base/java.util.ArrayList.forEach(ArrayList.java:1511)
	at org.testng.TestRunner.privateRun(TestRunner.java:848)
	at org.testng.TestRunner.run(TestRunner.java:621)
	at org.testng.SuiteRunner.runTest(SuiteRunner.java:443)
	at org.testng.SuiteRunner$SuiteWorker.run(SuiteRunner.java:481)
	at org.testng.internal.thread.ThreadUtil.lambda$execute$0(ThreadUtil.java:58)
	at java.base/java.util.concurrent.FutureTask.run(FutureTask.java:264)
	at java.base/java.util.concurrent.ThreadPoolExecutor.runWorker(ThreadPoolExecutor.java:1136)
	at java.base/java.util.concurrent.ThreadPoolExecutor$Worker.run(ThreadPoolExecutor.java:635)
	at java.base/java.lang.Thread.run(Thread.java:833)

[logsAndroid_Samsung INFO ] 2023-12-21 14:50:33.144 BaseTest:161 - video path: videos\Android_Samsung\2023-12-21-14-36-40\AppointmentsTest\IDA4_2375_verifyCancelledSection.mp4
[logsAndroid_Samsung INFO ] 2023-12-21 14:50:34.111 AppointmentsTest:26 - 
****** starting test:IDA4_2371_verifyRescheduledAppointmentDisplaysUnderTodaysTabOfUpcomingSection******

[logsAndroid_Samsung ERROR] 2023-12-21 14:52:26.170 TestListener:33 - org.openqa.selenium.WebDriverException: An unknown server-side error occurred while processing the command. Original error: Timed out after 37772ms waiting for the root AccessibilityNodeInfo in the active window. Make sure the active window is not constantly hogging the main UI thread (e.g. the application is being idle long enough), so the accessibility manager could do its work
Build info: version: '4.13.0', revision: 'ba948ece5b*'
System info: os.name: 'Windows 10', os.arch: 'amd64', os.version: '10.0', java.version: '17.0.8.1'
Driver info: io.appium.java_client.android.AndroidDriver
Command: [7c304fed-f5e0-43b9-8cb2-ed7e480abe8f, findElement {using=id, value=org.intelehealth.app:id/ivInternetCustomToolbar}]
Capabilities {appium:automationName: UiAutomator2, appium:avd: Samsung, appium:avdLaunchTimeout: 120000, appium:databaseEnabled: false, appium:desired: {automationName: UiAutomator2, avd: Samsung, avdLaunchTimeout: 120000, deviceName: Samsung, platformName: ANDROID, systemPort: 10000, udid: emulator-5554}, appium:deviceApiLevel: 31, appium:deviceManufacturer: Google, appium:deviceModel: sdk_gphone64_x86_64, appium:deviceName: emulator-5554, appium:deviceScreenDensity: 440, appium:deviceScreenSize: 1080x2340, appium:deviceUDID: emulator-5554, appium:javascriptEnabled: true, appium:locationContextEnabled: false, appium:networkConnectionEnabled: true, appium:pixelRatio: 2.75, appium:platformVersion: 12, appium:statBarHeight: 66, appium:systemPort: 10000, appium:takesScreenshot: true, appium:udid: emulator-5554, appium:viewportRect: {height: 2142, left: 0, top: 66, width: 1080}, appium:warnings: {}, appium:webStorageEnabled: false, platformName: ANDROID}
Session ID: 7c304fed-f5e0-43b9-8cb2-ed7e480abe8f
	at java.base/jdk.internal.reflect.NativeConstructorAccessorImpl.newInstance0(Native Method)
	at java.base/jdk.internal.reflect.NativeConstructorAccessorImpl.newInstance(NativeConstructorAccessorImpl.java:77)
	at java.base/jdk.internal.reflect.DelegatingConstructorAccessorImpl.newInstance(DelegatingConstructorAccessorImpl.java:45)
	at java.base/java.lang.reflect.Constructor.newInstanceWithCaller(Constructor.java:499)
	at java.base/java.lang.reflect.Constructor.newInstance(Constructor.java:480)
	at org.openqa.selenium.remote.codec.w3c.W3CHttpResponseCodec.createException(W3CHttpResponseCodec.java:200)
	at org.openqa.selenium.remote.codec.w3c.W3CHttpResponseCodec.decode(W3CHttpResponseCodec.java:133)
	at org.openqa.selenium.remote.codec.w3c.W3CHttpResponseCodec.decode(W3CHttpResponseCodec.java:52)
	at org.openqa.selenium.remote.HttpCommandExecutor.execute(HttpCommandExecutor.java:191)
	at io.appium.java_client.remote.AppiumCommandExecutor.execute(AppiumCommandExecutor.java:250)
	at org.openqa.selenium.remote.RemoteWebDriver.execute(RemoteWebDriver.java:602)
	at org.openqa.selenium.remote.ElementLocation$ElementFinder$2.findElement(ElementLocation.java:165)
	at org.openqa.selenium.remote.ElementLocation.findElement(ElementLocation.java:59)
	at org.openqa.selenium.remote.RemoteWebDriver.findElement(RemoteWebDriver.java:359)
	at org.openqa.selenium.remote.RemoteWebDriver.findElement(RemoteWebDriver.java:353)
	at io.appium.java_client.pagefactory.bys.builder.ByChained.lambda$getSearchingFunction$0(ByChained.java:41)
	at org.openqa.selenium.support.ui.FluentWait.until(FluentWait.java:205)
	at io.appium.java_client.pagefactory.bys.builder.ByChained.findElement(ByChained.java:75)
	at org.openqa.selenium.remote.ElementLocation$ElementFinder$1.findElement(ElementLocation.java:139)
	at org.openqa.selenium.remote.ElementLocation.findElement(ElementLocation.java:59)
	at org.openqa.selenium.remote.RemoteWebDriver.findElement(RemoteWebDriver.java:359)
	at org.openqa.selenium.remote.RemoteWebDriver.findElement(RemoteWebDriver.java:353)
	at io.appium.java_client.pagefactory.bys.ContentMappedBy.findElement(ContentMappedBy.java:53)
	at org.openqa.selenium.remote.ElementLocation$ElementFinder$1.findElement(ElementLocation.java:139)
	at org.openqa.selenium.remote.ElementLocation.findElement(ElementLocation.java:59)
	at org.openqa.selenium.remote.RemoteWebDriver.findElement(RemoteWebDriver.java:359)
	at org.openqa.selenium.remote.RemoteWebDriver.findElement(RemoteWebDriver.java:353)
	at io.appium.java_client.pagefactory.AppiumElementLocator.lambda$findElement$1(AppiumElementLocator.java:160)
	at io.appium.java_client.pagefactory.AppiumElementLocator$WaitingFunction.apply(AppiumElementLocator.java:217)
	at io.appium.java_client.pagefactory.AppiumElementLocator$WaitingFunction.apply(AppiumElementLocator.java:210)
	at org.openqa.selenium.support.ui.FluentWait.until(FluentWait.java:205)
	at io.appium.java_client.pagefactory.AppiumElementLocator.waitFor(AppiumElementLocator.java:135)
	at io.appium.java_client.pagefactory.AppiumElementLocator.findElement(AppiumElementLocator.java:160)
	at io.appium.java_client.pagefactory.interceptors.InterceptorOfASingleElement.call(InterceptorOfASingleElement.java:64)
	at io.appium.java_client.proxy.Interceptor.intercept(Interceptor.java:78)
	at org.openqa.selenium.remote.RemoteWebElement$ByteBuddy$qbAdBZ7M.isDisplayed(Unknown Source)
	at org.openqa.selenium.support.ui.ExpectedConditions.elementIfVisible(ExpectedConditions.java:304)
	at org.openqa.selenium.support.ui.ExpectedConditions.access$000(ExpectedConditions.java:37)
	at org.openqa.selenium.support.ui.ExpectedConditions$10.apply(ExpectedConditions.java:290)
	at org.openqa.selenium.support.ui.ExpectedConditions$10.apply(ExpectedConditions.java:287)
	at org.openqa.selenium.support.ui.FluentWait.until(FluentWait.java:205)
	at com.intelehealth.base.BaseTest.waitForVisibility(BaseTest.java:335)
	at com.intelehealth.base.BaseTest.click(BaseTest.java:372)
	at com.intelehealth.pages.AppointmentsPage.refreshAppointments(AppointmentsPage.java:820)
	at com.intelehealth.pages.AppointmentsPage.verifyRescheduledAppointmentDisplaysUnderTodaysTabOfUpcomingSection(AppointmentsPage.java:1212)
	at com.intelehealth.tests.AppointmentsTest.IDA4_2371_verifyRescheduledAppointmentDisplaysUnderTodaysTabOfUpcomingSection(AppointmentsTest.java:194)
	at java.base/jdk.internal.reflect.NativeMethodAccessorImpl.invoke0(Native Method)
	at java.base/jdk.internal.reflect.NativeMethodAccessorImpl.invoke(NativeMethodAccessorImpl.java:77)
	at java.base/jdk.internal.reflect.DelegatingMethodAccessorImpl.invoke(DelegatingMethodAccessorImpl.java:43)
	at java.base/java.lang.reflect.Method.invoke(Method.java:568)
	at org.testng.internal.invokers.MethodInvocationHelper.invokeMethod(MethodInvocationHelper.java:139)
	at org.testng.internal.invokers.TestInvoker.invokeMethod(TestInvoker.java:664)
	at org.testng.internal.invokers.TestInvoker.invokeTestMethod(TestInvoker.java:227)
	at org.testng.internal.invokers.MethodRunner.runInSequence(MethodRunner.java:50)
	at org.testng.internal.invokers.TestInvoker$MethodInvocationAgent.invoke(TestInvoker.java:957)
	at org.testng.internal.invokers.TestInvoker.invokeTestMethods(TestInvoker.java:200)
	at org.testng.internal.invokers.TestMethodWorker.invokeTestMethods(TestMethodWorker.java:148)
	at org.testng.internal.invokers.TestMethodWorker.run(TestMethodWorker.java:128)
	at java.base/java.util.ArrayList.forEach(ArrayList.java:1511)
	at org.testng.TestRunner.privateRun(TestRunner.java:848)
	at org.testng.TestRunner.run(TestRunner.java:621)
	at org.testng.SuiteRunner.runTest(SuiteRunner.java:443)
	at org.testng.SuiteRunner$SuiteWorker.run(SuiteRunner.java:481)
	at org.testng.internal.thread.ThreadUtil.lambda$execute$0(ThreadUtil.java:58)
	at java.base/java.util.concurrent.FutureTask.run(FutureTask.java:264)
	at java.base/java.util.concurrent.ThreadPoolExecutor.runWorker(ThreadPoolExecutor.java:1136)
	at java.base/java.util.concurrent.ThreadPoolExecutor$Worker.run(ThreadPoolExecutor.java:635)
	at java.base/java.lang.Thread.run(Thread.java:833)

[logsAndroid_Samsung INFO ] 2023-12-21 14:52:28.688 BaseTest:161 - video path: videos\Android_Samsung\2023-12-21-14-36-40\AppointmentsTest\IDA4_2371_verifyRescheduledAppointmentDisplaysUnderTodaysTabOfUpcomingSection.mp4
[logsAndroid_Samsung INFO ] 2023-12-21 14:59:19.532 BaseTest:271 - log path: logs\Android_Samsung
[logsAndroid_Samsung INFO ] 2023-12-21 14:59:19.548 BaseTest:277 - load config.properties
[logsAndroid_Samsung INFO ] 2023-12-21 14:59:33.152 BaseTest:315 - driver initialized: AndroidDriver:  on ANDROID (e039f4ed-8f0c-4bc9-b285-3158aea34be2)
[logsAndroid_Samsung INFO ] 2023-12-21 14:59:34.241 AppointmentsTest:26 - 
****** starting test:IDA4_2374_verifyCountOfCancelledTab******

[logsAndroid_Samsung INFO ] 2023-12-21 15:00:46.762 BaseTest:161 - video path: videos\Android_Samsung\2023-12-21-14-59-19\AppointmentsTest\IDA4_2374_verifyCountOfCancelledTab.mp4
[logsAndroid_Samsung INFO ] 2023-12-21 15:00:47.781 AppointmentsTest:26 - 
****** starting test:IDA4_2373_verifyCancelledTab******

[logsAndroid_Samsung ERROR] 2023-12-21 15:02:46.110 TestListener:33 - java.lang.AssertionError: Completed count and completed title count don't match expected [Completed (0)] but found [0]
	at org.testng.Assert.fail(Assert.java:111)
	at org.testng.Assert.failNotEquals(Assert.java:1578)
	at org.testng.Assert.assertEqualsImpl(Assert.java:150)
	at org.testng.Assert.assertEquals(Assert.java:132)
	at org.testng.Assert.assertEquals(Assert.java:656)
	at com.intelehealth.pages.AppointmentsPage.verifyCancelledTabFunctionality(AppointmentsPage.java:514)
	at com.intelehealth.tests.AppointmentsTest.IDA4_2373_verifyCancelledTab(AppointmentsTest.java:82)
	at java.base/jdk.internal.reflect.NativeMethodAccessorImpl.invoke0(Native Method)
	at java.base/jdk.internal.reflect.NativeMethodAccessorImpl.invoke(NativeMethodAccessorImpl.java:77)
	at java.base/jdk.internal.reflect.DelegatingMethodAccessorImpl.invoke(DelegatingMethodAccessorImpl.java:43)
	at java.base/java.lang.reflect.Method.invoke(Method.java:568)
	at org.testng.internal.invokers.MethodInvocationHelper.invokeMethod(MethodInvocationHelper.java:139)
	at org.testng.internal.invokers.TestInvoker.invokeMethod(TestInvoker.java:664)
	at org.testng.internal.invokers.TestInvoker.invokeTestMethod(TestInvoker.java:227)
	at org.testng.internal.invokers.MethodRunner.runInSequence(MethodRunner.java:50)
	at org.testng.internal.invokers.TestInvoker$MethodInvocationAgent.invoke(TestInvoker.java:957)
	at org.testng.internal.invokers.TestInvoker.invokeTestMethods(TestInvoker.java:200)
	at org.testng.internal.invokers.TestMethodWorker.invokeTestMethods(TestMethodWorker.java:148)
	at org.testng.internal.invokers.TestMethodWorker.run(TestMethodWorker.java:128)
	at java.base/java.util.ArrayList.forEach(ArrayList.java:1511)
	at org.testng.TestRunner.privateRun(TestRunner.java:848)
	at org.testng.TestRunner.run(TestRunner.java:621)
	at org.testng.SuiteRunner.runTest(SuiteRunner.java:443)
	at org.testng.SuiteRunner$SuiteWorker.run(SuiteRunner.java:481)
	at org.testng.internal.thread.ThreadUtil.lambda$execute$0(ThreadUtil.java:58)
	at java.base/java.util.concurrent.FutureTask.run(FutureTask.java:264)
	at java.base/java.util.concurrent.ThreadPoolExecutor.runWorker(ThreadPoolExecutor.java:1136)
	at java.base/java.util.concurrent.ThreadPoolExecutor$Worker.run(ThreadPoolExecutor.java:635)
	at java.base/java.lang.Thread.run(Thread.java:833)

[logsAndroid_Samsung INFO ] 2023-12-21 15:02:48.771 BaseTest:161 - video path: videos\Android_Samsung\2023-12-21-14-59-19\AppointmentsTest\IDA4_2373_verifyCancelledTab.mp4
[logsAndroid_Samsung INFO ] 2023-12-21 15:02:49.571 AppointmentsTest:26 - 
****** starting test:IDA4_2380_verifyCancelAppointment******

[logsAndroid_Samsung INFO ] 2023-12-21 15:03:49.490 BaseTest:161 - video path: videos\Android_Samsung\2023-12-21-14-59-19\AppointmentsTest\IDA4_2380_verifyCancelAppointment.mp4
[logsAndroid_Samsung INFO ] 2023-12-21 15:03:50.458 AppointmentsTest:26 - 
****** starting test:IDA4_2382_verifyYesButtonFunctionality******

[logsAndroid_Samsung INFO ] 2023-12-21 15:05:10.544 BaseTest:161 - video path: videos\Android_Samsung\2023-12-21-14-59-19\AppointmentsTest\IDA4_2382_verifyYesButtonFunctionality.mp4
[logsAndroid_Samsung INFO ] 2023-12-21 15:05:11.606 AppointmentsTest:26 - 
****** starting test:IDA4_2391_verifyCompletedTabFunctionality******

[logsAndroid_Samsung INFO ] 2023-12-21 15:06:17.516 BaseTest:161 - video path: videos\Android_Samsung\2023-12-21-14-59-19\AppointmentsTest\IDA4_2391_verifyCompletedTabFunctionality.mp4
[logsAndroid_Samsung INFO ] 2023-12-21 15:06:19.015 AppointmentsTest:26 - 
****** starting test:IDA4_2385_verifycancelAppointmentSaveButton******

[logsAndroid_Samsung INFO ] 2023-12-21 15:10:37.254 BaseTest:271 - log path: logs\Android_Samsung
[logsAndroid_Samsung INFO ] 2023-12-21 15:10:37.262 BaseTest:277 - load config.properties
[logsAndroid_Samsung INFO ] 2023-12-21 15:10:48.345 BaseTest:315 - driver initialized: AndroidDriver:  on ANDROID (b109dd01-686f-4537-bd2b-1b16c386a00c)
[logsAndroid_Samsung INFO ] 2023-12-21 15:10:49.425 StartVisit3And4StepsTest:32 - 
****** starting test:IDA4_2652_verifyPatientHistoryScreenChangeButton******

[logsAndroid_Samsung INFO ] 2023-12-21 15:11:46.664 StartVisit3And4StepsTest:62 - Handling app permissions and completing app setup
[logsAndroid_Samsung INFO ] 2023-12-21 16:03:17.776 BaseTest:272 - log path: logs\Android_Samsung
[logsAndroid_Samsung INFO ] 2023-12-21 16:03:17.786 BaseTest:278 - load config.properties
[logsAndroid_Samsung INFO ] 2023-12-21 16:03:28.362 BaseTest:317 - driver initialized: AndroidDriver:  on ANDROID (ee29f6f8-9bec-4bbe-bd2a-6835bc3ef7ec)
[logsAndroid_Samsung INFO ] 2023-12-21 16:03:29.264 StartVisit3And4StepsTest:35 - 
****** starting test:IDA4_2652_verifyPatientHistoryScreenChangeButton******

[logsAndroid_Samsung INFO ] 2023-12-21 16:04:46.118 StartVisit3And4StepsTest:65 - Handling app permissions and completing app setup
[logsAndroid_Samsung INFO ] 2023-12-21 16:07:55.416 BaseTest:272 - log path: logs\Android_Samsung
[logsAndroid_Samsung INFO ] 2023-12-21 16:07:55.425 BaseTest:278 - load config.properties
[logsAndroid_Samsung INFO ] 2023-12-21 16:08:05.497 BaseTest:317 - driver initialized: AndroidDriver:  on ANDROID (50c1b898-96c7-4c71-904a-3e0d4cf7a2dc)
[logsAndroid_Samsung INFO ] 2023-12-21 16:08:06.320 StartVisit3And4StepsTest:35 - 
****** starting test:IDA4_2652_verifyPatientHistoryScreenChangeButton******

[logsAndroid_Samsung INFO ] 2023-12-21 16:11:24.318 BaseTest:272 - log path: logs\Android_Samsung
[logsAndroid_Samsung INFO ] 2023-12-21 16:11:24.325 BaseTest:278 - load config.properties
[logsAndroid_Samsung FATAL] 2023-12-21 16:11:27.846 BaseTest:319 - driver initialization failure. ABORT!!!
org.openqa.selenium.SessionNotCreatedException: Could not start a new session. Response code 500. Message: An unknown server-side error occurred while processing the command. Original error: UiAutomator2 Server cannot start because the local port #10000 is busy. Make sure the port you provide via 'systemPort' capability is not occupied. This situation might often be a result of an inaccurate sessions management, e.g. old automation sessions on the same device must always be closed before starting new ones. 
Host info: host: 'DESKTOP-LAAIDQD', ip: '192.168.43.151'
Build info: version: '4.13.0', revision: 'ba948ece5b*'
System info: os.name: 'Windows 10', os.arch: 'amd64', os.version: '10.0', java.version: '17.0.8.1'
Driver info: io.appium.java_client.android.AndroidDriver
Command: [null, newSession {capabilities=[{appium:automationName=UiAutomator2, appium:avd=Samsung, appium:avdLaunchTimeout=120000, appium:deviceName=Samsung, platformName=ANDROID, appium:systemPort=10000, appium:udid=emulator-5554}], desiredCapabilities=Capabilities {automationName: UiAutomator2, avd: Samsung, avdLaunchTimeout: 120000, deviceName: Samsung, platformName: ANDROID, systemPort: 10000, udid: emulator-5554}}]
Capabilities {automationName: UiAutomator2, avd: Samsung, avdLaunchTimeout: 120000, deviceName: Samsung, platformName: ANDROID, systemPort: 10000, udid: emulator-5554}
[logsAndroid_Samsung INFO ] 2023-12-21 16:11:38.741 BaseTest:272 - log path: logs\Android_Samsung
[logsAndroid_Samsung INFO ] 2023-12-21 16:11:38.755 BaseTest:278 - load config.properties
[logsAndroid_Samsung INFO ] 2023-12-21 16:11:49.561 BaseTest:317 - driver initialized: AndroidDriver:  on ANDROID (99676310-6dd8-4bf0-8364-e087910e2d1b)
[logsAndroid_Samsung INFO ] 2023-12-21 16:11:50.680 StartVisit3And4StepsTest:35 - 
****** starting test:IDA4_2652_verifyPatientHistoryScreenChangeButton******

[logsAndroid_Samsung INFO ] 2023-12-21 16:15:57.824 StartVisit3And4StepsTest:65 - Handling app permissions and completing app setup
[logsAndroid_Samsung INFO ] 2023-12-21 16:17:55.878 StartVisit3And4StepsTest:75 - Registering a patient with provided details
[logsAndroid_Samsung INFO ] 2023-12-21 16:18:10.600 StartVisit3And4StepsTest:86 - Entering patient vitals details
[logsAndroid_Samsung INFO ] 2023-12-21 16:18:11.600 StartVisit3And4StepsTest:89 - Clicking on the 'Next' button after entering the first set of vitals
[logsAndroid_Samsung INFO ] 2023-12-21 16:18:12.825 StartVisit3And4StepsTest:93 - Clicking on the 'Confirm' button to confirm the entered vitals
[logsAndroid_Samsung INFO ] 2023-12-21 16:18:24.782 StartVisit3And4StepsTest:97 - Scrolling to the HyperTension section on the page
[logsAndroid_Samsung INFO ] 2023-12-21 16:18:29.065 StartVisit3And4StepsTest:101 - Selecting and confirming the visit reason as Hypertension
[logsAndroid_Samsung INFO ] 2023-12-21 16:29:22.368 BaseTest:272 - log path: logs\Android_Samsung
[logsAndroid_Samsung INFO ] 2023-12-21 16:29:22.381 BaseTest:278 - load config.properties
[logsAndroid_Samsung INFO ] 2023-12-21 16:29:33.543 BaseTest:317 - driver initialized: AndroidDriver:  on ANDROID (a38a327a-10e1-41a0-9e14-067007ac2e85)
[logsAndroid_Samsung INFO ] 2023-12-21 16:29:34.423 StartVisit3And4StepsTest:35 - 
****** starting test:IDA4_2652_verifyPatientHistoryScreenChangeButton******

[logsAndroid_Samsung INFO ] 2023-12-21 16:30:33.786 StartVisit3And4StepsTest:65 - Handling app permissions and completing app setup
[logsAndroid_Samsung INFO ] 2023-12-21 16:32:42.527 BaseTest:272 - log path: logs\Android_Samsung
[logsAndroid_Samsung INFO ] 2023-12-21 16:32:42.543 BaseTest:278 - load config.properties
[logsAndroid_Samsung INFO ] 2023-12-21 16:32:54.472 BaseTest:317 - driver initialized: AndroidDriver:  on ANDROID (f90dedcf-2fcc-4590-bc88-72dce01df2d7)
[logsAndroid_Samsung INFO ] 2023-12-21 16:32:55.324 StartVisit3And4StepsTest:35 - 
****** starting test:IDA4_2652_verifyPatientHistoryScreenChangeButton******

[logsAndroid_Samsung INFO ] 2023-12-21 16:33:50.479 StartVisit3And4StepsTest:65 - Handling app permissions and completing app setup
[logsAndroid_Samsung INFO ] 2023-12-21 16:41:56.239 BaseTest:272 - log path: logs\Android_Samsung
[logsAndroid_Samsung INFO ] 2023-12-21 16:41:56.254 BaseTest:278 - load config.properties
[logsAndroid_Samsung INFO ] 2023-12-21 16:42:06.351 BaseTest:317 - driver initialized: AndroidDriver:  on ANDROID (f258aed9-b8ee-468e-87a5-b830ecb41f80)
[logsAndroid_Samsung INFO ] 2023-12-21 16:42:07.160 StartVisit3And4StepsTest:35 - 
****** starting test:IDA4_2652_verifyPatientHistoryScreenChangeButton******

[logsAndroid_Samsung INFO ] 2023-12-21 16:42:58.704 StartVisit3And4StepsTest:65 - Handling app permissions and completing app setup
[logsAndroid_Samsung INFO ] 2023-12-21 16:45:45.384 StartVisit3And4StepsTest:75 - Registering a patient with provided details
[logsAndroid_Samsung INFO ] 2023-12-21 16:45:58.077 StartVisit3And4StepsTest:86 - Entering patient vitals details
[logsAndroid_Samsung INFO ] 2023-12-21 16:45:58.787 StartVisit3And4StepsTest:89 - Clicking on the 'Next' button after entering the first set of vitals
[logsAndroid_Samsung INFO ] 2023-12-21 16:45:59.920 StartVisit3And4StepsTest:93 - Clicking on the 'Confirm' button to confirm the entered vitals
[logsAndroid_Samsung INFO ] 2023-12-21 16:46:09.457 StartVisit3And4StepsTest:97 - Scrolling to the HyperTension section on the page
[logsAndroid_Samsung INFO ] 2023-12-21 16:46:12.552 StartVisit3And4StepsTest:101 - Selecting and confirming the visit reason as Hypertension
[logsAndroid_Samsung INFO ] 2023-12-21 16:46:46.752 StartVisit3And4StepsTest:105 - Handling the Hypertension-related visit questions
[logsAndroid_Samsung INFO ] 2023-12-21 16:46:47.055 StartVisit3And4StepsTest:108 - Verifying that the 'Associated Symptoms' title is displayed on the page
[logsAndroid_Samsung INFO ] 2023-12-21 16:46:47.423 StartVisit3And4StepsTest:112 - Selecting 'No' for the first associated symptom
[logsAndroid_Samsung INFO ] 2023-12-21 16:46:50.346 StartVisit3And4StepsTest:116 - Clicking on the main 'Submit' button for associated symptoms
[logsAndroid_Samsung INFO ] 2023-12-21 16:46:51.303 StartVisit3And4StepsTest:120 - Clicking on the 'Confirm' button on the visit reason summary screen
[logsAndroid_Samsung INFO ] 2023-12-21 16:46:52.551 StartVisit3And4StepsTest:124 - Clicking on the 'Okay' button to proceed
[logsAndroid_Samsung INFO ] 2023-12-21 16:46:53.172 BaseTest:355 - One of Six Questions is displayed
[logsAndroid_Samsung INFO ] 2023-12-21 16:46:53.400 BaseTest:375 - Clicked on Yes option for One of Six Questions
[logsAndroid_Samsung INFO ] 2023-12-21 16:46:55.693 BaseTest:355 - Two of Six Questions is displayed
[logsAndroid_Samsung INFO ] 2023-12-21 16:46:55.984 BaseTest:375 - Clicked on Normal option for Two of Six Questions
[logsAndroid_Samsung INFO ] 2023-12-21 16:46:58.006 BaseTest:355 - Three of Six Questions is displayed
[logsAndroid_Samsung INFO ] 2023-12-21 16:46:58.310 BaseTest:375 - Clicked on Normal option for Three of Six Questions
[logsAndroid_Samsung INFO ] 2023-12-21 16:50:39.312 BaseTest:355 - Four of Six Questions is displayed
[logsAndroid_Samsung INFO ] 2023-12-21 16:50:39.593 BaseTest:375 - Clicked on Nails are Normal option for Four of Six Questions
[logsAndroid_Samsung INFO ] 2023-12-21 16:50:41.860 BaseTest:355 - Five of Six Questions is displayed
[logsAndroid_Samsung INFO ] 2023-12-21 16:50:42.148 BaseTest:375 - Clicked on Nails are Normal option for Five of Six Questions
[logsAndroid_Samsung INFO ] 2023-12-21 16:50:44.449 BaseTest:355 - Six of Six Questions is displayed
[logsAndroid_Samsung INFO ] 2023-12-21 16:50:44.764 BaseTest:375 - Clicked on No Oedema option for Six of Six Questions
[logsAndroid_Samsung INFO ] 2023-12-21 16:50:47.725 BaseTest:355 - Physical Examination Summary Header is displayed
[logsAndroid_Samsung INFO ] 2023-12-21 16:50:48.076 BaseTest:375 - Clicked on Confirm Button
[logsAndroid_Samsung INFO ] 2023-12-21 16:50:49.880 BaseTest:355 - Medical history question 1 is displayed
[logsAndroid_Samsung INFO ] 2023-12-21 16:50:50.091 BaseTest:355 - Pregnancy status question is displayed
[logsAndroid_Samsung INFO ] 2023-12-21 16:50:50.354 BaseTest:375 - Clicked on 'No' for pregnancy status
[logsAndroid_Samsung INFO ] 2023-12-21 16:50:52.126 BaseTest:355 - Medical history question 2 is displayed
[logsAndroid_Samsung INFO ] 2023-12-21 16:50:52.392 BaseTest:355 - Allergy question is displayed
[logsAndroid_Samsung INFO ] 2023-12-21 16:50:52.663 BaseTest:375 - Clicked on 'No Known Allergies'
[logsAndroid_Samsung INFO ] 2023-12-21 16:50:54.636 BaseTest:355 - Medical history question 3 is displayed
[logsAndroid_Samsung INFO ] 2023-12-21 16:50:54.917 BaseTest:355 - Alcohol consumption question is displayed
[logsAndroid_Samsung INFO ] 2023-12-21 16:50:55.212 BaseTest:375 - Clicked on 'No' for alcohol consumption
[logsAndroid_Samsung INFO ] 2023-12-21 16:50:57.566 BaseTest:355 - Medical history question 4 is displayed
[logsAndroid_Samsung INFO ] 2023-12-21 16:50:57.865 BaseTest:355 - Smoking question is displayed
[logsAndroid_Samsung INFO ] 2023-12-21 16:50:58.144 BaseTest:375 - Clicked on 'Never Smoker'
[logsAndroid_Samsung INFO ] 2023-12-21 16:51:00.453 BaseTest:355 - Medical history question 5 is displayed
[logsAndroid_Samsung INFO ] 2023-12-21 16:51:00.734 BaseTest:355 - Medicine question is displayed
[logsAndroid_Samsung INFO ] 2023-12-21 16:51:00.993 BaseTest:375 - Clicked on 'No' for medicine history
[logsAndroid_Samsung INFO ] 2023-12-21 16:51:03.361 BaseTest:355 - Medical history question 6 is displayed
[logsAndroid_Samsung INFO ] 2023-12-21 16:51:03.623 BaseTest:355 - History question is displayed
[logsAndroid_Samsung INFO ] 2023-12-21 16:51:03.914 BaseTest:375 - Clicked on 'None' for history
[logsAndroid_Samsung INFO ] 2023-12-21 16:51:06.206 BaseTest:375 - Clicked on Submit for history
[logsAndroid_Samsung INFO ] 2023-12-21 16:51:08.523 BaseTest:375 - Clicked on 'Other' option
[logsAndroid_Samsung INFO ] 2023-12-21 16:51:11.823 BaseTest:375 - Clicked on Submit button
[logsAndroid_Samsung INFO ] 2023-12-21 16:51:14.229 BaseTest:355 - Medical History Summary Screen Header is displayed
[logsAndroid_Samsung INFO ] 2023-12-21 16:51:14.487 BaseTest:375 - Clicked on Patient History Change Button
[logsAndroid_Samsung INFO ] 2023-12-21 16:51:16.593 BaseTest:355 - Medical History Header is displayed
[logsAndroid_Samsung INFO ] 2023-12-21 16:51:20.164 BaseTest:162 - video path: videos\Android_Samsung\2023-12-21-16-41-56\StartVisit3And4StepsTest\IDA4_2652_verifyPatientHistoryScreenChangeButton.mp4
[logsAndroid_Samsung INFO ] 2023-12-21 16:51:20.956 StartVisit3And4StepsTest:35 - 
****** starting test:IDA4_2653_verifyFamilyHistoryScreenChangeButton******

[logsAndroid_Samsung INFO ] 2023-12-21 16:52:03.653 StartVisit3And4StepsTest:65 - Handling app permissions and completing app setup
[logsAndroid_Samsung INFO ] 2023-12-21 16:59:05.886 BaseTest:272 - log path: logs\Android_Samsung
[logsAndroid_Samsung INFO ] 2023-12-21 16:59:05.896 BaseTest:278 - load config.properties
[logsAndroid_Samsung INFO ] 2023-12-21 16:59:13.760 BaseTest:317 - driver initialized: AndroidDriver:  on ANDROID (b206b25b-32dc-49a8-8218-f3719fd8ee71)
[logsAndroid_Samsung INFO ] 2023-12-21 16:59:14.600 StartVisit3And4StepsTest:35 - 
****** starting test:IDA4_2652_verifyPatientHistoryScreenChangeButton******

[logsAndroid_Samsung INFO ] 2023-12-21 17:00:06.530 StartVisit3And4StepsTest:65 - Handling app permissions and completing app setup
[logsAndroid_Samsung INFO ] 2023-12-21 17:10:38.808 BaseTest:272 - log path: logs\Android_Samsung
[logsAndroid_Samsung INFO ] 2023-12-21 17:10:38.816 BaseTest:278 - load config.properties
[logsAndroid_Samsung INFO ] 2023-12-21 17:10:47.212 BaseTest:317 - driver initialized: AndroidDriver:  on ANDROID (c9c181b8-820e-4b40-aa40-60213bacb13f)
[logsAndroid_Samsung INFO ] 2023-12-21 17:10:47.946 StartVisit3And4StepsTest:35 - 
****** starting test:IDA4_2652_verifyPatientHistoryScreenChangeButton******

[logsAndroid_Samsung INFO ] 2023-12-21 17:11:41.571 StartVisit3And4StepsTest:65 - Handling app permissions and completing app setup
[logsAndroid_Samsung INFO ] 2023-12-21 17:13:41.580 BaseTest:272 - log path: logs\Android_Samsung
[logsAndroid_Samsung INFO ] 2023-12-21 17:13:41.588 BaseTest:278 - load config.properties
[logsAndroid_Samsung INFO ] 2023-12-21 17:13:49.300 BaseTest:317 - driver initialized: AndroidDriver:  on ANDROID (6053c565-5f7d-4344-b724-b7d406b7b40a)
[logsAndroid_Samsung INFO ] 2023-12-21 17:13:50.025 StartVisit3And4StepsTest:35 - 
****** starting test:IDA4_2652_verifyPatientHistoryScreenChangeButton******

[logsAndroid_Samsung INFO ] 2023-12-21 17:14:40.505 StartVisit3And4StepsTest:65 - Handling app permissions and completing app setup
[logsAndroid_Samsung INFO ] 2023-12-21 17:15:54.280 BaseTest:272 - log path: logs\Android_Samsung
[logsAndroid_Samsung INFO ] 2023-12-21 17:15:54.289 BaseTest:278 - load config.properties
[logsAndroid_Samsung INFO ] 2023-12-21 17:16:02.180 BaseTest:317 - driver initialized: AndroidDriver:  on ANDROID (8152cbb7-4589-4e46-85f1-f6da45048feb)
[logsAndroid_Samsung INFO ] 2023-12-21 17:16:02.959 StartVisit3And4StepsTest:35 - 
****** starting test:IDA4_2652_verifyPatientHistoryScreenChangeButton******

[logsAndroid_Samsung INFO ] 2023-12-21 17:16:54.342 StartVisit3And4StepsTest:65 - Handling app permissions and completing app setup
[logsAndroid_Samsung INFO ] 2023-12-21 17:19:36.324 StartVisit3And4StepsTest:75 - Registering a patient with provided details
[logsAndroid_Samsung INFO ] 2023-12-21 17:19:49.666 StartVisit3And4StepsTest:86 - Entering patient vitals details
[logsAndroid_Samsung INFO ] 2023-12-21 17:19:50.387 StartVisit3And4StepsTest:89 - Clicking on the 'Next' button after entering the first set of vitals
[logsAndroid_Samsung INFO ] 2023-12-21 17:19:51.646 StartVisit3And4StepsTest:93 - Clicking on the 'Confirm' button to confirm the entered vitals
[logsAndroid_Samsung INFO ] 2023-12-21 17:20:01.090 StartVisit3And4StepsTest:97 - Scrolling to the HyperTension section on the page
[logsAndroid_Samsung INFO ] 2023-12-21 17:20:05.391 StartVisit3And4StepsTest:101 - Selecting and confirming the visit reason as Hypertension
[logsAndroid_Samsung INFO ] 2023-12-21 17:20:38.795 StartVisit3And4StepsTest:105 - Handling the Hypertension-related visit questions
[logsAndroid_Samsung INFO ] 2023-12-21 17:20:39.159 StartVisit3And4StepsTest:108 - Verifying that the 'Associated Symptoms' title is displayed on the page
[logsAndroid_Samsung INFO ] 2023-12-21 17:20:39.529 StartVisit3And4StepsTest:112 - Selecting 'No' for the first associated symptom
[logsAndroid_Samsung INFO ] 2023-12-21 17:20:43.221 StartVisit3And4StepsTest:116 - Clicking on the main 'Submit' button for associated symptoms
[logsAndroid_Samsung INFO ] 2023-12-21 17:20:43.504 StartVisit3And4StepsTest:120 - Clicking on the 'Confirm' button on the visit reason summary screen
[logsAndroid_Samsung INFO ] 2023-12-21 17:20:44.708 StartVisit3And4StepsTest:124 - Clicking on the 'Okay' button to proceed
[logsAndroid_Samsung INFO ] 2023-12-21 17:20:45.393 BaseTest:355 - One of Six Questions is displayed
[logsAndroid_Samsung INFO ] 2023-12-21 17:20:45.647 BaseTest:375 - Clicked on Yes option for One of Six Questions
[logsAndroid_Samsung INFO ] 2023-12-21 17:20:47.909 BaseTest:355 - Two of Six Questions is displayed
[logsAndroid_Samsung INFO ] 2023-12-21 17:20:48.203 BaseTest:375 - Clicked on Normal option for Two of Six Questions
[logsAndroid_Samsung INFO ] 2023-12-21 17:20:50.210 BaseTest:355 - Three of Six Questions is displayed
[logsAndroid_Samsung INFO ] 2023-12-21 17:20:50.537 BaseTest:375 - Clicked on Normal option for Three of Six Questions
[logsAndroid_Samsung INFO ] 2023-12-21 17:20:52.841 BaseTest:355 - Four of Six Questions is displayed
[logsAndroid_Samsung INFO ] 2023-12-21 17:20:53.104 BaseTest:375 - Clicked on Nails are Normal option for Four of Six Questions
[logsAndroid_Samsung INFO ] 2023-12-21 17:20:55.393 BaseTest:355 - Five of Six Questions is displayed
[logsAndroid_Samsung INFO ] 2023-12-21 17:20:55.653 BaseTest:375 - Clicked on Nails are Normal option for Five of Six Questions
[logsAndroid_Samsung INFO ] 2023-12-21 17:20:57.945 BaseTest:355 - Six of Six Questions is displayed
[logsAndroid_Samsung INFO ] 2023-12-21 17:20:58.260 BaseTest:375 - Clicked on No Oedema option for Six of Six Questions
[logsAndroid_Samsung INFO ] 2023-12-21 17:21:01.258 BaseTest:355 - Physical Examination Summary Header is displayed
[logsAndroid_Samsung INFO ] 2023-12-21 17:21:01.587 BaseTest:375 - Clicked on Confirm Button
[logsAndroid_Samsung INFO ] 2023-12-21 17:21:03.344 BaseTest:355 - Medical history question 1 is displayed
[logsAndroid_Samsung INFO ] 2023-12-21 17:21:03.561 BaseTest:355 - Pregnancy status question is displayed
[logsAndroid_Samsung INFO ] 2023-12-21 17:21:03.797 BaseTest:375 - Clicked on 'No' for pregnancy status
[logsAndroid_Samsung INFO ] 2023-12-21 17:21:05.601 BaseTest:355 - Medical history question 2 is displayed
[logsAndroid_Samsung INFO ] 2023-12-21 17:21:05.883 BaseTest:355 - Allergy question is displayed
[logsAndroid_Samsung INFO ] 2023-12-21 17:21:06.127 BaseTest:375 - Clicked on 'No Known Allergies'
[logsAndroid_Samsung INFO ] 2023-12-21 17:21:08.112 BaseTest:355 - Medical history question 3 is displayed
[logsAndroid_Samsung INFO ] 2023-12-21 17:21:08.454 BaseTest:355 - Alcohol consumption question is displayed
[logsAndroid_Samsung INFO ] 2023-12-21 17:21:08.773 BaseTest:375 - Clicked on 'No' for alcohol consumption
[logsAndroid_Samsung INFO ] 2023-12-21 17:21:11.113 BaseTest:355 - Medical history question 4 is displayed
[logsAndroid_Samsung INFO ] 2023-12-21 17:21:11.440 BaseTest:355 - Smoking question is displayed
[logsAndroid_Samsung INFO ] 2023-12-21 17:21:11.738 BaseTest:375 - Clicked on 'Never Smoker'
[logsAndroid_Samsung INFO ] 2023-12-21 17:21:14.009 BaseTest:355 - Medical history question 5 is displayed
[logsAndroid_Samsung INFO ] 2023-12-21 17:21:14.300 BaseTest:355 - Medicine question is displayed
[logsAndroid_Samsung INFO ] 2023-12-21 17:21:14.607 BaseTest:375 - Clicked on 'No' for medicine history
[logsAndroid_Samsung INFO ] 2023-12-21 17:21:16.949 BaseTest:355 - Medical history question 6 is displayed
[logsAndroid_Samsung INFO ] 2023-12-21 17:21:17.248 BaseTest:355 - History question is displayed
[logsAndroid_Samsung INFO ] 2023-12-21 17:21:17.547 BaseTest:375 - Clicked on 'None' for history
[logsAndroid_Samsung INFO ] 2023-12-21 17:21:19.818 BaseTest:375 - Clicked on Submit for history
[logsAndroid_Samsung INFO ] 2023-12-21 17:21:22.165 BaseTest:375 - Clicked on 'Other' option
[logsAndroid_Samsung INFO ] 2023-12-21 17:21:25.584 BaseTest:375 - Clicked on Submit button
[logsAndroid_Samsung INFO ] 2023-12-21 17:21:27.866 BaseTest:355 - Medical History Summary Screen Header is displayed
[logsAndroid_Samsung INFO ] 2023-12-21 17:21:28.148 BaseTest:375 - Clicked on Patient History Change Button
[logsAndroid_Samsung INFO ] 2023-12-21 17:21:30.237 BaseTest:355 - Medical History Header is displayed
[logsAndroid_Samsung INFO ] 2023-12-21 17:21:33.820 BaseTest:162 - video path: videos\Android_Samsung\2023-12-21-17-15-54\StartVisit3And4StepsTest\IDA4_2652_verifyPatientHistoryScreenChangeButton.mp4
[logsAndroid_Samsung INFO ] 2023-12-21 17:21:34.595 StartVisit3And4StepsTest:35 - 
****** starting test:IDA4_2653_verifyFamilyHistoryScreenChangeButton******

[logsAndroid_Samsung INFO ] 2023-12-21 17:22:14.947 StartVisit3And4StepsTest:65 - Handling app permissions and completing app setup
[logsAndroid_Samsung INFO ] 2023-12-21 17:37:36.467 BaseTest:272 - log path: logs\Android_Samsung
[logsAndroid_Samsung INFO ] 2023-12-21 17:37:36.477 BaseTest:278 - load config.properties
[logsAndroid_Samsung INFO ] 2023-12-21 17:37:44.106 BaseTest:317 - driver initialized: AndroidDriver:  on ANDROID (d31d213a-ae29-4f4b-9fd7-6c36c2506639)
[logsAndroid_Samsung INFO ] 2023-12-21 17:37:44.900 StartVisit3And4StepsTest:35 - 
****** starting test:IDA4_2652_verifyPatientHistoryScreenChangeButton******

[logsAndroid_Samsung INFO ] 2023-12-21 17:38:35.436 StartVisit3And4StepsTest:65 - Handling app permissions and completing app setup
[logsAndroid_Samsung INFO ] 2023-12-21 17:40:41.410 BaseTest:272 - log path: logs\Android_Samsung
[logsAndroid_Samsung INFO ] 2023-12-21 17:40:41.418 BaseTest:278 - load config.properties
[logsAndroid_Samsung INFO ] 2023-12-21 17:40:48.990 BaseTest:317 - driver initialized: AndroidDriver:  on ANDROID (0c41a3d4-591d-4309-a688-dbdf497da421)
[logsAndroid_Samsung INFO ] 2023-12-21 17:40:49.746 StartVisit3And4StepsTest:35 - 
****** starting test:IDA4_2652_verifyPatientHistoryScreenChangeButton******

[logsAndroid_Samsung INFO ] 2023-12-21 17:41:41.174 StartVisit3And4StepsTest:65 - Handling app permissions and completing app setup
[logsAndroid_Samsung INFO ] 2023-12-21 17:44:23.830 StartVisit3And4StepsTest:75 - Registering a patient with provided details
[logsAndroid_Samsung INFO ] 2023-12-21 17:44:36.629 StartVisit3And4StepsTest:86 - Entering patient vitals details
[logsAndroid_Samsung INFO ] 2023-12-21 17:44:37.308 StartVisit3And4StepsTest:89 - Clicking on the 'Next' button after entering the first set of vitals
[logsAndroid_Samsung INFO ] 2023-12-21 17:44:38.406 StartVisit3And4StepsTest:93 - Clicking on the 'Confirm' button to confirm the entered vitals
[logsAndroid_Samsung INFO ] 2023-12-21 17:44:46.043 StartVisit3And4StepsTest:97 - Scrolling to the HyperTension section on the page
[logsAndroid_Samsung INFO ] 2023-12-21 17:44:49.189 StartVisit3And4StepsTest:101 - Selecting and confirming the visit reason as Hypertension
[logsAndroid_Samsung INFO ] 2023-12-21 17:45:23.532 StartVisit3And4StepsTest:105 - Handling the Hypertension-related visit questions
[logsAndroid_Samsung INFO ] 2023-12-21 17:45:23.994 StartVisit3And4StepsTest:108 - Verifying that the 'Associated Symptoms' title is displayed on the page
[logsAndroid_Samsung INFO ] 2023-12-21 17:45:24.489 StartVisit3And4StepsTest:112 - Selecting 'No' for the first associated symptom
[logsAndroid_Samsung INFO ] 2023-12-21 17:45:28.023 StartVisit3And4StepsTest:116 - Clicking on the main 'Submit' button for associated symptoms
[logsAndroid_Samsung INFO ] 2023-12-21 17:45:28.304 StartVisit3And4StepsTest:120 - Clicking on the 'Confirm' button on the visit reason summary screen
[logsAndroid_Samsung INFO ] 2023-12-21 17:45:29.499 StartVisit3And4StepsTest:124 - Clicking on the 'Okay' button to proceed
[logsAndroid_Samsung INFO ] 2023-12-21 17:45:30.203 BaseTest:355 - One of Six Questions is displayed
[logsAndroid_Samsung INFO ] 2023-12-21 17:45:30.430 BaseTest:375 - Clicked on Yes option for One of Six Questions
[logsAndroid_Samsung INFO ] 2023-12-21 17:45:32.736 BaseTest:355 - Two of Six Questions is displayed
[logsAndroid_Samsung INFO ] 2023-12-21 17:45:33.036 BaseTest:375 - Clicked on Normal option for Two of Six Questions
[logsAndroid_Samsung INFO ] 2023-12-21 17:45:35.016 BaseTest:355 - Three of Six Questions is displayed
[logsAndroid_Samsung INFO ] 2023-12-21 17:45:35.268 BaseTest:375 - Clicked on Normal option for Three of Six Questions
[logsAndroid_Samsung INFO ] 2023-12-21 17:45:37.590 BaseTest:355 - Four of Six Questions is displayed
[logsAndroid_Samsung INFO ] 2023-12-21 17:45:37.886 BaseTest:375 - Clicked on Nails are Normal option for Four of Six Questions
[logsAndroid_Samsung INFO ] 2023-12-21 17:45:40.150 BaseTest:355 - Five of Six Questions is displayed
[logsAndroid_Samsung INFO ] 2023-12-21 17:45:40.446 BaseTest:375 - Clicked on Nails are Normal option for Five of Six Questions
[logsAndroid_Samsung INFO ] 2023-12-21 17:45:42.710 BaseTest:355 - Six of Six Questions is displayed
[logsAndroid_Samsung INFO ] 2023-12-21 17:45:42.949 BaseTest:375 - Clicked on No Oedema option for Six of Six Questions
[logsAndroid_Samsung INFO ] 2023-12-21 17:45:45.920 BaseTest:355 - Physical Examination Summary Header is displayed
[logsAndroid_Samsung INFO ] 2023-12-21 17:45:46.289 BaseTest:375 - Clicked on Confirm Button
[logsAndroid_Samsung INFO ] 2023-12-21 17:45:48.082 BaseTest:355 - Medical history question 1 is displayed
[logsAndroid_Samsung INFO ] 2023-12-21 17:45:48.306 BaseTest:355 - Pregnancy status question is displayed
[logsAndroid_Samsung INFO ] 2023-12-21 17:45:48.503 BaseTest:375 - Clicked on 'No' for pregnancy status
[logsAndroid_Samsung INFO ] 2023-12-21 17:45:50.241 BaseTest:355 - Medical history question 2 is displayed
[logsAndroid_Samsung INFO ] 2023-12-21 17:45:50.486 BaseTest:355 - Allergy question is displayed
[logsAndroid_Samsung INFO ] 2023-12-21 17:45:50.712 BaseTest:375 - Clicked on 'No Known Allergies'
[logsAndroid_Samsung INFO ] 2023-12-21 17:45:52.667 BaseTest:355 - Medical history question 3 is displayed
[logsAndroid_Samsung INFO ] 2023-12-21 17:45:52.925 BaseTest:355 - Alcohol consumption question is displayed
[logsAndroid_Samsung INFO ] 2023-12-21 17:45:53.183 BaseTest:375 - Clicked on 'No' for alcohol consumption
[logsAndroid_Samsung INFO ] 2023-12-21 17:45:55.504 BaseTest:355 - Medical history question 4 is displayed
[logsAndroid_Samsung INFO ] 2023-12-21 17:45:55.768 BaseTest:355 - Smoking question is displayed
[logsAndroid_Samsung INFO ] 2023-12-21 17:45:56.044 BaseTest:375 - Clicked on 'Never Smoker'
[logsAndroid_Samsung INFO ] 2023-12-21 17:45:58.317 BaseTest:355 - Medical history question 5 is displayed
[logsAndroid_Samsung INFO ] 2023-12-21 17:45:58.553 BaseTest:355 - Medicine question is displayed
[logsAndroid_Samsung INFO ] 2023-12-21 17:45:58.807 BaseTest:375 - Clicked on 'No' for medicine history
[logsAndroid_Samsung INFO ] 2023-12-21 17:46:01.189 BaseTest:355 - Medical history question 6 is displayed
[logsAndroid_Samsung INFO ] 2023-12-21 17:46:01.455 BaseTest:355 - History question is displayed
[logsAndroid_Samsung INFO ] 2023-12-21 17:46:01.722 BaseTest:375 - Clicked on 'None' for history
[logsAndroid_Samsung INFO ] 2023-12-21 17:46:04.035 BaseTest:375 - Clicked on Submit for history
[logsAndroid_Samsung INFO ] 2023-12-21 17:46:06.363 BaseTest:375 - Clicked on 'Other' option
[logsAndroid_Samsung ERROR] 2023-12-21 17:46:07.610 TestListener:33 - org.openqa.selenium.InvalidElementStateException: Cannot set the element to 'Testing'. Did you interact with the correct element?
Build info: version: '4.13.0', revision: 'ba948ece5b*'
System info: os.name: 'Windows 10', os.arch: 'amd64', os.version: '10.0', java.version: '17.0.8.1'
Driver info: io.appium.java_client.android.AndroidDriver
Command: [0c41a3d4-591d-4309-a688-dbdf497da421, sendKeysToElement {id=00000000-0000-024f-ffff-ffff00000a48, value=[Ljava.lang.CharSequence;@dd706c9}]
Capabilities {appium:automationName: UiAutomator2, appium:avd: Samsung, appium:avdLaunchTimeout: 120000, appium:databaseEnabled: false, appium:desired: {automationName: UiAutomator2, avd: Samsung, avdLaunchTimeout: 120000, deviceName: Samsung, platformName: ANDROID, systemPort: 10000, udid: emulator-5554}, appium:deviceApiLevel: 31, appium:deviceManufacturer: Google, appium:deviceModel: sdk_gphone64_x86_64, appium:deviceName: emulator-5554, appium:deviceScreenDensity: 440, appium:deviceScreenSize: 1080x2340, appium:deviceUDID: emulator-5554, appium:javascriptEnabled: true, appium:locationContextEnabled: false, appium:networkConnectionEnabled: true, appium:pixelRatio: 2.75, appium:platformVersion: 12, appium:statBarHeight: 66, appium:systemPort: 10000, appium:takesScreenshot: true, appium:udid: emulator-5554, appium:viewportRect: {height: 2142, left: 0, top: 66, width: 1080}, appium:warnings: {}, appium:webStorageEnabled: false, platformName: ANDROID}
Element: [[AndroidDriver:  on ANDROID (0c41a3d4-591d-4309-a688-dbdf497da421)] -> accessibility id: Visit Reason Input Text Enter Value EditText]
Session ID: 0c41a3d4-591d-4309-a688-dbdf497da421
	at java.base/jdk.internal.reflect.NativeConstructorAccessorImpl.newInstance0(Native Method)
	at java.base/jdk.internal.reflect.NativeConstructorAccessorImpl.newInstance(NativeConstructorAccessorImpl.java:77)
	at java.base/jdk.internal.reflect.DelegatingConstructorAccessorImpl.newInstance(DelegatingConstructorAccessorImpl.java:45)
	at java.base/java.lang.reflect.Constructor.newInstanceWithCaller(Constructor.java:499)
	at java.base/java.lang.reflect.Constructor.newInstance(Constructor.java:480)
	at org.openqa.selenium.remote.codec.w3c.W3CHttpResponseCodec.createException(W3CHttpResponseCodec.java:200)
	at org.openqa.selenium.remote.codec.w3c.W3CHttpResponseCodec.decode(W3CHttpResponseCodec.java:133)
	at org.openqa.selenium.remote.codec.w3c.W3CHttpResponseCodec.decode(W3CHttpResponseCodec.java:52)
	at org.openqa.selenium.remote.HttpCommandExecutor.execute(HttpCommandExecutor.java:191)
	at io.appium.java_client.remote.AppiumCommandExecutor.execute(AppiumCommandExecutor.java:250)
	at org.openqa.selenium.remote.RemoteWebDriver.execute(RemoteWebDriver.java:602)
	at org.openqa.selenium.remote.RemoteWebElement.execute(RemoteWebElement.java:224)
	at org.openqa.selenium.remote.RemoteWebElement.sendKeys(RemoteWebElement.java:111)
	at jdk.internal.reflect.GeneratedMethodAccessor24.invoke(Unknown Source)
	at java.base/jdk.internal.reflect.DelegatingMethodAccessorImpl.invoke(DelegatingMethodAccessorImpl.java:43)
	at java.base/java.lang.reflect.Method.invoke(Method.java:568)
	at io.appium.java_client.pagefactory.ElementInterceptor.getObject(ElementInterceptor.java:42)
	at io.appium.java_client.pagefactory.interceptors.InterceptorOfASingleElement.call(InterceptorOfASingleElement.java:65)
	at io.appium.java_client.proxy.Interceptor.intercept(Interceptor.java:78)
	at org.openqa.selenium.remote.RemoteWebElement$ByteBuddy$A9kfHnqh.sendKeys(Unknown Source)
	at com.intelehealth.base.BaseTest.sendKeys(BaseTest.java:455)
	at com.intelehealth.pages.StartVisit3And4StepsPage.enterDataInTextBoxAndSubmit(StartVisit3And4StepsPage.java:835)
	at com.intelehealth.tests.StartVisit3And4StepsTest.IDA4_2652_verifyPatientHistoryScreenChangeButton(StartVisit3And4StepsTest.java:310)
	at java.base/jdk.internal.reflect.NativeMethodAccessorImpl.invoke0(Native Method)
	at java.base/jdk.internal.reflect.NativeMethodAccessorImpl.invoke(NativeMethodAccessorImpl.java:77)
	at java.base/jdk.internal.reflect.DelegatingMethodAccessorImpl.invoke(DelegatingMethodAccessorImpl.java:43)
	at java.base/java.lang.reflect.Method.invoke(Method.java:568)
	at org.testng.internal.invokers.MethodInvocationHelper.invokeMethod(MethodInvocationHelper.java:139)
	at org.testng.internal.invokers.TestInvoker.invokeMethod(TestInvoker.java:664)
	at org.testng.internal.invokers.TestInvoker.invokeTestMethod(TestInvoker.java:227)
	at org.testng.internal.invokers.MethodRunner.runInSequence(MethodRunner.java:50)
	at org.testng.internal.invokers.TestInvoker$MethodInvocationAgent.invoke(TestInvoker.java:957)
	at org.testng.internal.invokers.TestInvoker.invokeTestMethods(TestInvoker.java:200)
	at org.testng.internal.invokers.TestMethodWorker.invokeTestMethods(TestMethodWorker.java:148)
	at org.testng.internal.invokers.TestMethodWorker.run(TestMethodWorker.java:128)
	at java.base/java.util.ArrayList.forEach(ArrayList.java:1511)
	at org.testng.TestRunner.privateRun(TestRunner.java:848)
	at org.testng.TestRunner.run(TestRunner.java:621)
	at org.testng.SuiteRunner.runTest(SuiteRunner.java:443)
	at org.testng.SuiteRunner$SuiteWorker.run(SuiteRunner.java:481)
	at org.testng.internal.thread.ThreadUtil.lambda$execute$0(ThreadUtil.java:58)
	at java.base/java.util.concurrent.FutureTask.run(FutureTask.java:264)
	at java.base/java.util.concurrent.ThreadPoolExecutor.runWorker(ThreadPoolExecutor.java:1136)
	at java.base/java.util.concurrent.ThreadPoolExecutor$Worker.run(ThreadPoolExecutor.java:635)
	at java.base/java.lang.Thread.run(Thread.java:833)

[logsAndroid_Samsung INFO ] 2023-12-21 17:46:11.425 BaseTest:162 - video path: videos\Android_Samsung\2023-12-21-17-40-41\StartVisit3And4StepsTest\IDA4_2652_verifyPatientHistoryScreenChangeButton.mp4
[logsAndroid_Samsung INFO ] 2023-12-21 17:46:12.162 StartVisit3And4StepsTest:35 - 
****** starting test:IDA4_2653_verifyFamilyHistoryScreenChangeButton******

[logsAndroid_Samsung INFO ] 2023-12-21 17:46:53.385 StartVisit3And4StepsTest:65 - Handling app permissions and completing app setup
[logsAndroid_Samsung INFO ] 2023-12-21 17:48:37.248 BaseTest:272 - log path: logs\Android_Samsung
[logsAndroid_Samsung INFO ] 2023-12-21 17:48:37.256 BaseTest:278 - load config.properties
[logsAndroid_Samsung INFO ] 2023-12-21 17:48:45.052 BaseTest:317 - driver initialized: AndroidDriver:  on ANDROID (8ffa36d9-c41a-4f3b-afa4-0151b4695be1)
[logsAndroid_Samsung INFO ] 2023-12-21 17:48:45.834 StartVisit3And4StepsTest:35 - 
****** starting test:IDA4_2652_verifyPatientHistoryScreenChangeButton******

[logsAndroid_Samsung INFO ] 2023-12-21 17:49:36.394 StartVisit3And4StepsTest:65 - Handling app permissions and completing app setup
[logsAndroid_Samsung INFO ] 2023-12-21 17:55:27.223 BaseTest:272 - log path: logs\Android_Samsung
[logsAndroid_Samsung INFO ] 2023-12-21 17:55:27.232 BaseTest:278 - load config.properties
[logsAndroid_Samsung INFO ] 2023-12-21 17:55:34.836 BaseTest:317 - driver initialized: AndroidDriver:  on ANDROID (6fed5651-fbb3-44da-adab-17de298e6ccf)
[logsAndroid_Samsung INFO ] 2023-12-21 17:55:35.619 StartVisit3And4StepsTest:35 - 
****** starting test:IDA4_2652_verifyPatientHistoryScreenChangeButton******

[logsAndroid_Samsung INFO ] 2023-12-21 17:56:27.677 StartVisit3And4StepsTest:65 - Handling app permissions and completing app setup
[logsAndroid_Samsung INFO ] 2023-12-21 18:00:27.550 BaseTest:272 - log path: logs\Android_Samsung
[logsAndroid_Samsung INFO ] 2023-12-21 18:00:27.560 BaseTest:278 - load config.properties
[logsAndroid_Samsung INFO ] 2023-12-21 18:00:36.497 BaseTest:317 - driver initialized: AndroidDriver:  on ANDROID (0560982d-f551-459b-afc9-d084cd297586)
[logsAndroid_Samsung INFO ] 2023-12-21 18:00:37.283 StartVisit3And4StepsTest:35 - 
****** starting test:IDA4_2652_verifyPatientHistoryScreenChangeButton******

[logsAndroid_Samsung INFO ] 2023-12-21 18:01:34.091 StartVisit3And4StepsTest:65 - Handling app permissions and completing app setup
[logsAndroid_Samsung INFO ] 2023-12-21 18:05:38.309 BaseTest:272 - log path: logs\Android_Samsung
[logsAndroid_Samsung INFO ] 2023-12-21 18:05:38.323 BaseTest:278 - load config.properties
[logsAndroid_Samsung INFO ] 2023-12-21 18:05:48.414 BaseTest:317 - driver initialized: AndroidDriver:  on ANDROID (6801c64b-ea99-486b-be8a-62515398b166)
[logsAndroid_Samsung INFO ] 2023-12-21 18:05:49.203 StartVisit3And4StepsTest:35 - 
****** starting test:IDA4_2652_verifyPatientHistoryScreenChangeButton******

[logsAndroid_Samsung INFO ] 2023-12-21 18:06:42.238 StartVisit3And4StepsTest:65 - Handling app permissions and completing app setup
[logsAndroid_Samsung INFO ] 2023-12-21 18:09:33.127 BaseTest:272 - log path: logs\Android_Samsung
[logsAndroid_Samsung INFO ] 2023-12-21 18:09:33.144 BaseTest:278 - load config.properties
[logsAndroid_Samsung INFO ] 2023-12-21 18:09:41.133 BaseTest:317 - driver initialized: AndroidDriver:  on ANDROID (912a3c9d-417b-4154-b6ae-5adf2a76f2b8)
[logsAndroid_Samsung INFO ] 2023-12-21 18:09:41.923 StartVisit3And4StepsTest:35 - 
****** starting test:IDA4_2652_verifyPatientHistoryScreenChangeButton******

[logsAndroid_Samsung INFO ] 2023-12-21 18:10:31.827 StartVisit3And4StepsTest:65 - Handling app permissions and completing app setup
[logsAndroid_Samsung INFO ] 2023-12-21 18:56:38.967 BaseTest:272 - log path: logs\Android_Samsung
[logsAndroid_Samsung INFO ] 2023-12-21 18:56:38.979 BaseTest:278 - load config.properties
[logsAndroid_Samsung INFO ] 2023-12-21 18:56:47.964 BaseTest:317 - driver initialized: AndroidDriver:  on ANDROID (bb4f3d5b-9a9a-49b0-804b-ca18c2118c99)
[logsAndroid_Samsung INFO ] 2023-12-21 18:56:48.766 StartVisit3And4StepsTest:35 - 
****** starting test:IDA4_2652_verifyPatientHistoryScreenChangeButton******

[logsAndroid_Samsung INFO ] 2023-12-21 18:57:47.064 StartVisit3And4StepsTest:65 - Handling app permissions and completing app setup
